season,team,season_type,games,completions,attempts,passing_yards,passing_tds,passing_interceptions,sacks_suffered,sack_yards_lost,sack_fumbles,sack_fumbles_lost,passing_air_yards,passing_yards_after_catch,passing_first_downs,passing_epa,passing_cpoe,passing_2pt_conversions,passing_10,passing_16,passing_20,passing_40,carries,rushing_yards,rushing_tds,rushing_fumbles,rushing_fumbles_lost,rushing_first_downs,rushing_epa,rushing_2pt_conversions,rushing_10,rushing_12,rushing_20,rushing_40,receptions,targets,receiving_yards,receiving_tds,receiving_fumbles,receiving_fumbles_lost,receiving_air_yards,receiving_yards_after_catch,receiving_first_downs,receiving_epa,receiving_2pt_conversions,receiving_10,receiving_16,receiving_20,receiving_40,special_teams_tds,def_tackles_solo,def_tackles_with_assist,def_tackle_assists,def_tackles_for_loss,def_tackles_for_loss_yards,def_fumbles_forced,def_sacks,def_sack_yards,def_qb_hits,def_interceptions,def_interception_yards,def_pass_defended,def_tds,def_fumbles,def_safeties,misc_yards,fumble_recovery_own,fumble_recovery_yards_own,fumble_recovery_opp,fumble_recovery_yards_opp,fumble_recovery_tds,penalties,penalty_yards,timeouts,fumbles_forced_by_opp,fumbles_not_forced,fumbles_out_of_bounds,fumbles_total,fumbles_lost_total,punt_returns,punt_return_yards,kickoff_returns,kickoff_return_yards,fg_made,fg_att,fg_missed,fg_blocked,fg_long,fg_pct,fg_made_0_19,fg_made_20_29,fg_made_30_39,fg_made_40_49,fg_made_50_59,fg_made_60_,fg_missed_0_19,fg_missed_20_29,fg_missed_30_39,fg_missed_40_49,fg_missed_50_59,fg_missed_60_,fg_made_list,fg_missed_list,fg_blocked_list,fg_made_distance,fg_missed_distance,fg_blocked_distance,pat_made,pat_att,pat_missed,pat_blocked,pat_pct,gwfg_made,gwfg_att,gwfg_missed,gwfg_blocked,gwfg_distance_list,pt_att,pt_blocked,pt_long,pt_yards,pt_inside_20,pt_out_of_bounds,pt_downed,pt_touchback,pt_fair_caught,pt_returned,pt_return_yards,pt_return_tds,pt_net_yards
1999,ARI,REG,16,287,558,3085,11,30,45,-282,7,1,520,3085,150,-109.05374878241123,,0,117,58,36,8,396,1207,13,9,4,77,-72.28474706205347,0,30,21,4,1,287,539,3085,11,7,3,520,0,150,-23.949848145276235,0,117,58,36,8,0,622,277,325,41,177,23,33.0,229.0,26,17,276,58,3,4,0,0,18,-4,10,0,0,70,481,55,22,9,3,31,10,47,489,64,1403,19,27,7,1,49.0,0.7037037037037037,0,5,10,4,0,0,0,0,1,3,3,0,31;25;32;31;36;44;38;43;44;24;35;35;49;24;38;39;20;31;23,32;53;42;53;54;44;47,34,642,325,34,26,26,0,0,1.0,1,1,0,0,31,94,0,60.0,3948,18,7,10,8,16,53,340,0,3448
1999,ATL,REG,16,278,508,3691,22,19,49,-345,5,5,276,3691,179,-18.32461682981046,,0,167,84,51,10,373,1196,9,13,6,68,-81.4847199561188,0,24,14,3,0,278,484,3691,22,3,2,276,11,179,98.05476190028538,0,167,84,51,10,2,644,128,204,60,248,9,39.0,248.0,40,12,166,72,1,1,1,12,7,-21,6,33,0,110,963,44,16,8,1,24,16,32,372,76,1445,15,21,5,1,49.0,0.7142857142857143,1,5,5,4,0,0,0,0,3,2,0,0,41;35;36;44;19;25;39;24;28;32;28;24;41;49;38,35;39;49;33;47,50,503,203,50,34,34,0,0,1.0,0,0,0,0,,80,0,55.0,3163,27,4,12,4,34,26,119,0,2964
1999,BAL,REG,15,253,505,3172,20,18,51,-311,10,6,237,3172,137,-86.3853211350653,,0,113,62,43,12,416,1694,9,3,2,84,-40.57132078452189,1,38,26,9,3,253,490,3172,20,3,2,237,0,137,29.018193580037533,0,113,62,43,12,0,619,139,165,70,324,13,46.0,266.0,44,19,322,98,4,3,1,0,11,-25,9,0,0,114,905,55,18,4,0,22,11,59,452,49,985,27,30,2,1,50.0,0.9,4,8,6,7,2,0,0,0,2,0,0,0,45;28;44;38;26;44;46;50;37;28;44;23;25;50;46;31;33;21;27;19;36;24;48;19;30;19;19,38;37,51,900,75,51,31,31,0,0,1.0,1,1,0,0,50,97,1,63.0,4068,35,7,14,10,27,39,417,1,3451
1999,BUF,REG,16,290,513,3478,21,16,27,-185,4,4,981,3167,173,29.11843613140223,,0,140,61,44,8,519,2040,12,10,5,117,-66.67271751600668,1,59,41,11,1,290,506,3478,21,1,1,981,161,173,91.41794469074829,0,140,61,44,8,1,585,142,216,45,188,10,37.0,214.0,38,12,180,73,0,0,0,1,5,-15,9,90,1,98,799,53,12,5,1,17,11,34,347,51,1001,25,34,9,0,52.0,0.7352941176470589,2,10,7,3,3,0,0,0,3,6,0,0,36;29;35;24;29;19;36;26;52;31;29;50;25;40;23;20;31;48;47;28;50;33;39;23;19,44;45;49;36;35;40;45;39;48,,822,381,0,33,33,0,0,1.0,1,1,0,0,23,73,0,60.0,2840,20,4,14,7,25,23,226,0,2474
1999,CAR,REG,16,345,572,4447,36,15,51,-286,9,6,394,4301,208,80.14678760827809,,0,175,90,61,9,354,1527,12,8,7,78,-58.06768156630852,0,43,34,12,5,345,564,4447,36,3,2,394,89,208,164.17833379328485,0,175,90,61,9,2,720,93,187,60,216,17,35.0,235.0,35,15,169,104,0,3,0,0,5,0,14,38,0,104,841,76,20,4,0,24,19,35,241,66,1475,25,28,3,0,52.0,0.8928571428571429,1,10,6,6,2,0,0,0,0,1,2,0,52;48;21;43;43;42;19;21;30;23;31;51;38;28;33;22;24;44;30;24;20;37;21;43;27,53;52;47,,815,152,0,46,47,1,0,0.9787234042553192,0,0,0,0,,65,0,56.0,2562,18,4,7,1,21,32,158,0,2384
1999,CHI,REG,16,404,684,4352,25,22,38,-216,9,6,1135,3918,203,-12.289973352843344,,0,155,70,53,11,396,1387,4,12,5,82,-73.61347427118116,1,39,19,2,1,404,673,4352,25,7,3,1135,516,203,62.60994730219937,0,155,70,53,11,0,709,137,191,46,186,22,37.0,257.0,31,14,229,68,1,1,0,0,17,-52,19,54,1,117,910,63,19,13,0,32,15,30,346,68,1491,19,34,15,0,52.0,0.5588235294117647,0,9,4,5,1,0,0,0,6,7,2,0,21;24;29;43;52;41;46;40;41;28;34;29;26;36;27;24;23;39;31,50;48;48;46;32;49;48;37;32;44;34;41;33;51;30,,634,623,0,27,28,1,0,0.9642857142857144,1,2,1,0,48;36,85,0,65.0,3478,20,9,15,10,15,36,266,0,3012
1999,CIN,REG,16,300,547,3504,18,18,49,-278,8,4,230,3504,161,-58.34840124654799,,2,146,64,32,7,442,2051,11,12,3,111,-13.996470049849764,0,61,45,18,2,300,529,3504,18,1,1,230,0,161,46.61130072064984,2,146,64,32,7,3,669,138,172,59,240,17,35.0,229.0,33,12,100,80,1,3,0,0,19,-19,15,17,0,126,1027,51,19,15,1,34,14,35,410,84,2020,18,27,8,1,50.0,0.6666666666666666,1,9,6,1,1,0,0,1,5,2,0,0,33;38;40;36;27;26;37;32;29;50;34;19;29;29;29;24;28;28,48;38;31;33;41;32;39;25,20,568,287,20,27,27,0,0,1.0,0,0,0,0,,82,2,72.0,3162,13,6,13,5,13,45,498,1,2564
1999,CLE,REG,16,271,490,2997,19,15,60,-385,7,5,273,2979,134,-75.8264213742293,,0,122,57,37,6,313,1150,9,11,3,65,-34.23111786002648,1,32,18,6,1,271,474,2997,19,2,0,273,35,134,43.85470112302542,0,122,57,37,6,0,785,157,191,55,195,13,25.0,147.0,26,8,52,66,0,4,0,0,13,-11,12,14,0,91,703,45,17,11,0,28,15,25,162,89,1725,8,12,4,0,49.0,0.6666666666666666,0,2,3,3,0,0,0,0,2,2,0,0,41;49;33;47;25;39;23;33,38;46;38;45,,290,167,0,23,24,0,1,0.9583333333333334,1,1,0,0,39,106,0,61.0,4645,20,6,6,11,15,68,762,2,3663
1999,DAL,REG,16,295,506,3278,20,13,24,-151,5,1,231,3278,139,21.643065076065636,,0,119,63,41,7,493,2051,16,10,5,129,-28.041087817587183,0,57,46,15,2,295,498,3278,20,2,2,231,0,139,47.80889971354084,0,119,63,41,7,1,673,110,156,56,270,14,35.0,217.0,33,24,442,78,4,0,1,12,10,-38,9,98,1,136,1181,57,16,6,2,22,10,41,440,58,1372,19,31,12,0,47.0,0.6129032258064516,0,7,8,4,0,0,0,2,2,7,1,0,23;42;38;32;24;39;44;47;36;23;20;34;30;34;33;20;21;27;40,47;24;50;48;41;42;37;22;48;43;49;33,,607,484,0,41,41,0,0,1.0,0,0,0,0,,81,0,64.0,3500,24,2,12,10,14,43,459,1,2841
1999,DEN,REG,16,319,551,3646,16,18,34,-227,6,3,268,3631,167,-7.911090646429211,,0,143,60,42,7,465,1864,13,16,5,108,-43.51729998824864,1,49,34,13,3,319,532,3646,16,1,1,268,9,167,67.13628338734964,0,143,60,42,7,1,677,125,185,72,269,21,50.0,283.0,44,15,169,72,1,8,2,0,21,-71,11,74,1,114,872,75,15,18,2,33,10,54,409,63,1398,29,36,6,1,55.0,0.8055555555555556,1,8,7,8,5,0,0,0,1,2,2,1,50;44;26;51;48;47;26;20;40;28;30;19;44;55;41;24;25;30;24;38;53;39;40;28;46;33;32;37;50,41;53;59;37;64;45,44,1068,299,44,29,29,0,0,1.0,0,1,1,0,59,84,0,65.0,3908,19,3,9,16,13,43,600,1,2988
1999,DET,REG,16,326,557,4074,22,14,64,-388,7,1,519,3966,179,-2.748737504329246,,2,155,82,54,15,356,1245,8,7,4,67,-64.15190381168033,0,32,24,10,3,326,542,4074,22,3,1,519,136,179,93.0057106919182,2,155,81,54,15,1,676,119,247,67,292,25,49.0,331.0,44,16,235,88,1,1,1,0,10,-12,16,104,3,110,995,45,16,5,3,21,8,38,386,72,1445,26,32,6,0,52.0,0.8125,0,8,4,10,4,0,0,0,0,2,4,0,51;49;48;23;20;49;29;30;47;48;29;47;50;29;43;44;46;50;45;37;52;37;25;27;24;39,49;57;53;46;50;58,,1018,313,0,28,29,1,0,0.9655172413793104,1,1,0,0,48,86,0,62.0,3637,27,3,9,12,20,42,402,0,2995
1999,GB,REG,16,344,604,4132,23,23,36,-232,8,3,378,4132,196,16.156386188483822,,1,178,88,52,11,386,1519,13,8,6,87,-38.006155974987195,0,47,31,8,0,344,583,4132,23,6,3,378,-1,196,83.80727066706906,1,178,88,52,11,1,653,148,302,40,140,19,30.0,185.0,29,26,135,76,1,4,1,0,13,-18,15,84,2,99,803,46,18,10,3,28,13,29,212,66,1241,25,30,2,3,50.0,0.8333333333333334,0,8,8,8,1,0,0,0,1,1,0,0,45;24;28;35;34;42;49;38;43;50;46;37;26;38;31;23;33;45;31;23;22;40;26;22;46,45;30,50;28;44,877,75,122,38,38,0,0,1.0,0,1,0,1,28,80,0,64.0,3130,21,3,10,4,24,39,333,0,2717
1999,IND,REG,16,338,545,4182,26,17,14,-116,1,1,300,4157,199,103.3001648943519,,1,169,82,56,11,419,1660,15,11,5,89,-33.42804716111291,0,44,34,9,4,338,538,4182,26,8,5,300,0,199,114.35122430061116,1,169,82,56,11,2,612,227,261,60,269,18,41.0,269.0,34,10,287,92,1,3,0,27,9,-30,12,38,2,80,673,44,16,9,5,25,11,41,388,67,1397,34,38,2,2,53.0,0.8947368421052632,2,10,11,10,1,0,0,0,1,0,1,0,35;35;42;41;31;18;27;22;43;30;33;27;47;34;29;37;40;35;45;29;34;22;37;44;48;53;28;31;43;41;19;21;27;24,36;55,45;37,1152,91,82,43,43,0,0,1.0,3,3,0,0,27;53;21,58,2,61.0,2467,16,10,3,8,8,29,469,0,1838
1999,JAX,REG,16,320,535,3716,16,11,36,-221,4,1,195,3720,194,75.34541569091171,,3,166,57,44,8,514,2091,20,7,3,117,-19.283465173882405,1,55,39,10,5,320,524,3716,16,3,2,195,8,194,123.54664831959424,3,166,57,44,8,2,638,85,157,74,359,23,57.0,373.0,55,19,330,79,3,1,3,0,10,-16,12,59,1,90,750,42,11,7,0,18,7,45,462,46,881,31,38,6,1,50.0,0.8157894736842105,0,12,8,10,1,0,0,1,1,4,0,0,41;32;50;42;36;40;31;42;27;41;32;44;21;20;36;24;43;21;27;24;34;28;28;45;32;25;32;49;23;41;27,49;41;49;48;34;28,48,1038,249,48,37,37,0,0,1.0,1,1,0,0,23,78,0,83.0,3260,32,13,10,6,12,37,259,0,2881
1999,KC,REG,16,295,502,3409,22,15,26,-170,5,2,253,3405,164,44.75956650790883,,0,147,58,36,6,521,2082,14,7,4,107,-53.1546850267364,0,52,33,13,3,295,475,3409,22,4,2,253,0,164,86.96326432840686,0,147,58,36,6,2,725,91,147,63,277,19,40.0,286.0,39,25,378,94,5,5,0,84,11,-11,20,189,4,125,977,51,15,7,2,22,9,58,706,63,1182,21,28,7,0,51.0,0.75,1,7,5,7,1,0,0,0,1,6,0,0,27;19;42;44;27;51;22;41;23;43;39;38;20;29;29;47;37;44;43;38;33,38;47;42;47;42;45;44,,736,305,0,45,45,0,0,1.0,2,2,0,0,44;38,102,2,64.0,4253,21,12,15,10,19,46,406,1,3647
1999,MIA,REG,16,329,589,3736,20,21,37,-251,5,4,307,3736,188,-50.39741949367906,,0,161,73,49,7,445,1453,8,6,3,81,-67.25236083544766,0,41,28,5,0,329,568,3736,20,6,4,307,0,188,30.831998228646587,0,161,73,49,7,0,570,83,283,70,283,13,39.0,240.0,42,18,243,77,1,3,1,43,7,-4,10,37,1,111,937,45,18,5,3,23,13,44,432,72,1713,39,46,6,1,54.0,0.8478260869565217,1,9,17,9,3,0,0,0,0,4,2,0,37;39;51;48;44;30;44;26;26;37;27;21;43;20;33;45;45;41;53;37;37;54;21;34;44;46;30;19;23;31;32;24;33;32;21;30;31;37;39,42;46;43;52;47;54,47,1365,284,47,27,27,0,0,1.0,0,0,0,0,,81,0,63.0,3322,23,6,12,4,17,42,424,0,2818
1999,MIN,REG,16,316,528,4318,32,21,43,-329,8,5,809,4137,192,53.09597848320091,,0,162,100,71,10,422,1804,13,7,6,96,-33.42197819759844,0,46,37,9,2,316,510,4318,32,4,3,809,155,192,141.53783464260732,0,162,100,71,10,3,703,143,225,58,225,21,46.0,272.0,36,12,66,58,1,3,1,33,4,-3,18,11,0,114,950,55,18,6,1,24,19,32,269,70,1597,19,30,8,3,44.0,0.6333333333333333,0,6,9,4,0,0,0,1,1,4,2,0,36;36;34;22;26;40;23;26;34;26;33;23;31;40;38;38;34;42;44,30;50;47;49;20;46;45;52,26;42;37,626,339,105,46,46,0,0,1.0,2,2,0,0,23;38,61,0,75.0,2769,18,2,14,9,8,28,246,0,2343
1999,NE,REG,16,305,538,3985,19,21,56,-349,5,3,319,3982,184,-30.3860875470133,,0,171,74,50,13,425,1426,9,10,5,72,-77.98540501786327,0,32,22,6,1,305,518,3985,19,4,3,319,0,184,79.85547617777704,0,171,74,50,13,0,562,264,324,72,299,17,42.0,268.0,44,16,110,54,2,2,0,0,14,-30,15,55,2,95,802,56,18,9,1,27,12,48,495,62,1498,26,33,7,0,51.0,0.7878787878787878,1,14,5,5,1,0,0,0,2,4,1,0,33;21;23;26;38;19;41;22;21;41;39;34;28;22;27;41;23;28;28;26;23;43;46;38;25;51,42;48;32;56;44;33;44,,807,299,0,29,30,0,1,0.9666666666666668,1,2,1,0,23;32,90,0,58.0,3735,23,9,11,14,20,36,345,0,3110
1999,NO,REG,16,288,552,3598,16,30,41,-305,2,1,898,3224,159,-66.40754870514762,,3,149,71,47,11,461,1690,9,15,7,97,-74.92192962841784,0,45,38,10,0,288,536,3598,16,2,0,898,150,159,-4.960358378317822,3,149,71,47,11,0,635,177,203,60,247,19,45.0,277.0,42,19,138,102,0,5,0,0,16,-34,15,111,2,110,877,64,16,10,1,26,9,35,258,79,1639,24,29,5,0,52.0,0.8275862068965517,0,9,6,7,2,0,0,2,1,2,0,0,46;21;30;42;24;42;25;49;22;46;29;39;37;28;52;51;42;45;35;24;34;29;26;32,28;49;47;39;24,,850,187,0,20,21,1,0,0.9523809523809524,0,0,0,0,,83,0,52.0,3282,15,1,9,5,25,43,283,1,2899
1999,NYG,REG,16,350,602,4015,17,20,42,-296,8,3,231,4019,197,-14.247194526695804,,0,166,73,46,6,431,1408,11,13,7,87,-82.924325327664,2,31,22,6,1,350,589,4015,17,3,2,231,0,197,83.27454936334057,0,166,73,46,6,1,591,220,252,56,217,14,32.0,172.0,28,17,232,72,2,4,0,6,14,-26,7,53,1,99,906,55,19,10,3,29,12,45,520,69,1502,25,30,5,0,48.0,0.8333333333333334,0,11,5,9,0,0,0,0,2,3,0,0,36;35;25;23;31;27;21;41;28;33;42;44;45;24;41;31;42;21;21;48;23;24;43;42;29,41;42;34;42;39,,820,198,0,28,28,0,0,1.0,2,2,0,0,21;48,89,0,63.0,3610,31,23,6,6,16,38,405,1,3085
1999,NYJ,REG,16,272,474,3001,22,16,37,-210,3,2,325,3001,139,6.576300624908691,,0,121,62,39,6,486,1961,7,10,2,111,-51.1906645128473,0,52,38,11,1,272,461,3001,22,1,0,325,0,139,68.35783178013276,0,121,62,39,6,0,583,230,274,39,192,18,26.0,184.0,21,24,443,70,3,2,1,0,14,-29,11,9,1,87,771,54,13,9,2,22,6,43,319,67,1571,27,33,6,0,48.0,0.8181818181818182,0,3,17,7,0,0,0,1,0,5,0,0,31;37;34;33;42;45;39;32;37;43;44;33;26;36;33;30;28;31;46;47;33;37;48;23;30;31;35,43;43;29;45;47;49,,964,256,0,27,29,2,0,0.9310344827586208,0,0,0,0,,82,0,69.0,3693,26,1,21,7,6,47,427,0,3126
1999,OAK,REG,16,306,520,3850,24,14,49,-241,6,4,295,3767,196,,,1,170,90,52,7,488,2084,18,7,5,110,,0,56,40,13,3,306,507,3850,24,2,2,295,72,196,,1,170,90,52,7,1,634,166,190,66,298,17,44.0,309.0,42,20,247,99,0,0,0,43,6,-5,13,112,1,98,825,63,18,4,1,22,15,42,397,61,1140,25,38,13,0,52.0,0.6578947368421053,2,5,9,8,1,0,0,0,4,5,3,1,41;36;37;42;47;47;19;25;32;25;49;34;47;33;44;33;30;18;41;23;26;52;25;38;33,47;48;61;53;32;32;37;44;51;32;45;52;44,,877,578,0,43,43,0,0,1.0,1,2,1,0,61;33,76,1,56.0,3045,25,4,15,4,15,38,479,1,2486
1999,PHI,REG,16,235,474,2405,18,18,49,-321,12,9,513,2289,123,-139.56431055020994,,1,94,40,25,5,424,1746,5,10,8,75,-49.432540283726155,1,47,39,13,0,235,456,2405,18,2,0,513,113,123,-16.710839168824375,1,94,40,25,5,1,773,63,259,68,265,31,37.0,272.0,32,28,625,116,5,5,2,82,11,-3,18,35,0,101,900,55,27,6,1,33,21,29,250,69,1612,21,31,9,1,53.0,0.6774193548387096,0,8,5,7,1,0,0,1,2,2,4,0,25;39;26;32;48;31;28;27;53;44;28;49;29;20;30;48;34;29;44;43;46,26;50;50;42;59;32;47;51;39,33,753,396,33,27,27,0,0,1.0,0,0,0,0,,107,1,60.0,4524,21,5,15,12,16,59,490,0,3794
1999,PIT,REG,16,301,535,3118,19,18,37,-235,5,1,407,3012,159,-59.20384485218696,,1,133,56,32,3,495,1991,14,8,5,111,-23.992261542406776,0,48,33,11,1,301,525,3118,19,3,0,407,110,159,23.32252341423372,1,133,56,32,3,0,628,125,191,61,246,16,39.0,241.0,33,14,149,85,0,3,0,0,10,-12,14,158,2,119,937,58,11,8,2,19,7,42,377,57,1110,25,29,3,1,51.0,0.8620689655172413,2,5,9,8,1,0,0,0,1,2,0,0,19;28;19;32;28;36;33;48;43;51;25;28;38;41;32;47;24;35;33;40;38;31;42;47;46,31;44;46,49,884,121,49,30,31,0,1,0.967741935483871,1,1,0,0,36,84,0,75.0,3795,27,12,10,10,13,39,392,1,3203
1999,SD,REG,16,332,583,3627,12,24,46,-284,7,2,324,3627,171,,,1,139,65,44,12,410,1246,10,11,6,69,,0,27,20,3,1,332,555,3627,12,4,2,324,0,171,,1,139,65,44,12,1,704,109,177,82,305,16,41.0,263.0,38,15,123,82,0,0,1,0,18,-60,12,69,2,104,823,43,17,12,0,29,11,34,290,69,1308,31,36,4,1,50.0,0.8611111111111112,2,13,6,9,1,0,0,0,1,3,0,0,27;23;21;42;50;33;24;28;41;28;46;39;28;28;40;40;44;19;30;33;42;28;41;23;22;31;48;19;37;25;28,47;42;36;46,38,1008,171,38,22,23,0,1,0.9565217391304348,1,1,0,0,41,89,0,60.0,3910,32,6,15,6,21,41,343,0,3447
1999,SEA,REG,16,288,525,3629,25,16,38,-232,7,4,289,3629,179,15.5672555187339,,0,151,80,52,6,408,1408,5,13,7,65,-91.26991716494992,0,38,23,7,2,288,502,3629,25,5,3,289,0,179,97.1334989755388,0,151,80,52,6,1,712,197,231,68,303,10,37.0,252.0,34,30,336,103,3,3,0,76,11,-27,6,13,0,98,883,50,19,12,3,31,17,30,419,68,1547,34,40,6,0,51.0,0.85,1,10,8,14,1,0,0,0,3,2,1,0,45;51;41;26;38;28;29;45;40;40;21;42;34;19;29;29;45;35;35;43;38;25;28;40;33;40;32;45;31;22;48;25;41;45,32;30;48;48;52;38,,1208,248,0,32,32,0,0,1.0,0,0,0,0,,84,0,59.0,3425,34,12,13,5,18,36,370,1,2955
1999,SF,REG,16,324,557,3526,14,19,34,-241,8,4,325,3417,172,-38.08592013669164,,1,138,64,37,8,418,2095,14,9,4,102,3.375482870757038,0,59,46,17,4,324,546,3526,14,5,2,325,103,172,19.263230402897896,1,138,64,37,8,0,676,67,167,80,332,8,32.0,227.0,32,13,209,85,2,2,1,11,15,-17,7,112,3,120,1045,53,20,9,1,29,13,26,104,77,1579,21,23,1,1,52.0,0.9130434782608696,1,7,7,5,1,0,0,0,0,1,0,0,42;33;39;42;43;38;34;40;22;31;26;19;20;52;22;35;47;23;37;29;25,49,39,699,49,39,30,31,1,0,0.967741935483871,0,0,0,0,,73,2,70.0,2883,22,5,15,9,11,33,399,2,2304
1999,STL,REG,15,315,486,4271,39,13,30,-202,7,3,413,4096,193,,,1,168,92,59,17,406,2000,13,9,7,97,,1,58,43,14,3,315,478,4271,39,5,3,413,142,193,,1,168,92,59,17,3,630,81,163,63,303,13,52.0,333.0,51,27,531,94,0,0,1,0,11,-5,7,109,1,107,829,47,21,8,3,29,15,48,447,51,1294,18,26,8,0,49.0,0.6923076923076923,1,5,5,7,0,0,0,0,1,4,3,0,19;22;49;28;36;34;40;20;49;44;29;40;30;38;47;38;28;47,54;38;43;51;41;40;50;48,,638,365,0,61,61,0,0,1.0,0,0,0,0,,56,0,70.0,2316,17,7,8,11,7,23,155,0,1941
1999,TB,REG,16,268,446,2781,18,16,42,-303,9,8,351,2772,132,-65.49400201189448,,0,108,38,26,5,502,1776,7,10,9,97,-92.62046840219952,0,53,44,11,0,268,436,2781,18,1,0,351,1,132,29.4455211302219,0,108,38,26,5,0,549,230,276,53,236,18,43.0,291.0,37,21,355,106,2,3,1,0,4,-19,9,3,0,75,583,46,19,6,2,25,19,43,357,55,1116,27,32,3,2,53.0,0.84375,0,8,10,6,3,0,0,0,1,1,1,0,23;36;51;24;38;35;41;36;36;49;34;49;35;25;24;26;50;53;42;40;37;20;49;28;33;25;33,43;39;51,36;48,972,133,84,25,25,0,0,1.0,0,0,0,0,,90,0,66.0,3882,23,10,10,8,13,49,360,0,3362
1999,TEN,REG,16,304,527,3622,23,13,25,-137,4,3,287,3530,167,31.83701129840717,,1,146,76,49,8,459,1811,19,9,4,109,-23.537186426580483,0,53,33,7,1,304,517,3622,23,2,2,287,32,167,80.44712342206418,1,146,76,49,8,1,639,111,213,69,268,27,54.0,305.0,51,16,257,83,1,1,4,0,8,-24,24,120,2,114,1069,51,11,6,0,17,9,40,358,56,1042,21,25,4,0,50.0,0.84,1,8,7,4,1,0,0,0,2,2,0,0,50;33;35;44;48;21;22;28;19;27;26;27;31;39;33;38;27;43;30;20;42,44;42;33;37,,683,156,0,43,43,0,0,1.0,1,1,0,0,33,90,0,78.0,3824,35,2,18,3,22,45,335,0,3429
1999,WAS,REG,16,324,537,4112,26,14,31,-186,9,5,203,4112,183,59.608898568817295,,1,156,94,64,14,463,2039,23,8,2,120,23.063814362912407,1,52,34,9,3,324,520,4112,26,8,2,203,0,183,134.0943826668,1,156,94,64,14,1,697,99,197,45,170,18,40.0,221.0,40,24,375,96,3,2,0,0,15,-6,13,49,1,104,808,52,24,7,4,31,11,41,332,63,1290,22,32,8,2,51.0,0.6875,0,7,6,6,3,0,0,2,1,0,5,0,25;42;48;26;50;31;36;36;24;50;51;41;24;21;37;43;27;42;23;32;47;34,52;55;50;38;50;28;28;51,53;49,790,352,102,49,50,0,1,0.98,2,2,0,0,31;27,71,0,57.0,2926,17,8,14,11,11,27,279,2,2427
1999,,REG,1,0,1,0,0,0,0,0,0,0,0,0,0,,,0,0,0,0,0,2,-2,0,0,0,0,,0,0,0,0,0,0,0,0,0,0,0,0,0,0,,0,0,0,0,0,0,0,0,0,0,0,0,0.0,0.0,0,0,0,0,0,0,0,0,0,0,0,0,0,0,0,0,0,0,0,0,0,0,0,0,0,0,0,0,0,,,0,0,0,0,0,0,0,0,0,0,0,0,,,,0,0,0,0,0,0,0,,0,0,0,0,,0,0,,0,0,0,0,0,0,0,0,0,0
2000,ARI,REG,16,316,554,3478,16,24,35,-228,6,4,241,3478,156,-62.4974304594512,,0,129,55,41,11,343,1278,6,12,7,71,-70.75991958176138,0,35,30,10,0,316,542,3478,16,6,4,241,0,156,1.9034315612159785,0,129,55,41,11,1,644,248,304,68,230,13,25.0,135.0,23,10,151,49,0,4,0,0,11,-6,10,104,1,94,765,55,20,12,1,32,20,32,223,86,2276,16,23,7,0,54.0,0.6956521739130435,1,2,9,2,2,0,0,0,2,3,2,0,32;19;54;35;51;31;32;27;36;47;28;34;30;42;32;37,51;42;30;56;31;47;46,,567,303,0,18,19,1,0,0.9473684210526316,0,0,0,0,,65,0,55.0,2871,17,0,5,5,18,37,347,2,2424
2000,ATL,REG,16,285,514,3166,14,20,61,-386,7,3,248,3166,156,-127.06770844483007,,0,141,62,32,5,350,1214,6,11,5,65,-68.52308592062957,1,31,22,7,1,285,498,3166,14,4,3,248,0,156,-11.977643167159046,0,141,62,32,5,4,659,116,190,55,198,13,30.0,138.0,26,15,287,70,1,2,1,6,11,-15,10,11,0,97,720,49,17,9,1,26,14,37,348,83,1890,25,31,6,0,51.0,0.8064516129032258,0,6,6,11,2,0,0,0,1,4,1,0,43;44;24;44;48;31;27;37;45;48;42;28;50;44;35;31;42;21;51;36;24;48;42;23;36,50;47;45;33;46;42,,944,263,0,23,23,0,0,1.0,0,0,0,0,,84,1,60.0,3447,27,11,8,5,31,29,126,0,3221
2000,BAL,REG,16,287,504,3102,20,19,43,-287,10,1,345,3102,156,-32.86433912908422,,1,123,54,37,8,511,2199,9,8,2,116,-17.58474588892722,1,60,38,11,1,287,489,3102,20,4,3,345,0,156,34.22676323594797,1,123,54,37,8,2,647,102,140,69,268,26,35.0,178.0,31,23,477,92,1,2,1,0,17,-27,26,31,0,95,730,53,21,6,3,27,7,45,713,45,1005,35,39,3,1,51.0,0.8974358974358975,2,9,12,10,2,0,0,0,0,2,1,0,23;26;33;44;27;33;30;37;19;45;30;44;22;47;32;43;21;24;51;21;38;51;49;38;32;45;25;19;39;26;38;32;42;42;42,51;47;45,30,1210,143,30,30,30,0,0,1.0,0,0,0,0,,86,0,55.0,3457,35,6,8,8,23,41,382,0,2915
2000,BUF,REG,15,298,514,3714,20,9,53,-316,4,1,118,3714,167,13.664498656057573,,0,153,78,53,8,454,1846,10,8,5,105,-59.015575041357174,1,57,38,9,1,298,498,3714,20,6,4,118,0,167,81.79101101606379,0,153,78,53,8,0,536,203,279,54,297,17,41.0,300.0,32,15,131,60,1,5,0,5,12,19,13,121,2,98,873,51,13,11,1,24,12,37,195,64,1186,24,33,5,4,48.0,0.7272727272727273,2,10,4,8,0,0,0,1,1,2,1,0,42;41;33;45;20;19;30;27;29;46;25;48;20;29;34;19;48;32;27;42;28;29;46;25,51;39;42;47;26,43;44;23;30,784,205,140,30,30,0,0,1.0,4,4,0,0,33;46;34;32,89,1,57.0,3405,17,12,4,5,20,48,513,1,2792
2000,CAR,REG,16,340,566,3850,19,19,69,-382,9,7,265,3850,201,-18.237676299811056,,0,168,73,47,2,363,1186,7,3,2,63,-44.23245416781714,1,26,19,6,2,340,554,3850,19,6,4,265,0,201,82.95075011262061,0,168,73,47,2,3,720,125,173,66,260,22,27.0,226.0,23,17,199,69,2,4,0,54,8,-16,20,23,0,84,683,67,18,8,2,26,16,21,238,55,1160,31,35,3,1,52.0,0.8857142857142857,1,13,8,7,2,0,0,1,1,1,0,0,29;24;33;39;23;44;42;22;29;52;46;30;38;35;48;25;24;35;45;24;46;38;28;26;20;23;37;18;46;21;51,27;34;48,25,1041,109,25,29,29,0,0,1.0,1,2,1,0,46;48,64,2,66.0,2459,18,4,10,2,22,25,187,0,2232
2000,CHI,REG,16,304,542,3005,12,16,34,-200,3,2,287,3005,143,-83.38122528224085,,0,111,46,29,6,417,1736,6,12,7,88,-39.11298339660544,0,44,29,10,1,304,525,3005,12,4,3,287,0,143,-32.73173797941869,0,111,46,29,6,0,702,138,210,63,257,14,36.0,230.0,31,11,254,75,4,3,0,0,11,-17,9,15,0,90,696,55,11,14,1,25,13,36,314,68,1512,21,27,6,0,54.0,0.7777777777777778,1,5,7,6,2,0,0,0,2,4,0,0,29;49;19;47;38;22;25;33;40;41;37;24;34;48;39;32;46;24;37;50;54,42;49;42;30;38;47,,768,248,0,21,21,0,0,1.0,1,1,0,0,54,96,0,56.0,3624,19,2,18,7,33,36,256,0,3228
2000,CIN,REG,16,207,454,2219,6,14,52,-273,13,8,203,2219,109,-137.07744995170893,,0,99,43,26,1,495,2301,13,13,6,119,-26.24664979229913,0,69,48,19,6,207,434,2219,6,2,1,203,0,109,-36.508409739098056,0,99,43,26,1,1,719,136,182,59,224,16,26.0,168.0,22,9,107,78,1,5,1,0,13,-42,12,19,0,99,878,46,26,11,3,37,21,42,357,77,1423,12,21,7,2,45.0,0.5714285714285714,0,5,5,2,0,0,0,0,3,4,0,0,23;38;34;24;39;22;37;28;45;32;45;27,44;47;46;30;36;45;31,42;35,394,279,77,21,21,0,0,1.0,1,1,0,0,27,94,0,57.0,3775,18,10,12,14,17,41,387,0,3108
2000,CLE,REG,16,278,483,2728,9,19,40,-283,6,2,313,2728,110,-107.4027428669122,,0,95,46,25,3,336,1085,7,5,2,54,-67.65680851427139,0,28,15,2,1,278,469,2728,9,6,3,313,0,110,-50.26828089303107,0,95,45,25,3,0,760,145,193,69,275,18,42.0,270.0,41,12,68,76,1,2,0,0,12,-15,13,53,0,103,925,45,13,8,0,21,9,29,294,85,1710,14,17,3,0,45.0,0.8235294117647058,3,4,5,2,0,0,0,0,0,3,0,0,30;23;28;19;29;45;18;19;39;43;35;35;38;29,42;42;42,,430,126,0,17,17,0,0,1.0,1,1,0,0,19,108,0,67.0,4859,25,12,12,5,10,69,793,0,3966
2000,DAL,REG,16,255,445,2771,14,21,35,-249,6,5,335,2771,128,-63.60189876133192,,2,112,57,33,6,463,1953,15,13,7,116,-13.188822739504271,0,58,43,12,1,255,433,2771,14,3,3,335,0,128,-5.204294155895784,2,112,57,33,6,2,771,70,170,70,294,15,25.0,189.0,23,16,167,65,0,2,1,3,12,-5,9,8,0,108,963,49,20,11,1,31,18,35,364,70,1456,25,33,8,0,48.0,0.7575757575757576,2,5,9,9,0,0,0,1,2,4,1,0,34;38;44;32;38;40;27;24;32;23;19;48;27;43;35;42;37;43;36;33;19;20;43;47;43,45;39;44;51;46;26;34;47,,867,332,0,27,27,0,0,1.0,1,1,0,0,24,68,0,60.0,2798,15,4,9,8,18,29,282,0,2356
2000,DEN,REG,16,354,569,4464,28,12,30,-221,8,5,145,4464,223,92.0580675137906,,1,187,96,65,10,516,2324,21,9,5,124,2.1085377168366115,1,55,49,17,3,354,550,4464,28,1,1,145,0,223,162.28283976796254,1,187,96,65,10,2,660,75,131,80,326,23,44.0,251.0,41,27,343,94,5,5,1,12,11,-10,17,80,2,89,792,69,19,7,2,26,13,36,364,66,1477,26,34,8,0,51.0,0.7647058823529411,0,13,7,5,1,0,0,0,1,6,1,0,32;38;36;29;51;24;32;22;21;22;20;43;20;22;45;46;31;41;23;23;41;26;35;22;38;20,50;43;45;48;48;42;37;41,,803,354,0,53,53,0,0,1.0,1,1,0,0,41,61,1,62.0,2455,18,6,14,9,9,23,270,1,2005
2000,DET,REG,16,277,503,2992,14,19,53,-317,5,4,297,2992,143,-96.54072576176428,,1,123,56,35,4,448,1747,15,8,4,101,-35.370522164233385,3,47,30,7,0,277,491,2992,14,2,1,297,0,143,-25.52580287671426,1,123,55,34,4,1,628,121,329,51,216,24,28.0,162.0,25,25,340,96,2,2,0,0,8,-15,17,13,1,106,805,54,15,6,1,21,12,33,472,69,1600,24,30,4,2,54.0,0.8,2,6,10,4,2,0,0,1,1,2,0,0,24;30;49;20;54;37;35;38;21;30;32;47;21;18;44;19;31;36;52;26;36;35;41;26,34;43;29;44,32;40,802,150,72,29,29,0,0,1.0,0,0,0,0,,93,2,59.0,4044,33,3,11,12,14,53,498,0,3306
2000,GB,REG,16,348,600,3916,21,16,34,-238,6,5,299,3916,197,22.64982269337536,,2,167,82,43,7,404,1643,13,8,3,88,-14.090544208373466,0,46,34,12,0,348,596,3916,21,8,7,299,0,197,57.62683694807944,2,167,82,43,7,1,645,129,249,60,244,7,37.0,238.0,37,21,315,92,1,5,1,0,12,-12,7,61,0,90,705,61,17,12,1,29,17,35,300,64,1570,33,38,5,0,52.0,0.868421052631579,0,7,10,13,3,0,0,1,0,2,2,0,45;42;42;24;37;38;38;47;48;37;22;42;44;51;31;35;51;48;24;31;52;42;45;42;22;27;26;45;34;35;43;36;22,40;53;53;28;45,,1248,219,0,32,32,0,0,1.0,3,3,0,0,38;35;22,79,0,53.0,3033,22,3,16,6,27,27,205,1,2708
2000,IND,REG,16,357,571,4413,33,15,20,-131,4,1,269,4413,213,141.0338686551982,,1,187,92,51,8,435,1859,14,7,7,111,-14.78472561196478,1,49,36,9,0,357,559,4413,33,4,3,269,0,213,175.2887234529252,1,187,92,51,8,0,617,236,276,61,289,10,42.0,252.0,36,14,125,64,2,3,2,0,5,5,8,48,1,89,866,56,15,5,1,20,14,38,352,58,1155,25,27,2,0,48.0,0.925925925925926,1,6,13,5,0,0,0,0,0,1,1,0,23;40;31;41;22;45;33;33;34;23;38;40;36;19;26;38;35;38;32;37;23;39;48;31;28,47;59,,833,106,0,46,46,0,0,1.0,1,1,0,0,45,65,0,65.0,2906,20,2,5,9,21,28,357,0,2369
2000,JAX,REG,16,333,545,3947,22,15,54,-289,2,2,243,3947,193,56.49171463115951,,1,160,66,42,11,481,2032,18,11,4,109,-23.3182740202175,0,54,42,13,2,333,532,3947,22,7,5,243,0,193,116.14690795635288,1,160,66,42,11,0,683,81,145,71,276,17,40.0,247.0,36,12,145,74,0,3,0,0,11,5,18,75,0,95,703,54,16,10,1,26,14,46,333,62,1323,29,33,3,1,51.0,0.8787878787878788,2,6,9,9,3,0,0,1,2,0,0,0,50;25;36;45;48;34;48;30;19;19;48;49;23;45;23;33;51;42;36;33;27;20;38;40;24;36;50;40;36,33;31;28,49,1048,92,49,38,38,0,0,1.0,1,1,0,0,38,79,0,65.0,3311,29,18,10,6,7,38,478,1,2713
2000,KC,REG,15,322,549,4173,24,14,32,-256,5,2,170,4173,194,49.02344559991465,,0,182,88,55,8,349,1348,11,7,4,77,-44.48095285317409,0,39,26,8,1,322,539,4173,24,5,4,170,0,194,106.84596783682868,0,182,87,55,8,1,716,125,165,91,332,9,45.0,235.0,46,14,165,54,2,3,0,6,8,-6,13,15,0,112,818,55,16,5,2,21,11,32,245,67,1397,17,24,6,1,42.0,0.7083333333333334,1,6,7,3,0,0,0,0,3,3,0,0,42;27;27;34;20;37;28;19;39;34;30;42;35;24;33;40;27,36;37;44;42;34;43,35,538,236,35,34,34,0,0,1.0,0,0,0,0,,77,0,66.0,3405,26,6,7,8,17,39,528,0,2717
2000,MIA,REG,15,229,397,2578,14,16,27,-145,0,0,240,2578,116,19.262837516625584,,0,103,45,29,8,459,1774,16,8,7,97,-53.19378084851041,0,44,27,10,2,229,394,2578,14,2,1,240,0,116,52.03079854432019,0,103,45,29,8,1,604,79,277,70,237,19,42.0,226.0,38,27,292,90,0,2,0,0,2,-8,12,24,1,110,856,43,8,4,2,12,9,36,487,47,1061,26,29,3,0,49.0,0.896551724137931,0,7,7,12,0,0,0,1,1,1,0,0,48;25;30;42;41;43;40;28;42;44;40;38;41;35;47;28;32;31;20;26;35;23;25;31;47;49,36;47;28,,931,111,0,31,32,1,0,0.96875,1,1,0,0,49,85,0,70.0,3606,21,9,8,14,19,35,258,0,3068
2000,MIN,REG,16,307,495,4019,33,18,35,-187,5,4,282,4019,193,92.21923161366604,,2,164,80,57,13,428,2129,14,10,3,107,25.167183212584067,0,60,45,16,4,307,483,4019,33,5,1,282,0,193,154.3913997474291,2,165,80,57,12,0,695,135,193,72,307,10,31.0,214.0,28,8,88,55,0,4,0,0,15,-23,10,1,0,106,908,52,14,12,1,26,10,26,261,67,1456,22,23,0,1,49.0,0.9565217391304348,1,5,9,7,0,0,0,0,0,0,0,0,35;38;45;28;49;20;37;42;19;38;20;21;30;37;30;48;33;43;49;29;40;31,,51,762,0,51,45,45,0,0,1.0,0,0,0,0,,62,0,60.0,2773,16,6,3,11,10,32,310,0,2243
2000,NE,REG,16,328,565,3461,18,15,48,-280,3,2,234,3461,172,-18.52940187206319,,0,142,66,35,5,424,1390,9,12,4,80,-72.97824574966391,1,26,21,4,0,328,551,3461,18,5,4,234,0,172,45.33016607444404,0,142,66,35,5,1,578,271,331,45,155,18,29.0,172.0,27,10,161,68,0,1,0,0,13,-43,13,36,0,99,815,66,12,11,0,23,10,45,562,64,1335,27,33,6,0,53.0,0.8181818181818182,0,11,8,7,1,0,0,2,1,1,2,0,30;32;35;30;33;40;21;23;27;26;28;48;43;38;38;21;22;24;47;43;48;53;27;40;22;24;33,55;29;44;53;37;27,,896,245,0,25,25,0,0,1.0,2,2,0,0,22;24,89,1,62.0,3798,31,8,12,5,21,43,384,0,3314
2000,NO,REG,16,298,497,3573,22,15,39,-244,4,1,246,3573,169,37.1450784359884,,0,146,80,42,8,505,2068,14,13,6,117,-20.86721423612141,1,60,41,7,2,298,483,3573,22,4,1,246,0,169,81.18505342758915,0,146,80,42,8,0,593,206,231,76,381,17,66.0,378.0,58,20,264,73,4,2,0,0,14,-12,15,92,1,124,1024,60,20,6,1,26,11,40,339,62,1473,23,29,5,1,48.0,0.7931034482758621,1,6,4,12,0,0,0,0,1,3,1,0,48;20;20;31;23;44;29;44;40;42;42;40;33;30;30;19;42;40;41;28;20;46;47,51;45;33;44;43,52,799,216,52,37,37,0,0,1.0,0,0,0,0,,74,0,58.0,3043,22,6,6,8,17,37,494,2,2389
2000,NYG,REG,16,311,529,3610,22,13,28,-243,5,1,204,3610,195,84.73859975685289,,0,157,76,46,7,507,2009,16,8,5,100,-57.2982416614401,0,52,42,13,3,311,512,3610,22,6,4,204,0,195,123.31228336060693,0,157,76,46,7,1,610,169,198,74,294,7,43.0,270.0,46,20,149,92,0,5,0,-2,13,-13,11,8,0,91,828,52,18,8,2,26,11,40,332,52,1109,19,25,3,3,46.0,0.76,0,9,6,4,0,0,0,0,2,1,0,0,32;36;44;23;34;27;24;20;31;39;20;25;46;27;28;38;40;21;44,34;40;39,41;31;45,599,113,117,37,37,0,0,1.0,0,0,0,0,,79,1,64.0,3210,26,14,12,8,17,28,353,0,2697
2000,NYJ,REG,16,352,637,4023,23,29,20,-99,4,3,373,4023,192,1.3664591619634912,,2,162,80,50,8,418,1471,11,6,4,84,-62.451121391536375,0,36,27,8,1,352,622,4023,23,2,2,373,0,192,12.802951194655094,2,162,80,50,8,1,582,267,283,62,268,16,40.0,234.0,36,21,229,87,1,3,0,0,6,-5,14,6,0,76,626,64,14,3,0,17,11,38,276,73,1552,23,34,10,1,51.0,0.6764705882352942,1,8,6,7,1,0,0,0,2,6,2,0,23;39;51;27;41;27;40;38;27;34;40;40;36;45;26;28;39;33;20;45;21;40;19,52;48;33;46;47;51;46;49;47;35,29,779,454,29,32,32,0,0,1.0,1,1,0,0,40,83,0,70.0,3714,18,6,11,15,9,42,661,2,2753
2000,OAK,REG,16,284,475,3430,28,11,28,-124,6,3,122,3430,177,,,0,143,67,42,8,520,2470,23,8,6,128,,1,71,51,20,4,284,464,3430,28,2,0,122,0,177,,0,143,67,42,8,2,670,177,216,85,394,20,43.0,278.0,42,21,323,92,0,0,2,3,8,5,16,83,1,117,935,44,12,6,1,18,9,37,357,56,1336,23,34,11,0,54.0,0.6764705882352942,2,6,6,8,1,0,0,0,2,6,3,0,24;19;37;31;23;35;47;43;32;40;40;54;29;24;19;49;24;35;40;42;32;25;42,41;50;49;41;35;47;59;42;33;44;50,,786,491,0,56,56,0,0,1.0,1,1,0,0,24,65,1,69.0,2984,24,5,8,10,12,30,279,0,2505
2000,PHI,REG,16,331,575,3386,21,15,45,-265,4,2,319,3386,182,-0.0144982490054942,,1,133,69,46,5,397,1892,13,10,8,88,-0.5994169338625968,0,49,33,11,3,331,569,3386,21,3,1,319,0,182,58.4721826429414,1,133,69,46,5,2,759,75,215,88,306,17,50.0,291.0,49,19,255,102,2,3,0,0,8,-5,12,7,0,113,980,54,14,8,0,22,14,33,335,54,1239,29,33,4,0,51.0,0.8787878787878788,1,6,14,7,1,0,0,0,1,3,0,0,33;37;33;29;43;39;38;19;31;29;51;29;34;34;32;26;45;42;42;38;46;27;33;30;23;40;32;45;33,48;40;38;41,,1013,167,0,34,36,1,1,0.9444444444444444,2,2,0,0,32;42,86,0,60.0,3635,23,4,9,8,18,47,375,1,3100
2000,PIT,REG,16,217,439,2738,12,10,43,-220,3,2,107,2738,128,-32.5756552949864,,0,115,57,37,3,527,2248,19,9,3,124,-11.672094259377904,1,64,48,16,1,217,428,2738,12,4,3,107,0,128,21.348254595875172,0,115,57,37,3,2,616,179,255,68,267,18,39.0,229.0,32,17,154,85,0,2,1,1,13,-38,17,64,2,83,667,57,14,10,0,24,11,42,499,58,1221,25,30,5,0,52.0,0.8333333333333334,1,8,9,6,1,0,0,0,1,3,1,0,41;31;32;32;19;43;29;36;28;44;20;31;26;33;24;38;52;40;40;44;28;32;28;32;28,45;50;42;36;44,,831,217,0,32,33,1,0,0.9696969696969696,0,0,0,0,,90,1,67.0,3944,34,9,15,8,14,44,371,0,3413
2000,SD,REG,15,294,543,3371,19,29,47,-271,7,4,564,3371,149,,,0,129,61,40,9,337,1013,7,14,8,59,,0,26,14,3,0,294,531,3371,19,3,2,564,0,149,,0,129,61,40,9,1,704,117,139,88,363,7,37.0,246.0,34,15,255,73,0,0,1,3,18,-11,6,46,0,113,950,63,15,23,1,38,19,40,244,76,1620,17,23,4,2,52.0,0.7391304347826086,1,3,5,7,1,0,0,0,1,2,1,0,42;49;41;28;24;45;37;36;19;41;28;41;31;33;52;34;47,49;34;51;43,40;37,628,177,77,26,26,0,0,1.0,0,0,0,0,,86,0,66.0,3906,23,11,9,10,10,46,672,1,3034
2000,SEA,REG,16,308,507,3198,21,21,46,-238,8,4,393,3198,168,-20.59210603794206,,0,129,50,26,7,403,1720,10,17,7,98,-23.380170029275295,0,45,30,8,3,308,496,3198,21,4,2,393,0,168,53.26881573511953,0,129,50,26,7,1,704,167,223,43,161,17,27.0,152.0,23,17,300,71,3,3,1,0,17,-1,10,85,2,89,728,50,20,15,1,35,17,30,384,80,1932,21,26,5,0,52.0,0.8076923076923077,1,6,2,9,3,0,0,1,2,1,1,0,19;43;31;45;25;26;27;42;51;44;50;24;48;42;46;45;29;23;40;52;38,52;37;34;21;43,,790,187,0,33,33,0,0,1.0,1,1,0,0,48,74,1,57.0,2960,24,16,6,2,18,32,154,0,2766
2000,SF,REG,16,366,583,4400,32,10,25,-161,4,1,187,4400,211,138.0526704360797,,2,170,92,61,9,416,1801,15,8,4,98,-18.48136682320823,1,56,36,10,1,366,569,4400,32,6,4,187,0,211,167.2097988411226,2,170,92,61,9,0,661,80,264,66,307,15,38.0,270.0,39,13,278,84,2,1,0,0,12,-6,8,17,0,134,1135,57,16,6,2,22,9,26,220,69,1299,15,22,6,1,47.0,0.6818181818181818,0,6,6,3,0,0,0,0,2,3,1,0,21;38;47;33;29;38;44;32;30;26;22;28;38;28;44,53;49;34;43;33;48,29,498,260,29,43,45,2,0,0.9555555555555556,0,0,0,0,,69,1,56.0,2727,15,4,6,7,20,32,332,0,2255
2000,STL,REG,16,380,587,5492,37,23,44,-260,5,2,286,5492,247,,,2,223,123,79,21,383,1843,26,3,2,112,,2,58,44,8,1,380,581,5492,37,5,4,286,0,247,,2,223,122,79,21,2,682,125,159,77,354,11,51.0,288.0,50,19,135,73,0,0,0,0,11,3,6,115,2,111,942,71,15,8,0,23,12,34,521,80,1771,24,27,3,0,51.0,0.8888888888888888,2,7,7,6,2,0,0,0,1,1,1,0,48;48;27;47;25;30;30;51;21;31;33;20;48;46;28;50;30;43;28;38;26;19;19;39,50;37;47,,825,134,0,58,58,0,0,1.0,1,1,0,0,27,43,1,59.0,1736,13,4,7,5,10,17,132,0,1504
2000,TB,REG,16,237,433,2824,18,13,38,-241,2,2,266,2824,144,-0.0077136393878245,,0,116,58,38,5,490,2066,18,6,3,111,-12.991824561325307,1,54,39,12,2,237,423,2824,18,2,2,266,0,144,55.88959897794671,0,115,58,38,5,2,694,116,238,75,341,13,55.0,332.0,54,25,275,93,4,3,1,53,5,0,16,42,1,82,702,64,11,5,0,16,11,39,338,55,1255,28,34,5,1,55.0,0.8235294117647058,0,8,8,7,5,0,0,0,2,1,2,0,23;47;24;22;42;23;33;35;27;43;50;55;47;26;51;34;54;51;33;45;28;25;38;30;46;35;38;43,50;38;53;34;40,40,1048,215,40,42,42,0,0,1.0,0,0,0,0,,85,0,63.0,3551,18,5,7,8,24,41,408,1,2983
2000,TEN,REG,16,286,461,3430,18,16,27,-164,5,3,271,3430,167,33.29781631578471,,0,143,78,41,6,547,2084,14,12,6,107,-58.21848259972315,0,60,37,9,0,286,455,3430,18,5,4,271,0,167,63.37664628183848,0,143,78,41,6,1,623,106,179,89,360,26,55.0,338.0,50,17,285,89,4,1,0,0,10,-31,13,30,1,107,870,61,15,9,0,24,14,54,671,47,1227,27,34,7,0,50.0,0.7941176470588235,0,13,7,6,1,0,0,2,1,3,0,1,38;27;36;24;40;40;22;41;34;26;28;46;21;21;31;29;23;22;30;38;26;42;22;44;50;33;21,60;46;33;44;24;43;28,,855,278,0,37,38,1,0,0.9736842105263158,3,4,1,0,36;29;43;50,76,0,67.0,3101,33,6,12,9,21,28,160,0,2761
2000,WAS,REG,16,343,559,3892,18,21,32,-244,6,3,461,3892,185,34.33790497613013,,0,161,73,43,10,445,1748,14,5,3,97,-51.36739280567665,0,48,36,8,1,343,544,3892,18,4,3,461,0,185,85.05822868880252,0,161,73,43,10,0,681,69,129,78,345,15,45.0,286.0,43,17,219,68,0,4,1,0,10,-35,16,6,0,115,1009,62,14,8,0,22,12,36,356,63,1301,20,30,9,1,50.0,0.6666666666666666,0,11,5,3,1,0,0,0,4,4,1,0,24;21;26;25;28;20;24;37;35;28;29;37;47;41;39;26;20;32;41;50,30;33;42;51;33;44;39;49;43,35,630,364,35,27,29,2,0,0.9310344827586208,2,3,1,0,20;24;49,79,0,53.0,3160,23,5,11,5,25,33,342,2,2718
2001,ARI,REG,16,304,526,3653,18,14,29,-204,1,1,174,3653,177,39.79760293270838,,0,152,76,52,11,400,1449,10,14,5,77,-63.029842629813245,1,36,26,9,1,304,513,3653,18,4,3,174,0,177,88.41751428906375,0,152,76,52,11,0,660,210,270,49,187,11,19.0,128.0,21,17,294,73,3,0,0,0,12,-22,6,34,2,72,620,59,15,11,1,26,13,43,472,67,1487,21,26,5,0,50.0,0.8076923076923077,2,9,4,5,1,0,0,0,2,3,0,0,28;40;47;29;27;32;50;18;42;23;26;33;36;24;42;23;34;41;18;26;26,49;30;48;44;35,,665,206,0,32,32,0,0,1.0,2,2,0,0,42;36,87,0,58.0,3571,21,3,11,8,17,48,481,0,2930
2001,ATL,REG,16,278,485,3695,19,17,64,-387,10,6,225,3695,165,-24.231595747735884,,1,155,76,46,14,439,1762,9,7,3,85,-36.822058177523296,0,51,38,16,3,278,480,3695,19,1,1,225,0,165,92.468519330522,1,155,76,46,14,1,652,132,172,69,318,15,37.0,230.0,40,18,154,72,0,5,0,0,15,-8,12,14,0,90,754,59,17,10,1,27,11,34,463,70,1598,29,37,7,1,55.0,0.7837837837837838,1,8,14,4,2,0,0,0,1,4,2,0,28;24;25;34;55;44;39;24;36;31;38;20;31;19;26;39;32;39;41;24;22;35;32;35;32;43;52;49;33,44;58;49;36;50;44;40,44,982,321,44,28,28,0,0,1.0,1,1,0,0,52,69,0,55.0,2680,25,10,13,3,25,17,130,0,2490
2001,BAL,REG,16,343,595,3854,19,20,44,-310,6,4,210,3854,194,-39.432839895326886,,1,166,72,47,6,502,1885,13,15,6,96,-76.6475793217951,0,55,37,11,1,343,576,3854,19,4,3,210,0,194,32.56605671831872,1,166,72,47,6,0,716,155,249,84,380,23,47.0,303.0,46,17,221,99,5,2,0,0,15,-25,13,17,1,98,786,59,21,11,0,32,16,49,563,61,1425,30,36,6,0,49.0,0.8333333333333334,0,16,9,5,0,0,0,0,2,4,0,0,37;38;29;26;26;25;28;21;38;49;28;25;39;31;33;30;42;41;26;30;29;27;43;29;43;24;21;20;38;20,46;38;41;46;48;33,,936,252,0,28,28,0,0,1.0,0,0,0,0,,92,2,65.0,3592,31,7,13,11,25,36,222,0,3150
2001,BUF,REG,16,343,583,3872,19,22,50,-289,10,5,326,3872,187,-32.72109441905072,,1,154,76,50,10,427,1801,9,8,3,80,-35.00625634126697,0,45,35,10,2,343,559,3872,19,4,2,326,0,187,43.12515127046724,1,154,76,50,10,1,683,168,284,76,326,17,36.0,238.0,40,11,139,65,5,3,0,0,14,-51,8,22,0,126,989,70,23,5,1,28,13,24,225,87,1711,19,30,9,2,49.0,0.6333333333333333,0,10,2,7,0,0,0,0,2,7,0,0,37;22;48;49;23;28;30;41;46;41;24;25;26;20;27;41;25;41;28,37;49;41;39;45;49;45;49;43,44;48,622,397,92,24,25,1,0,0.96,0,0,0,0,,85,0,66.0,3487,17,13,12,8,10,42,420,0,2907
2001,CAR,REG,16,314,579,3098,12,22,32,-216,7,2,276,3098,144,-128.5195289353741,,0,118,57,32,4,354,1372,9,11,5,68,-69.15778013503247,0,43,29,4,0,314,568,3098,12,5,2,276,0,144,-67.891543227867,0,118,57,32,4,3,746,123,215,68,265,15,26.0,167.0,27,24,374,81,1,4,0,0,18,-36,11,94,2,87,747,61,21,12,3,33,13,39,420,76,1769,23,28,5,0,52.0,0.8214285714285714,0,10,4,7,2,0,0,0,0,2,3,0,23;30;26;31;46;52;45;45;27;20;25;41;28;47;23;51;37;22;29;30;46;29;40,51;53;47;44;52,,793,247,0,22,23,1,0,0.9565217391304348,0,0,0,0,,93,1,73.0,4419,35,7,8,17,19,42,425,1,3654
2001,CHI,REG,16,315,528,3072,20,16,17,-120,6,2,230,3072,153,-19.40472777108661,,0,115,54,35,7,475,1742,12,6,2,100,-44.42721712458287,1,45,34,10,1,315,523,3072,20,4,2,230,0,153,15.3613239249976,0,114,54,35,7,0,742,105,149,79,353,24,48.0,294.0,39,20,372,100,3,2,1,5,11,-32,17,217,2,64,622,56,12,9,2,21,8,45,405,51,1060,26,31,5,0,48.0,0.8387096774193549,0,6,7,13,0,0,0,1,1,3,0,0,20;46;45;42;46;43;48;37;47;38;41;26;40;30;43;46;26;30;46;39;37;38;47;23;25;22,43;48;43;39;23,,971,196,0,34,34,0,0,1.0,0,0,0,0,,88,0,60.0,3743,37,6,15,8,14,45,327,0,3256
2001,CIN,REG,16,342,634,3480,14,26,31,-228,6,2,406,3480,186,-54.83832446443798,,1,144,60,33,2,466,1809,13,13,5,105,-44.948008360781806,0,49,31,13,2,342,620,3480,14,3,1,406,0,186,2.914849277205361,1,144,60,33,2,0,740,88,268,99,395,16,52.0,344.0,49,14,192,79,7,4,1,0,16,-35,15,153,1,109,902,70,20,9,2,29,11,36,350,64,1279,17,28,11,0,52.0,0.6071428571428571,0,4,8,4,1,0,0,2,3,5,1,0,36;47;33;27;42;21;39;26;52;23;41;47;34;31;30;33;34,43;39;45;51;22;39;47;43;47;32;28,,596,436,0,27,28,1,0,0.9642857142857144,2,2,0,0,31;34,93,1,59.0,3763,25,3,15,8,19,47,374,0,3229
2001,CLE,REG,16,298,503,3324,19,23,53,-362,4,1,311,3324,147,-51.5834280093082,,0,129,70,43,7,436,1449,8,12,6,83,-61.137284512281646,1,37,32,6,2,298,496,3324,19,5,2,311,0,147,13.449740973649678,0,129,70,43,7,0,754,220,264,83,343,21,46.0,311.0,41,34,499,133,6,4,1,0,13,11,10,65,2,102,888,52,17,9,1,26,12,34,259,68,1383,22,26,4,0,48.0,0.8461538461538461,0,10,8,4,0,0,0,0,1,3,0,0,48;22;33;35;28;30;31;27;33;40;29;42;23;27;23;33;27;39;22;29;30;44,37;46;42;48,,695,173,0,31,32,1,0,0.96875,0,0,0,0,,105,0,69.0,4536,26,12,15,10,13,55,714,1,3622
2001,DAL,REG,16,210,413,2408,14,20,34,-190,6,2,373,2408,110,-87.11508426607513,,0,91,51,32,8,505,2184,8,10,7,114,-47.555139521347456,0,72,47,14,5,210,398,2408,14,1,0,373,0,110,-24.74874368809849,0,91,51,32,8,1,684,75,191,58,214,17,24.0,130.0,19,9,191,70,3,4,0,0,9,-38,16,8,0,91,744,60,16,9,3,25,14,41,493,64,1476,22,33,8,3,46.0,0.6666666666666666,0,8,9,5,0,0,0,0,1,6,1,0,22;46;41;43;28;39;26;31;22;28;39;30;43;38;39;38;41;37;27;22;20;33,41;52;47;34;41;44;48;41,34;41;47,733,348,122,24,24,0,0,1.0,1,1,0,0,26,78,3,57.0,3135,25,4,12,6,18,38,493,0,2522
2001,DEN,REG,16,312,511,3208,26,19,42,-268,5,1,235,3208,174,-3.74130275563783,,2,143,54,30,2,481,1877,7,8,2,106,-33.72367287997169,1,41,32,11,2,312,496,3208,26,6,4,235,0,174,59.168865481885504,2,143,54,30,2,1,711,91,145,82,357,15,39.0,279.0,35,22,240,87,1,3,0,0,11,-2,15,18,0,95,917,68,14,9,5,23,8,31,405,67,1576,31,36,4,1,50.0,0.8611111111111112,0,11,8,10,2,0,0,0,0,2,1,1,37;49;31;35;43;49;48;24;45;50;39;21;25;29;26;33;33;24;50;46;28;45;42;20;34;36;49;27;25;42;25,65;42;45;54,48,1110,206,48,31,31,0,0,1.0,0,0,0,0,,81,1,64.0,3668,25,8,7,8,10,48,517,1,2991
2001,DET,REG,16,343,609,3969,18,24,66,-373,11,7,419,3969,184,-78.63928156108423,,1,169,82,52,6,351,1398,8,4,3,74,-49.47349331599865,1,38,29,13,0,343,586,3969,18,4,2,419,0,184,47.28225198327278,1,169,82,52,6,0,657,117,265,68,304,9,31.0,224.0,29,16,217,72,3,1,0,0,9,-27,6,8,1,116,1081,63,18,6,1,24,14,29,255,80,1876,21,30,8,1,54.0,0.7,1,2,8,6,4,0,0,0,0,5,2,1,49;39;19;51;23;51;24;39;45;38;49;33;54;36;39;30;50;42;44;36;47,65;43;45;48;40;48;51;51,40,838,391,40,23,23,0,0,1.0,0,0,0,0,,75,0,62.0,3225,22,2,8,10,16,39,387,1,2638
2001,GB,REG,16,340,555,4232,33,17,27,-176,9,5,254,4232,203,83.7250164514571,,2,174,86,57,13,433,1755,11,13,6,74,-52.72675048917381,0,42,31,13,5,340,547,4232,33,2,0,254,0,203,127.8574132508044,2,174,86,57,13,1,705,164,288,68,307,22,53.0,347.0,45,20,344,107,4,4,1,0,13,-56,20,113,2,93,744,61,18,12,3,30,14,35,274,59,1115,22,34,11,1,54.0,0.6470588235294118,0,3,11,7,1,0,0,0,1,8,2,0,28;32;30;42;46;35;33;40;31;39;45;46;39;34;30;27;33;54;39;24;44;43,48;37;47;51;42;41;52;42;41;45;45,29,814,491,29,45,46,0,1,0.9782608695652174,0,0,0,0,,88,0,68.0,3730,24,5,15,11,20,36,300,0,3210
2001,IND,REG,16,349,557,4227,27,23,30,-238,4,2,339,4227,206,29.779462905473498,,2,165,83,57,11,438,1966,16,10,7,110,-21.356976259509747,1,57,42,12,2,349,543,4227,27,4,4,339,0,206,73.56018939305623,2,165,83,57,11,2,630,241,271,58,289,11,40.0,257.0,38,15,158,67,1,2,0,0,5,-5,10,4,1,76,730,53,15,5,0,20,15,29,290,84,1832,28,34,4,2,52.0,0.8235294117647058,0,7,6,12,3,0,0,0,0,3,1,0,37;47;34;42;42;24;50;42;34;41;47;25;52;41;33;25;35;40;39;21;50;43;48;22;40;45;22;25,45;49;54;45,46;25,1046,193,71,41,42,1,0,0.9761904761904762,0,0,0,0,,68,0,65.0,3023,12,3,5,12,13,35,486,1,2297
2001,JAC,REG,8,163,266,1875,10,7,37,-265,7,4,110,1875,95,,,0,91,37,21,1,180,751,4,2,2,40,,0,22,20,6,0,163,262,1875,10,2,1,110,0,95,,0,91,37,21,1,1,347,78,130,47,177,5,22.0,130.0,21,5,14,28,0,0,0,0,5,0,4,6,0,46,316,28,12,1,1,13,7,17,156,28,592,12,16,3,1,48.0,0.75,0,3,4,5,0,0,0,0,0,2,1,0,32;48;48;40;38;43;46;37;39;23;21;21,52;47;44,36,436,143,36,12,14,2,0,0.8571428571428571,0,0,0,0,,35,0,58.0,1493,11,4,5,5,4,17,68,0,1325
2001,KC,REG,16,322,565,4146,18,25,43,-232,6,2,407,4146,190,-3.2922824442029013,,2,175,85,57,14,474,2190,18,7,4,128,19.851382386040136,1,69,45,13,2,322,551,4146,18,3,2,407,0,190,62.48233666870404,2,175,85,57,14,0,774,126,162,74,294,21,33.0,260.0,28,15,168,62,5,4,2,0,10,-4,15,16,0,73,646,69,12,9,0,21,11,46,333,67,1408,28,37,9,0,51.0,0.7567567567567568,0,10,9,8,1,0,0,2,1,5,1,0,31;33;33;23;35;49;29;33;48;22;37;28;23;26;29;43;36;51;43;41;32;33;41;28;47;40;29;27,37;49;28;28;41;41;42;43;53,,970,362,0,30,31,0,1,0.967741935483871,1,1,0,0,32,79,0,76.0,3208,28,9,13,5,18,34,281,1,2827
2001,MIA,REG,16,275,453,3335,20,19,27,-178,3,3,316,3335,154,42.109515333563465,,0,136,68,42,7,473,1664,14,8,4,95,-31.83107653126369,1,38,28,5,1,275,449,3335,20,7,7,316,0,154,58.887081027211224,0,136,68,42,7,0,574,110,354,57,235,19,37.0,230.0,32,17,412,85,5,4,0,0,5,0,11,3,2,107,914,50,23,2,1,25,19,43,471,57,1222,19,21,2,0,46.0,0.9047619047619048,1,8,8,2,0,0,0,0,0,2,0,0,37;27;26;19;34;27;26;46;36;45;29;31;31;25;39;36;36;22;20,42;49,,592,91,0,39,40,0,1,0.975,0,0,0,0,,81,0,77.0,3321,28,7,23,7,14,30,136,0,3045
2001,MIN,REG,16,335,555,3854,23,23,47,-278,11,7,366,3854,179,-28.559558101213614,,1,147,76,46,10,376,1609,10,11,3,88,-12.475235253147757,2,46,30,7,0,335,541,3854,23,5,4,366,0,179,62.09059289445832,1,147,76,44,10,0,679,125,241,74,285,15,30.0,204.0,33,8,47,70,1,4,0,38,19,-20,9,46,1,109,836,73,23,12,1,35,16,45,307,77,1647,15,18,3,0,44.0,0.8333333333333334,0,7,2,6,0,0,0,0,2,1,0,0,20;24;29;41;42;36;43;44;21;25;27;32;44;42;26,41;38;39,,496,118,0,29,30,0,1,0.9666666666666668,0,0,0,0,,72,0,67.0,3029,19,6,12,13,7,34,366,0,2403
2001,NE,REG,16,306,482,3326,21,15,46,-237,9,2,295,3326,163,13.953886884635963,,0,131,67,38,8,473,1793,15,12,8,101,-46.0986553304903,0,42,29,10,2,306,475,3326,21,3,2,295,0,163,80.25133075315482,0,131,67,38,8,2,560,238,294,59,262,14,41.0,234.0,38,22,422,87,5,4,0,35,14,-33,13,9,0,92,802,61,23,6,2,29,13,33,440,59,1184,24,30,6,0,54.0,0.8,1,8,7,7,1,0,0,0,1,5,0,0,39;24;47;48;35;37;26;23;44;43;24;44;48;33;28;54;38;40;32;25;23;32;23;19,44;43;45;46;39;48,,829,265,0,41,42,0,1,0.9761904761904762,2,2,0,0,44;23,74,0,76.0,3042,28,7,19,5,17,26,124,0,2818
2001,NO,REG,16,313,562,3844,27,22,50,-330,4,0,373,3844,184,11.80942063781684,,1,148,86,55,13,419,1712,8,16,6,87,-64.28769057120853,0,50,37,4,2,313,543,3844,27,5,5,373,0,184,74.23086313505952,1,148,86,55,13,0,637,186,212,74,340,20,53.0,323.0,48,15,209,64,0,9,1,0,18,-46,15,93,1,119,1025,60,19,16,3,35,13,37,288,87,2027,27,31,2,2,50.0,0.8709677419354839,0,7,11,8,1,0,0,0,0,2,0,0,31;32;30;50;23;45;29;33;30;39;23;31;33;44;44;23;27;43;42;35;36;46;48;31;42;24;29,48;42,48;43,943,90,91,32,32,0,0,1.0,1,1,0,0,27,76,0,62.0,3180,24,3,12,7,18,36,316,1,2724
2001,NYG,REG,16,327,568,3764,19,16,36,-206,10,4,294,3764,189,-3.1695109553920187,,0,147,73,52,7,424,1777,11,19,5,93,-40.82191507858705,2,52,39,14,2,327,555,3764,19,5,0,294,0,189,73.82262165784303,0,149,73,51,7,0,625,200,234,82,323,15,46.0,320.0,41,15,129,84,1,4,0,0,24,-62,13,73,1,97,905,49,24,17,4,41,13,47,376,60,1062,23,30,7,0,51.0,0.7666666666666667,0,8,7,6,2,0,0,0,1,1,4,1,42;34;50;26;22;24;21;24;40;42;25;43;36;51;47;35;41;39;32;33;25;32;27,63;51;49;59;38;52;55,,791,367,0,29,30,0,1,0.9666666666666668,1,1,0,0,42,96,0,90.0,4051,28,22,12,8,9,45,543,1,3348
2001,NYJ,REG,16,272,464,2871,17,14,19,-130,4,0,214,2871,151,7.607673368104286,,0,119,63,39,1,445,2054,11,9,4,105,-31.01815201444732,0,69,47,13,2,272,453,2871,17,1,1,214,0,151,48.092753730487445,0,119,63,39,1,2,581,279,305,55,243,21,33.0,171.0,32,20,390,78,2,4,0,11,14,-36,19,28,2,63,507,50,12,10,1,22,7,34,323,56,1196,24,31,6,1,53.0,0.7741935483870968,1,8,5,7,3,0,0,0,2,2,2,0,22;26;24;43;34;39;47;23;51;31;43;19;40;50;24;47;22;48;46;24;33;28;32;53,43;35;51;40;34;50,50,849,253,50,32,32,0,0,1.0,0,0,0,0,,76,0,59.0,2966,24,7,18,6,11,34,446,1,2400
2001,OAK,REG,16,364,553,3862,27,9,27,-155,9,4,183,3862,195,,,0,152,74,45,5,450,1654,14,9,7,102,,1,35,23,5,0,364,538,3862,27,2,0,183,0,195,,0,152,74,45,5,2,633,179,237,66,309,10,41.0,204.0,45,17,306,80,0,0,0,0,10,-6,7,37,1,107,897,51,21,6,1,27,16,29,339,66,1524,26,32,5,1,52.0,0.8125,0,8,10,7,1,0,0,1,1,2,1,0,43;42;36;31;42;25;45;20;39;42;37;42;32;31;52;37;24;25;24;20;31;35;28;23;44;37,59;40;33;42;28,41,887,202,41,43,44,1,0,0.9772727272727272,1,1,0,0,31,73,1,65.0,3375,23,16,6,12,5,34,502,0,2633
2001,PHI,REG,16,300,522,3427,27,14,40,-282,6,2,262,3427,146,1.2751293305678046,,0,126,68,46,9,412,1778,6,6,4,90,-33.43324516290237,0,58,40,9,2,300,510,3427,27,3,2,262,0,146,64.85663864633437,0,126,68,46,9,1,757,73,199,89,368,27,45.0,283.0,41,14,152,108,2,2,0,0,10,-29,19,59,2,100,768,56,13,7,0,20,10,44,508,49,1165,26,31,5,0,50.0,0.8387096774193549,1,9,7,7,2,0,0,0,1,3,1,0,50;48;21;40;19;42;28;25;34;36;21;24;46;26;28;30;49;24;33;38;37;40;50;20;35;47,49;44;43;34;50,,891,220,0,37,38,0,1,0.9736842105263158,1,1,0,0,35,97,0,64.0,4221,26,4,11,10,16,56,488,0,3533
2001,PIT,REG,16,289,480,3493,19,12,32,-182,1,0,213,3493,159,65.6837097070182,,0,137,76,52,8,609,2875,17,17,7,154,0.7457764499226949,0,88,68,27,6,289,472,3493,19,3,2,213,0,159,109.30721668061432,0,137,76,52,8,0,656,128,204,106,533,20,58.0,387.0,52,18,311,99,8,6,0,0,17,-11,14,151,3,90,768,44,13,17,5,30,9,53,461,47,901,30,45,15,0,55.0,0.6666666666666666,0,7,15,6,2,0,0,1,5,9,0,0,41;30;52;26;42;48;42;55;35;42;27;38;31;27;37;37;32;48;28;39;37;26;33;38;20;22;33;37;31;38,22;33;48;41;33;48;35;45;47;40;40;44;32;48;38,,1072,594,0,37,40,3,0,0.925,1,1,0,0,32,68,1,64.0,2885,24,6,9,7,15,31,361,0,2384
2001,SD,REG,16,309,548,3685,16,18,27,-180,3,0,364,3685,177,,,0,152,83,47,5,435,1695,13,10,6,92,,0,47,32,9,2,309,540,3685,16,6,4,364,0,177,,0,152,83,47,5,3,710,135,167,70,282,16,41.0,218.0,35,19,162,74,0,0,0,0,14,-24,12,60,2,97,777,65,15,11,1,26,11,44,415,66,1716,30,43,13,0,51.0,0.6976744186046512,0,17,7,5,1,0,0,2,5,4,2,0,21;48;32;22;24;23;43;22;21;38;21;27;21;51;37;25;48;35;29;26;26;26;29;31;27;32;25;40;41;36,41;38;36;59;36;41;43;25;27;53;34;37;46,,927,516,0,32,32,0,0,1.0,0,0,0,0,,78,0,62.0,3308,25,15,12,4,15,32,346,0,2882
2001,SEA,REG,16,258,462,3164,15,12,49,-328,5,2,184,3164,141,1.4755373349568766,,1,122,69,45,12,469,1936,15,9,4,107,-29.060319014748053,0,47,31,9,5,258,451,3164,15,3,1,184,0,141,92.2507907576525,1,122,69,45,12,1,674,193,219,54,241,24,38.0,248.0,31,14,186,78,2,2,1,9,12,-10,13,38,1,66,579,66,17,7,3,24,9,33,352,72,1496,20,32,12,0,54.0,0.625,0,7,4,6,3,0,0,1,1,8,2,0,49;23;52;41;25;44;23;36;42;33;20;40;38;51;43;24;22;37;20;54,43;53;55;40;35;28;48;43;48;41;48;44,,717,526,0,33,33,0,0,1.0,3,3,0,0,52;24;54,85,1,68.0,3730,26,9,15,7,11,43,462,1,3128
2001,SF,REG,16,318,506,3559,32,12,26,-114,2,1,87,3559,184,90.21554582061012,,1,135,63,41,10,509,2244,16,10,3,121,11.328369136392087,0,61,40,11,1,318,498,3559,32,3,3,87,0,184,126.9917976845258,1,135,63,41,10,0,657,163,177,60,245,20,32.0,220.0,30,24,330,82,2,2,0,0,10,-14,10,62,1,82,669,52,9,10,2,19,7,23,151,61,1336,18,25,3,4,52.0,0.72,1,6,6,4,1,0,0,0,1,2,0,0,39;20;24;52;33;19;49;35;29;40;27;40;26;30;46;21;32;39,32;41;46,44;49;19;22,601,119,134,47,47,0,0,1.0,2,2,0,0,24;26,69,0,64.0,2813,21,7,10,4,14,34,290,0,2443
2001,STL,REG,16,379,551,4903,37,22,40,-240,7,3,383,4903,236,,,1,203,124,82,12,416,2027,20,11,7,104,,1,48,40,14,6,379,545,4903,37,11,6,383,0,236,,1,203,124,82,12,0,651,159,185,80,327,16,45.0,251.0,42,21,366,81,0,0,0,0,14,-33,13,85,1,107,847,70,27,11,2,38,22,43,400,55,1123,23,29,6,0,54.0,0.7931034482758621,0,11,5,6,1,0,0,0,0,6,0,0,20;26;44;40;25;28;33;25;47;24;54;25;35;35;44;42;24;22;39;43;27;33;24,40;42;45;45;45;42,,759,259,0,58,58,0,0,1.0,1,1,0,0,26,43,0,58.0,1809,9,3,10,7,6,17,167,0,1502
2001,TB,REG,16,362,592,3621,13,12,47,-298,3,2,231,3621,189,3.996930388347393,,2,151,66,36,2,407,1371,17,3,2,84,-32.589911955322854,1,39,25,6,0,362,582,3621,13,4,3,231,0,189,62.57623759435558,2,151,66,36,2,2,625,120,254,71,307,15,42.0,272.0,40,28,419,100,2,3,0,18,6,-10,11,0,0,77,672,50,11,6,1,17,10,38,396,54,1208,28,35,7,0,49.0,0.8,0,11,10,7,0,0,0,1,0,3,3,0,39;25;25;49;31;44;48;33;49;37;35;25;38;26;36;38;48;21;25;20;24;32;27;42;38;24;42;23,52;53;48;25;43;51;40,,944,312,0,30,30,0,0,1.0,2,2,0,0,35;21,83,0,61.0,3382,26,6,13,8,12,44,380,1,2842
2001,TEN,REG,16,324,542,4102,23,17,46,-334,3,1,232,4102,189,47.68036738511964,,3,167,85,58,11,498,1913,13,14,9,91,-60.40085082266329,0,44,36,13,2,324,532,4102,23,2,1,232,0,189,120.42943497667972,3,167,84,58,11,3,673,131,227,84,367,14,36.0,213.0,34,13,78,88,1,5,1,95,9,-15,11,47,1,122,1045,67,15,7,0,22,13,41,316,73,1460,22,31,9,0,51.0,0.7096774193548387,0,6,7,8,1,0,0,0,1,7,1,0,51;22;35;43;39;44;45;49;38;46;30;46;27;41;37;49;29;37;24;22;21;31,47;37;46;47;48;51;46;48;44,,806,414,0,35,36,1,0,0.9722222222222222,2,2,0,0,49;46,90,0,70.0,3807,28,6,15,8,20,41,351,0,3296
2001,WAS,REG,16,235,432,2716,13,13,38,-229,2,2,213,2716,122,-52.81045626824274,,1,111,46,31,6,490,1948,10,19,6,104,-40.291341945213674,1,60,39,9,0,235,419,2716,13,2,2,213,0,122,5.9516182839426275,1,111,46,31,6,1,681,110,154,59,224,19,25.0,139.0,24,23,209,80,1,5,1,0,18,-25,11,-3,0,104,828,72,12,21,0,33,15,41,431,65,1354,26,33,7,0,55.0,0.7878787878787878,0,8,8,8,2,0,0,0,3,4,0,0,40;30;28;35;55;41;23;43;20;43;23;48;43;32;22;42;47;25;34;26;53;22;34;37;36;33,44;32;37;47;44;39;48,,915,291,0,22,22,0,0,1.0,1,1,0,0,23,91,0,59.0,3775,28,12,10,9,16,44,434,1,3161
2002,ARI,REG,16,291,548,3038,18,22,41,-298,5,3,352,3038,148,-77.48663112968721,,1,126,57,30,3,414,1823,10,14,9,94,-33.0789361582349,0,53,40,13,3,291,528,3038,18,1,1,352,0,148,19.75523315046393,1,126,57,30,3,1,633,203,281,54,184,7,21.0,131.0,21,17,186,67,2,2,0,0,13,-23,8,21,0,76,617,59,16,10,0,26,13,36,221,81,1797,15,21,6,0,50.0,0.7142857142857143,0,6,2,6,1,0,0,1,0,2,3,0,36;20;39;23;41;28;50;41;23;40;40;27;29;41;42,52;42;53;28;51;40,,520,266,0,29,29,0,0,1.0,3,3,0,0,50;40;42,88,1,58.0,3864,28,4,14,10,18,42,547,3,3117
2002,ATL,REG,16,268,479,3384,18,12,36,-217,6,2,205,3384,163,42.343065739691994,,0,142,71,48,9,523,2368,23,10,6,124,-2.8099031913181447,0,62,50,17,5,268,452,3384,18,5,5,205,0,163,110.2926399538917,0,142,71,48,9,1,677,128,174,66,309,20,47.0,298.0,43,24,285,80,1,2,0,0,6,-4,15,55,1,105,931,59,20,4,3,24,15,32,325,63,1404,32,40,6,2,52.0,0.8,0,8,12,11,1,0,0,1,2,2,1,0,21;52;37;27;44;26;34;34;32;31;41;45;49;31;32;47;23;40;36;40;42;44;30;22;23;23;36;20;39;42;49;30,50;45;46;39;36;28,56;28,1122,244,84,42,43,0,1,0.9767441860465116,1,3,1,1,45;47;56,67,0,59.0,2804,21,4,11,5,24,23,109,0,2595
2002,BAL,REG,16,262,479,3118,20,14,41,-271,9,5,212,3118,145,-32.26810893093469,,1,120,64,40,5,427,1792,9,13,8,90,-30.140076201619983,1,43,31,12,1,262,471,3118,20,2,1,212,0,145,45.496992241225165,1,120,64,40,5,4,737,165,229,72,339,13,33.0,232.0,30,25,449,105,2,4,0,140,12,-29,6,5,1,101,846,61,22,12,3,34,18,34,384,68,1433,21,26,4,1,51.0,0.8076923076923077,0,9,4,7,1,0,0,0,1,3,0,0,23;41;43;28;27;28;41;51;30;28;32;33;26;43;26;22;22;47;31;43;43,47;46;49;38,55,708,180,55,33,33,0,0,1.0,0,0,0,0,,82,2,61.0,3401,32,5,18,5,14,40,471,2,2830
2002,BUF,REG,16,377,612,4364,24,15,54,-369,8,4,148,4364,218,57.56415576919806,,0,174,79,45,13,388,1596,17,14,8,90,-37.35589892800359,0,47,29,10,0,377,602,4364,24,4,2,148,0,218,139.8044318513711,0,174,79,45,13,1,572,189,303,43,206,10,31.0,212.0,25,10,147,64,1,1,0,0,13,-8,9,47,1,112,1031,66,23,6,0,29,16,30,157,71,1405,25,33,7,1,54.0,0.7575757575757576,0,7,8,7,3,0,0,1,1,3,2,0,52;52;20;20;54;38;48;49;30;33;46;26;44;33;23;33;27;43;40;39;26;42;36;32;25,50;44;50;25;45;46;33,39,911,293,39,40,40,0,0,1.0,0,0,0,0,,66,1,84.0,2844,18,8,9,7,13,29,294,0,2410
2002,CAR,REG,16,255,464,2981,15,22,44,-287,10,6,459,2981,133,-83.75302277419564,,0,108,60,51,6,452,1586,11,9,6,82,-95.9382424786774,1,43,32,7,1,255,449,2981,15,3,2,459,0,133,15.0989495202822,0,108,60,51,6,2,731,98,208,81,349,23,52.0,336.0,41,17,261,107,1,5,1,20,8,-33,16,40,1,94,785,59,18,10,2,28,18,57,487,60,1208,15,25,8,2,50.0,0.6,1,4,2,6,2,0,0,1,2,4,1,0,27;23;32;48;50;44;20;47;39;19;42;43;44;25;50,50;40;45;39;24;44;44;32,46;22,553,318,68,29,29,0,0,1.0,0,0,0,0,,104,1,67.0,4735,30,7,14,12,7,63,554,0,3941
2002,CHI,REG,16,310,543,3316,22,18,44,-265,7,4,263,3316,156,-79.34498932925385,,0,120,62,49,7,382,1344,8,12,7,79,-60.738756454474824,0,30,20,6,0,310,533,3316,22,2,2,263,0,156,10.81513446468827,0,120,61,48,7,0,765,142,222,72,294,22,35.0,252.0,32,9,111,65,0,4,0,0,10,5,19,156,1,95,864,69,16,13,2,29,17,38,359,83,1762,22,28,5,1,53.0,0.7857142857142857,0,4,5,8,5,0,0,0,1,1,3,0,49;49;31;25;25;46;24;53;42;30;53;39;40;32;37;48;50;22;40;52;53;48,43;50;58;35;52,48,888,238,48,29,29,0,0,1.0,1,1,0,0,40,87,0,66.0,3604,26,10,10,2,19,46,386,0,3178
2002,CIN,REG,16,350,591,3732,17,22,37,-256,12,6,325,3732,186,-76.98963686034881,,0,153,64,32,5,426,1730,13,7,3,105,-2.2507092062415945,0,37,25,7,1,350,571,3732,17,1,0,325,0,186,4.791772098969719,0,153,64,32,5,1,699,74,230,60,227,13,24.0,153.0,21,9,187,53,2,5,0,0,11,-13,11,111,1,99,884,61,19,7,2,26,13,28,131,85,1905,15,18,3,0,54.0,0.8333333333333334,2,5,3,3,2,0,0,0,0,2,1,0,21;54;24;44;25;43;35;37;31;40;24;51;18;25;19,45;46;52,,491,143,0,30,32,1,1,0.9375,0,0,0,0,,72,1,57.0,2787,12,6,13,4,8,41,611,3,2096
2002,CLE,REG,16,348,566,3738,28,22,38,-272,5,2,396,3738,175,17.457221351312032,,1,137,69,47,10,437,1772,11,5,2,84,-19.350113234071248,1,44,31,10,3,348,555,3738,28,3,3,396,0,175,64.61504530456571,1,137,69,47,10,3,735,167,233,62,244,20,31.0,192.0,23,19,181,83,3,3,0,0,9,-19,12,14,0,112,896,60,14,5,1,19,9,34,435,68,1385,24,30,5,1,52.0,0.8,0,10,7,5,2,0,0,1,1,2,1,0,20;32;34;41;52;45;33;28;28;50;35;43;23;26;35;27;40;28;25;33;33;22;29;40,52;45;24;30;42,36,802,193,36,36,37,1,0,0.972972972972973,1,1,0,0,33,90,0,59.0,3750,33,7,19,6,13,45,412,1,3218
2002,DAL,REG,16,252,471,3020,14,16,54,-399,15,10,327,3020,129,-106.58763606063526,,0,115,50,34,10,423,1754,7,6,3,87,-65.31013175976139,0,63,39,9,1,252,447,3020,14,5,3,327,0,129,7.648217340105555,0,115,50,34,10,2,757,78,186,64,204,16,24.0,137.0,21,19,227,77,3,3,0,41,13,-16,10,8,0,105,974,56,26,7,2,33,18,39,325,68,1521,12,19,7,0,48.0,0.631578947368421,0,3,5,4,0,0,0,0,2,4,1,0,33;47;33;35;48;32;21;21;42;23;37;42,42;45;49;52;33;37;47,,414,305,0,25,25,0,0,1.0,1,1,0,0,48,112,1,60.0,4568,25,6,18,10,20,58,637,0,3731
2002,DEN,REG,16,359,554,4139,21,20,46,-315,4,1,248,4139,199,37.813093232448864,,0,162,71,43,10,457,2266,21,11,5,125,28.35598014328592,0,55,38,15,3,359,541,4139,21,1,1,248,0,199,119.04438653231335,0,162,71,43,10,0,688,128,194,69,274,14,40.0,251.0,36,9,107,64,2,3,1,10,14,-15,13,55,1,104,877,69,11,10,0,21,7,34,275,63,1456,26,36,9,1,55.0,0.7222222222222222,1,9,7,5,4,0,0,0,2,5,2,0,41;34;32;28;40;36;33;52;23;40;55;32;33;25;19;27;45;54;24;22;23;30;25;44;54;21,49;57;44;48;39;40;53;33;46,43,892,409,43,42,43,1,0,0.9767441860465116,1,1,0,0,25,53,2,63.0,2145,14,4,10,6,10,23,223,0,1802
2002,DET,REG,16,277,577,3168,19,25,20,-174,4,2,264,3168,150,-121.01120408653,,1,121,60,40,10,358,1477,9,5,2,69,-41.855374697261546,0,42,34,14,2,277,559,3168,19,1,0,264,0,150,-59.30958406086775,1,121,60,40,10,3,771,95,283,61,281,19,33.0,254.0,29,10,173,96,1,4,0,75,5,-12,14,42,2,104,916,61,7,7,3,14,6,42,363,83,2039,23,28,5,0,49.0,0.8214285714285714,0,8,8,7,0,0,0,0,1,1,3,0,33;23;34;23;38;49;30;24;48;35;42;44;43;22;23;45;39;46;26;20;37;25;37,55;50;33;57;44,,786,239,0,31,31,0,0,1.0,2,2,0,0,48;43,91,0,57.0,3838,29,2,15,7,14,53,239,0,3459
2002,GB,REG,16,361,580,3823,29,16,27,-196,6,3,221,3823,197,44.54447667395406,,0,156,73,42,7,451,1933,12,9,4,94,-25.59146276883075,0,55,34,9,2,361,571,3823,29,5,5,221,0,197,74.8947939284339,0,156,73,42,7,0,575,216,312,52,224,24,43.0,241.0,31,24,516,95,4,6,0,44,15,-14,21,10,0,108,913,46,15,13,1,28,12,46,191,63,1284,28,34,5,1,49.0,0.8235294117647058,1,8,12,7,0,0,0,0,1,3,1,0,28;42;34;27;36;46;34;47;30;49;35;36;41;28;27;30;40;36;33;21;31;27;33;19;48;28;33;23,42;36;50;42;42,28,942,212,28,44,44,0,0,1.0,1,1,0,0,34,79,0,57.0,3296,26,2,8,6,22,41,357,1,2819
2002,HOU,REG,16,251,481,2838,12,15,81,-449,8,3,211,2838,128,-126.52961747260456,,2,117,56,35,5,456,1473,7,17,6,66,-108.0352900384988,0,36,26,5,0,251,452,2838,12,1,0,211,0,128,-4.792322102876945,2,117,56,35,5,2,739,159,245,73,317,11,39.0,260.0,37,10,188,112,5,5,4,0,19,-28,12,51,1,141,1061,70,16,18,1,34,14,57,581,83,1661,18,27,7,2,51.0,0.6666666666666666,0,3,2,11,2,0,0,0,1,2,4,0,42;45;24;48;26;47;43;34;45;23;51;40;50;34;43;41;46;42,54;40;50;45;35;53;50,46;19,724,327,65,22,22,0,0,1.0,0,0,0,0,,122,2,62.0,5073,37,1,15,8,34,63,390,0,4523
2002,IND,REG,16,414,626,4428,29,20,24,-148,6,2,261,4428,224,73.02321172390204,,3,178,84,53,11,466,1679,13,5,3,101,-50.390450242676366,1,38,25,6,1,414,622,4428,29,10,6,261,0,224,92.67120844557486,3,178,84,53,11,0,694,164,238,63,320,26,37.0,251.0,24,10,170,76,6,5,0,46,10,-1,19,42,0,96,770,74,17,12,5,29,14,39,282,69,1381,24,33,8,1,54.0,0.7272727272727273,1,8,6,6,3,0,0,1,0,6,1,0,27;25;23;26;39;37;39;50;43;25;38;41;48;32;41;54;51;31;46;44;20;27;19;27,52;47;48;46;48;23;42;44,33,853,350,33,36,36,0,0,1.0,2,2,0,0,38;51,69,1,69.0,2828,28,8,6,9,17,29,171,0,2477
2002,JAC,REG,8,148,252,1649,10,7,20,-117,2,1,122,1649,88,,,0,66,25,17,2,222,1076,8,5,4,52,,1,32,26,8,2,148,239,1649,10,0,0,122,0,88,,0,66,25,17,2,0,338,77,109,31,124,8,17.0,102.0,15,6,97,42,0,0,1,0,2,0,8,6,0,51,402,34,5,2,0,7,5,12,116,34,610,7,11,4,0,32.0,0.6363636363636364,0,5,2,0,0,0,0,0,1,3,0,0,26;22;24;22;31;32;23,43;39;40;41,,180,163,0,16,16,0,0,1.0,0,0,0,0,,35,0,61.0,1478,12,1,6,4,8,16,138,0,1260
2002,KC,REG,16,292,477,3763,27,13,26,-141,0,0,328,3763,179,97.35806588549868,,0,155,83,47,13,462,2378,26,3,1,140,60.707557259430544,1,73,60,16,1,292,466,3763,27,0,0,328,0,179,142.35823329204956,0,155,83,47,13,3,750,154,180,61,258,14,34.0,215.0,33,18,302,73,0,3,0,34,4,8,13,57,1,75,700,57,2,5,1,7,2,29,390,67,1474,23,27,4,0,50.0,0.8518518518518519,0,6,11,5,1,0,0,0,0,4,0,0,33;30;25;38;39;39;50;24;36;40;27;28;43;41;32;46;22;33;43;38;31;21;38,43;45;46;43,,797,177,0,54,54,0,0,1.0,1,1,0,0,30,64,1,56.0,2422,15,9,12,6,10,27,274,0,2028
2002,MIA,REG,16,271,455,3069,18,15,25,-179,6,2,247,3069,155,21.77125728546017,,0,124,54,38,5,530,2502,24,13,9,139,-13.33018199808849,0,81,57,9,5,271,443,3069,18,6,4,247,0,155,60.31250210029133,0,124,54,38,5,0,589,120,316,60,288,15,47.0,327.0,44,21,258,78,1,2,0,0,9,-5,9,27,1,103,859,50,21,6,2,27,15,31,293,63,1483,24,31,7,0,53.0,0.7741935483870968,0,13,2,7,2,0,0,1,1,4,1,0,53;25;29;42;29;25;40;33;53;42;46;28;42;49;20;38;23;23;29;25;27;41;25;28,28;31;45;48;54;40;47,,815,293,0,42,43,0,1,0.9767441860465116,1,1,0,0,53,69,0,56.0,2772,14,12,8,6,4,39,273,0,2379
2002,MIN,REG,16,337,558,3951,19,23,49,-266,16,7,619,3951,191,28.569210739390993,,0,156,79,50,10,473,2507,26,13,5,139,58.73298670107566,1,73,57,18,4,337,545,3951,19,5,2,619,0,191,127.37296755606911,0,157,79,50,10,0,613,164,230,68,278,5,27.0,197.0,26,16,191,54,1,1,1,0,17,-35,7,0,0,137,1139,65,28,12,5,40,18,28,283,86,1775,23,29,3,3,53.0,0.7931034482758621,1,11,6,4,1,0,0,0,0,3,0,0,30;22;42;29;22;35;42;44;24;24;26;20;27;32;38;29;23;22;37;41;35;53;18,44;44;41,43;46;43,715,129,132,41,44,2,1,0.9318181818181818,1,1,0,0,53,62,1,59.0,2474,21,3,11,6,21,21,131,0,2223
2002,NE,REG,16,374,605,3767,28,14,31,-190,3,3,248,3767,184,11.487844271634131,,2,150,67,37,3,395,1508,9,8,3,99,-20.835677205323307,1,32,22,6,2,374,590,3767,28,5,2,248,0,184,70.95391715335688,2,150,67,37,3,2,553,272,336,49,192,16,34.0,199.0,36,18,277,78,3,3,0,0,13,-33,11,24,1,108,895,61,12,12,1,24,10,34,298,75,1771,27,30,3,0,57.0,0.9,0,6,12,8,1,0,0,0,0,2,1,0,45;28;27;28;31;40;37;35;32;26;46;57;31;42;25;36;31;34;31;29;39;46;49;41;36;43;35,41;52;43,,980,136,0,36,36,0,0,1.0,2,2,0,0,35;35,70,1,55.0,2723,20,3,16,9,18,24,181,0,2362
2002,NO,REG,16,291,538,3685,27,15,37,-244,8,5,168,3685,169,13.985828094401082,,2,148,80,48,13,426,1764,16,8,3,91,-18.963282894212796,2,45,34,11,4,291,520,3685,27,5,4,168,0,169,93.90301769004236,2,148,80,48,13,3,718,154,226,72,322,22,39.0,253.0,35,20,211,107,1,5,0,11,12,-23,18,72,2,119,911,59,16,13,2,29,15,45,625,79,1956,31,35,4,0,48.0,0.8857142857142857,0,9,11,11,0,0,0,0,2,1,1,0,28;41;40;48;31;48;21;23;36;46;31;22;40;40;39;23;35;33;27;48;48;34;28;28;40;34;27;38;43;30;38,39;55;48;33,,1088,175,0,37,37,0,0,1.0,0,0,0,0,,69,0,59.0,2860,16,4,7,6,14,38,209,0,2531
2002,NYG,REG,16,338,549,4103,19,14,24,-152,2,0,182,4103,195,115.92136557285691,,1,171,88,61,4,486,1875,14,14,7,95,-89.15431710270695,0,47,35,13,5,338,541,4103,19,9,5,182,0,195,126.57780638610204,1,170,88,61,4,0,607,202,244,66,307,14,37.0,250.0,30,11,93,69,1,3,0,14,15,-61,14,95,1,113,955,52,16,15,4,31,13,32,243,59,1219,26,32,5,1,47.0,0.8125,2,7,14,3,0,0,0,0,4,1,0,0,29;33;20;32;34;25;33;21;47;38;26;27;43;34;33;19;38;36;19;42;35;38;35;31;20;39,41;37;33;37;36,31,827,184,31,30,32,2,0,0.9375,1,1,0,0,39,71,0,65.0,2659,21,7,12,6,16,30,230,0,2309
2002,NYJ,REG,16,339,500,3792,25,10,34,-214,3,3,158,3792,198,83.24297784544702,,2,168,74,45,4,440,1841,16,5,2,98,-23.11862060172802,1,56,36,12,1,339,495,3792,25,4,3,158,0,198,130.1884636692052,2,168,74,45,4,4,705,197,243,52,264,14,32.0,209.0,34,17,210,88,4,3,0,0,7,-1,10,27,0,82,700,44,12,4,0,16,9,31,469,73,1713,24,32,4,4,46.0,0.75,0,9,9,6,0,0,0,0,0,3,1,0,34;45;33;20;46;25;38;37;24;32;38;30;27;22;23;36;45;43;21;42;28;39;23;43,48;44;51;45,31;44;43;34,794,188,152,39,41,0,2,0.951219512195122,0,0,0,0,,69,0,65.0,2878,16,7,11,10,5,36,254,0,2424
2002,OAK,REG,16,418,619,4689,26,10,36,-214,7,3,127,4689,226,,,2,187,79,48,8,414,1762,21,4,1,113,,0,46,31,11,0,418,609,4689,26,4,2,127,0,226,,2,187,79,48,8,3,654,155,189,79,328,11,43.0,261.0,43,21,347,97,0,0,0,0,12,-4,10,65,0,129,1094,61,17,7,3,24,9,29,318,61,1319,26,33,5,2,51.0,0.7878787878787878,0,10,7,7,2,0,0,1,1,3,0,0,27;41;45;27;28;43;32;32;42;23;47;32;39;28;37;51;23;48;36;29;51;20;26;38;45;27,46;35;27;48;49,44;49,917,205,93,50,50,0,0,1.0,0,0,0,0,,58,1,70.0,2402,19,7,7,12,11,21,297,0,1865
2002,PHI,REG,16,331,571,3803,28,11,37,-222,5,4,140,3803,174,27.27915505227823,,3,140,72,52,8,516,2290,16,11,4,128,-9.65228480676714,1,58,38,16,3,331,562,3803,28,7,5,140,0,174,77.94088558012457,3,140,72,52,8,2,781,71,227,99,477,30,61.0,371.0,52,15,193,106,5,4,0,0,14,-7,22,87,1,115,918,56,21,7,1,28,13,49,640,52,1297,32,36,4,0,51.0,0.8888888888888888,0,9,16,6,1,0,0,0,2,1,1,0,30;22;40;47;51;20;32;25;41;34;31;31;30;36;27;36;35;23;36;27;22;34;20;34;43;31;33;40;28;45;32;39,50;48;39;35,,1055,172,0,45,45,0,0,1.0,0,0,0,0,,84,0,63.0,3420,26,5,14,11,21,33,460,2,2740
2002,PIT,REG,16,362,574,4182,28,22,37,-226,3,2,296,4182,207,45.439122389077966,,5,172,80,52,9,533,2222,16,8,5,123,-26.37706554226409,0,67,51,14,2,362,567,4182,28,6,4,296,0,207,84.53260179333263,5,172,80,52,9,1,648,176,280,74,364,13,52.0,330.0,53,20,404,102,6,4,0,-1,12,-26,17,49,0,90,712,63,12,14,0,26,14,42,290,81,1674,30,41,9,2,50.0,0.7317073170731707,1,8,11,9,1,0,0,0,4,4,1,0,46;19;27;31;34;30;34;43;28;42;34;34;33;43;45;25;29;23;30;46;33;50;40;31;36;41;23;26;23;48,39;32;48;41;40;31;37;51;43,24;48,1027,362,72,37,39,1,1,0.9487179487179488,1,2,0,1,24;31,68,1,62.0,2784,15,5,7,8,13,35,377,1,2247
2002,SD,REG,16,324,538,3368,17,16,24,-180,2,0,257,3368,166,,,1,136,62,42,5,466,2137,19,3,0,117,,0,69,45,15,2,324,522,3368,17,6,5,257,0,166,,1,136,62,42,5,0,712,137,171,73,307,13,39.0,231.0,39,17,246,79,0,0,1,0,7,-16,10,97,3,100,805,74,12,4,1,16,8,37,315,73,1670,18,26,5,3,53.0,0.6923076923076923,0,8,5,4,1,0,0,0,0,4,1,0,28;27;36;24;41;36;40;38;20;40;27;39;53;30;49;24;26;29,50;42;42;49;44,50;44;38,607,227,132,35,36,0,1,0.9722222222222222,2,2,0,0,40;27,87,2,63.0,3485,31,11,6,6,28,36,369,1,2996
2002,SEA,REG,16,361,587,4257,19,16,33,-179,5,5,218,4257,208,56.010937715131725,,0,183,86,45,8,430,1740,17,6,3,104,-18.27186232166115,1,41,28,13,4,361,578,4257,19,9,4,218,0,208,102.81375490310936,0,183,86,45,8,2,641,257,261,58,232,17,28.0,185.0,23,19,245,89,1,3,0,0,10,-11,11,107,2,100,792,58,19,4,1,23,12,25,256,74,1533,23,29,6,0,52.0,0.7931034482758621,1,9,8,4,1,0,0,0,2,1,3,0,32;46;19;42;27;35;21;20;23;23;30;52;37;29;37;20;34;43;43;31;36;22;24,39;36;57;48;50;52,,726,282,0,38,38,0,0,1.0,2,2,0,0,20;24,61,0,58.0,2542,22,9,11,4,20,17,202,1,2260
2002,SF,REG,16,354,571,3576,23,10,22,-119,2,0,251,3576,182,77.3986579133796,,1,138,54,32,7,489,2244,16,6,5,141,25.01989415301319,1,62,47,12,1,354,557,3576,23,3,1,251,0,182,117.53675290371784,1,138,54,32,7,1,641,182,196,58,274,15,32.0,195.0,30,19,332,90,1,1,0,14,7,-3,8,19,0,87,725,46,11,4,1,15,7,28,395,68,1386,26,36,9,1,47.0,0.7222222222222222,1,10,8,7,0,0,0,1,1,6,1,0,23;33;36;33;35;33;21;32;37;29;24;41;45;20;22;23;42;24;35;23;47;47;42;24;19;44,48;39;27;46;41;44;55;42;42,25,834,384,25,39,39,0,0,1.0,2,2,0,0,36;23,64,1,60.0,2493,17,4,6,4,13,37,359,2,2054
2002,STL,REG,16,408,635,4480,24,27,46,-326,10,5,423,4480,219,,,0,190,88,56,7,343,1405,11,7,6,76,,0,40,30,9,3,408,618,4480,24,6,5,423,0,219,,0,190,88,56,7,1,727,105,155,66,288,25,38.0,240.0,31,12,74,71,0,0,0,0,11,4,14,39,1,120,919,73,22,7,0,29,18,33,380,75,1642,19,25,6,0,47.0,0.76,0,5,8,6,0,0,0,0,2,3,1,0,41;43;39;27;38;37;31;45;47;24;42;30;22;36;26;37;26;45;39,39;35;49;47;55;42,,675,267,0,37,37,0,0,1.0,0,0,0,0,,72,0,64.0,3020,26,5,13,10,10,34,463,1,2357
2002,TB,REG,16,348,567,3665,23,10,41,-220,9,4,77,3665,172,7.207448404145976,,2,149,72,37,6,414,1557,6,6,4,90,-51.15178682538142,0,37,31,9,1,348,549,3665,23,5,2,77,0,172,79.45248604103467,2,149,72,37,6,1,626,146,226,63,292,18,43.0,295.0,35,31,494,102,4,0,2,27,9,2,7,11,1,103,789,61,21,3,4,24,11,44,430,45,1085,32,39,5,2,53.0,0.8205128205128205,0,7,14,6,5,0,0,1,1,2,1,0,52;40;36;30;30;39;47;23;22;33;48;32;52;53;47;36;20;32;41;38;51;51;42;21;20;28;38;30;32;33;26;33,53;34;29;40;42,47;45,1156,198,92,32,32,0,0,1.0,1,1,0,0,47,91,0,71.0,3879,31,14,18,12,5,42,433,0,3206
2002,TEN,REG,16,324,536,3598,23,16,25,-139,4,1,273,3598,191,75.29365177980725,,0,158,65,36,6,529,2027,16,4,2,116,-23.849821853649058,2,56,38,6,0,324,526,3598,23,5,5,273,0,191,87.95530571375572,0,158,65,36,6,0,695,110,220,70,245,15,40.0,213.0,46,18,198,88,5,2,0,0,9,-25,11,70,1,120,927,55,11,9,1,20,10,31,243,54,1104,26,32,6,0,53.0,0.8125,0,10,10,5,1,0,0,0,2,3,1,0,33;47;37;53;40;26;33;33;28;46;28;34;39;24;43;32;37;40;21;38;35;29;28;24;28;26,32;49;39;54;45;46,,882,265,0,37,37,0,0,1.0,1,1,0,0,38,72,1,56.0,3015,29,3,13,5,19,32,413,3,2502
2002,WAS,REG,16,319,588,3717,24,20,41,-296,8,4,401,3717,175,-19.99448091481551,,1,164,71,38,8,474,2031,12,9,8,114,-29.575823274167185,0,63,42,14,0,319,573,3717,24,8,4,401,0,175,47.56359617266441,1,164,71,38,8,1,739,83,241,97,347,20,42.0,267.0,37,17,180,93,3,5,1,0,12,-17,12,2,1,124,1027,66,24,10,3,34,20,45,471,80,1668,20,29,7,2,53.0,0.6896551724137931,0,8,6,5,1,0,0,0,2,5,0,0,35;33;31;25;53;31;40;23;41;22;27;43;27;42;31;24;44;23;22;38,30;49;40;34;43;48;46,42;36,655,290,78,35,36,1,0,0.9722222222222222,0,0,0,0,,77,1,74.0,3096,22,10,16,8,6,37,507,1,2429
2003,ARI,REG,16,303,534,3270,18,22,43,-305,11,4,0,3270,147,-96.0563184940188,,0,120,53,38,8,404,1537,5,12,5,80,-68.25520174975014,1,45,31,5,0,303,0,3270,18,4,3,0,0,147,243.00805883594464,0,120,53,38,8,1,693,146,160,0,0,14,20.0,96.0,0,13,271,70,1,2,0,0,14,-39,10,0,0,98,761,57,21,8,1,29,14,22,140,82,1881,18,26,8,0,53.0,0.6923076923076923,0,8,5,4,1,0,0,0,5,1,2,0,38;21;37;46;53;20;39;31;20;42;26;22;27;32;44;49;22;26,53;41;37;50;34;35;38;33,,595,321,0,19,20,1,0,0.95,1,1,0,0,39,82,1,64.0,3511,19,5,15,9,12,41,472,2,2859
2003,ATL,REG,16,230,460,2631,14,21,35,-223,6,1,0,2631,127,-125.74347574048798,,0,104,48,31,9,435,1949,17,5,2,99,18.93048585782979,0,48,39,14,7,230,0,2631,14,2,2,0,0,127,179.98559287119735,0,104,48,31,9,1,764,125,145,0,0,23,36.0,205.0,0,15,197,56,3,4,0,0,11,-7,16,50,0,90,790,60,18,4,1,22,10,43,613,79,1572,19,27,7,1,46.0,0.7037037037037037,0,6,9,4,0,0,0,0,2,3,2,0,37;31;37;29;28;34;33;28;40;25;46;38;27;40;35;42;26;38;37,45;44;55;54;49;36;34,60,651,317,60,32,33,0,1,0.9696969696969696,0,0,0,0,,87,0,54.0,3474,18,4,12,2,32,36,303,1,3131
2003,BAL,REG,16,217,415,2517,16,19,42,-264,9,5,0,2517,121,-69.98181148631795,,4,87,42,34,8,552,2663,18,21,12,115,-35.02604099378857,0,70,56,19,6,217,0,2517,16,1,0,0,0,121,213.63787627371212,4,87,42,34,8,2,709,146,202,0,0,23,48.0,363.0,0,24,511,104,4,3,0,38,16,10,17,8,1,126,970,52,21,15,1,36,19,53,410,57,1222,34,40,6,0,56.0,0.85,0,16,6,11,1,0,0,0,0,3,3,0,20;40;56;21;49;29;31;22;29;37;25;25;39;22;29;23;32;23;41;25;41;39;45;21;40;42;28;47;41;22;32;28;46;47,45;45;50;46;52;51,,1137,289,0,35,35,0,0,1.0,2,2,0,0,42;47,91,0,67.0,3712,21,9,13,9,18,42,354,0,3178
2003,BUF,REG,16,293,502,3069,11,17,51,-385,10,8,0,3069,150,-79.110693249291,,0,124,60,31,2,427,1661,13,14,5,96,-36.831969595582684,0,45,32,6,1,293,0,3069,11,4,2,0,0,150,226.36827895296128,0,124,60,31,2,0,585,223,323,0,0,15,38.0,231.0,0,10,114,72,2,4,3,0,18,-46,8,62,1,106,891,61,23,13,1,36,17,41,248,63,1369,17,24,7,0,44.0,0.7083333333333334,0,11,3,3,0,0,0,1,0,4,2,0,44;27;27;38;29;44;20;20;41;29;23;20;26;32;27;32;23,51;49;29;44;48;50;40,,502,311,0,24,24,0,0,1.0,0,0,0,0,,85,0,71.0,3788,20,14,8,3,8,52,577,0,3151
2003,CAR,REG,16,270,460,3238,19,16,26,-192,7,4,0,3238,146,2.365392407720452,,0,125,66,46,9,522,2095,9,13,6,114,-64.59050687592271,0,60,45,12,1,270,0,3238,19,6,3,0,0,146,230.95520751540073,0,125,66,46,8,2,703,122,186,0,0,14,38.0,211.0,0,16,238,81,3,3,1,0,17,-21,10,0,0,116,967,66,21,13,2,34,15,45,453,60,1345,32,38,6,0,53.0,0.8421052631578947,0,13,6,11,2,0,0,0,2,2,2,0,49;28;35;20;47;53;23;38;49;23;29;23;47;53;24;29;31;23;47;45;25;26;44;34;20;21;49;42;44;42;33;34,47;54;52;32;38;49,,1130,272,0,29,30,1,0,0.9666666666666668,4,4,0,0,47;47;31;49,78,3,64.0,3422,22,9,12,9,12,35,402,1,2840
2003,CHI,REG,16,271,515,2905,12,20,43,-288,6,3,0,2905,143,-102.89372166874514,,0,122,49,37,5,443,1763,13,10,1,104,8.819215222348744,2,46,31,8,1,271,0,2905,12,4,3,0,0,143,198.87481683371416,0,122,49,37,5,3,698,163,187,0,0,13,19.0,111.0,0,15,191,77,1,2,0,0,15,-33,5,2,0,92,806,58,14,11,1,25,9,39,461,73,1738,26,36,8,2,54.0,0.7222222222222222,1,4,9,9,3,0,0,0,3,4,1,0,42;43;31;38;41;35;50;48;28;31;50;35;40;37;38;22;43;33;23;54;47;38;22;19;45;48,41;34;44;43;46;30;33;52,32;48,981,323,80,27,27,0,0,1.0,2,2,0,0,48;45,79,2,53.0,3258,23,6,15,9,13,36,277,0,2801
2003,CIN,REG,16,325,521,3605,26,15,37,-253,7,4,0,3605,181,48.47296262706062,,0,134,59,37,11,479,1987,12,3,1,101,-15.761969140640506,0,51,38,10,4,325,0,3605,26,1,0,0,0,181,314.10477926219045,0,134,59,37,11,1,683,92,254,0,0,16,30.0,196.0,0,14,123,74,0,2,0,0,5,1,10,24,1,107,846,62,12,4,4,16,7,30,328,75,1474,22,25,3,0,48.0,0.88,0,5,10,7,0,0,0,0,0,1,2,0,26;31;22;44;39;37;30;44;37;30;25;40;40;27;37;47;44;25;38;34;30;48,54;48;52,,775,154,0,40,40,0,0,1.0,0,0,0,0,,77,0,58.0,3001,14,5,10,8,7,47,403,0,2438
2003,CLE,REG,16,313,509,3116,17,18,40,-282,8,5,0,3116,153,-68.03693786627366,,0,122,65,25,6,412,1670,8,14,7,91,-53.23985375371285,0,44,32,7,1,313,0,3116,17,1,1,0,0,153,229.27086196770367,0,121,65,25,6,1,592,234,286,0,0,14,34.0,201.0,0,15,168,70,1,3,0,28,16,-24,7,3,0,99,767,60,20,11,0,31,15,37,302,71,1501,23,28,5,0,52.0,0.8214285714285714,3,7,5,6,2,0,0,0,3,2,0,0,19;20;44;35;19;22;52;32;46;42;29;50;22;34;24;29;27;31;39;48;42;42;18,48;35;46;38;37,,766,204,0,23,24,0,1,0.9583333333333334,0,0,0,0,,73,0,60.0,3048,18,9,12,10,9,33,316,0,2532
2003,DAL,REG,16,294,511,3347,17,21,37,-185,5,2,0,3347,149,-49.29010926814047,,0,130,72,49,7,515,1999,11,8,5,115,-46.26136207526311,0,56,41,6,3,294,0,3347,17,3,0,0,0,149,230.98683152933603,0,130,72,49,7,1,615,93,209,0,0,19,34.0,201.0,0,13,183,94,2,4,2,0,13,-29,12,0,0,98,837,54,17,9,5,26,8,51,390,60,1292,23,29,6,0,52.0,0.7931034482758621,0,11,5,4,3,0,0,0,1,3,2,0,37;49;42;21;36;52;25;26;33;36;51;22;28;23;51;24;29;34;20;24;42;21;49,33;53;41;49;44;50,,775,270,0,30,31,0,1,0.967741935483871,1,1,0,0,25,95,0,59.0,3697,25,11,15,9,26,34,227,0,3290
2003,DEN,REG,16,280,479,3127,19,18,25,-157,7,1,0,3127,162,-11.89682499908516,,0,132,59,35,6,543,2629,20,10,3,133,36.91560600396932,1,60,46,22,8,280,0,3127,19,0,0,0,0,162,244.40595614936805,0,132,59,35,6,2,629,103,183,0,0,18,35.0,204.0,0,9,39,95,1,3,1,5,17,7,11,3,0,107,922,63,17,7,1,24,6,39,442,59,1302,28,32,4,0,51.0,0.875,0,11,6,9,2,0,0,1,0,2,1,0,51;27;39;30;45;34;20;37;41;48;29;21;47;46;46;28;22;43;42;22;27;25;47;51;36;25;24;31,53;44;29;40,,984,166,0,41,41,0,0,1.0,2,2,0,0,47;25,68,2,62.0,2937,14,4,7,6,5,46,560,1,2257
2003,DET,REG,16,319,588,2988,17,24,13,-76,3,0,0,2988,152,-111.53470640903546,,2,128,48,26,3,374,1350,5,7,1,69,-57.853241011930976,0,34,26,8,0,319,0,2988,17,2,1,0,0,152,215.3454021563223,2,128,48,26,3,3,729,87,201,0,0,18,27.0,172.0,0,15,130,66,1,4,0,0,13,-5,13,263,3,107,859,56,9,9,1,18,4,47,576,70,1584,22,23,1,0,54.0,0.9565217391304348,0,7,6,5,4,0,0,0,0,1,0,0,22;52;27;37;53;28;54;42;39;24;25;30;48;42;28;49;46;32;29;39;38;50,43,,834,43,0,26,27,1,0,0.9629629629629628,0,0,0,0,,95,1,58.0,3790,20,3,10,8,15,59,390,1,3240
2003,GB,REG,16,310,474,3377,32,21,19,-139,4,2,0,3377,166,56.61657781258302,,2,136,62,42,7,507,2558,18,12,6,127,13.35568455938815,0,65,43,20,7,310,0,3377,32,1,1,0,0,166,279.32012390166955,2,136,62,42,7,0,695,148,202,0,0,17,34.0,202.0,0,21,315,92,2,2,0,0,7,-8,12,1,1,88,699,56,11,8,1,19,11,35,279,64,1511,23,26,3,0,50.0,0.8846153846153846,0,5,11,6,1,0,0,0,0,3,0,0,27;46;40;40;34;50;41;33;21;43;27;31;33;38;37;24;38;35;45;32;31;27;33,45;49;40,,806,134,0,51,51,0,0,1.0,0,0,0,0,,71,0,60.0,2933,17,2,14,8,15,32,316,0,2457
2003,HOU,REG,16,248,439,2841,14,18,36,-186,5,0,0,2841,127,-49.529195589634526,,0,110,52,32,7,421,1651,14,8,5,86,-29.263355634075076,0,57,43,6,1,248,0,2841,14,4,3,0,0,127,210.51624670538249,0,110,52,32,7,0,675,189,289,0,0,11,19.0,123.0,0,14,143,108,1,1,0,0,8,-1,8,32,0,121,961,69,14,4,1,18,9,40,266,80,1700,18,22,4,0,50.0,0.8181818181818182,1,3,8,5,1,0,0,0,0,1,3,0,36;50;23;24;35;30;48;29;45;33;41;34;19;31;40;38;49;36,43;54;50;52,,641,199,0,27,27,0,0,1.0,1,1,0,0,35,97,0,58.0,4028,36,1,13,3,37,43,407,1,3561
2003,IND,REG,16,381,569,4289,29,10,20,-113,2,1,0,4289,212,138.25130826162487,,1,158,77,45,9,451,1696,16,11,4,104,-34.15617141396391,0,44,29,5,1,381,0,4289,29,4,3,0,0,212,333.3296496126287,1,158,77,45,9,0,585,229,277,0,0,24,30.0,213.0,0,15,244,70,2,6,0,0,11,1,15,31,1,92,660,59,15,9,4,24,10,31,240,64,1510,37,37,0,0,50.0,1.0,0,17,7,12,1,0,0,0,0,0,0,0,22;46;45;29;41;23;48;46;36;29;41;42;29;39;22;31;29;22;50;44;25;27;26;27;31;24;40;29;21;35;36;23;26;43;40;39;43,,,1249,0,0,46,46,0,0,1.0,3,3,0,0,45;29;43,63,1,55.0,2646,21,4,9,3,15,32,319,0,2267
2003,JAX,REG,16,303,516,3421,17,18,27,-132,8,3,33,3421,163,-17.382304919382726,,0,138,60,40,8,481,2073,13,8,5,118,-24.09990698333199,0,60,42,11,2,303,2,3421,17,4,2,33,0,163,234.51151340111724,0,138,60,40,8,0,645,143,223,0,0,15,23.0,134.0,0,15,66,77,0,2,0,0,9,-22,12,25,1,108,895,57,20,6,4,26,13,34,376,67,1328,20,33,10,3,53.0,0.6060606060606061,0,10,4,5,1,0,0,0,3,7,0,0,40;44;49;37;29;20;53;27;20;49;24;39;23;28;35;28;24;23;43;35,48;46;41;31;44;36;46;41;41;34,55;21;30,670,408,106,30,30,0,0,1.0,0,1,0,1,55,68,1,58.0,2853,12,10,8,6,4,40,420,0,2313
2003,KC,REG,16,339,536,4113,24,12,20,-130,4,1,0,4113,201,96.10252739585064,,0,171,92,55,8,447,1921,32,3,2,120,29.223523722957612,0,56,40,11,0,339,0,4113,24,2,1,0,0,201,318.5260485926954,0,171,92,55,8,4,763,115,149,0,0,15,36.0,251.0,0,25,310,80,3,2,0,0,6,-18,12,24,0,79,698,56,10,3,1,13,6,33,542,62,1577,16,20,4,0,49.0,0.8,0,3,8,5,0,0,0,0,0,3,1,0,42;46;46;23;34;31;37;49;29;27;37;39;43;35;35;38,48;50;44;48,,591,190,0,58,59,1,0,0.9830508474576272,1,1,0,0,35,80,1,68.0,3158,21,3,13,7,18,39,327,1,2691
2003,LA,REG,16,377,600,4287,23,23,43,-326,12,9,0,4287,211,16.743986301088526,,0,183,98,64,6,411,1496,19,5,0,97,-25.76425622983796,0,44,31,7,1,377,0,4287,23,4,1,0,0,211,338.95564815359353,0,183,98,64,6,0,711,135,141,0,0,25,42.0,291.0,0,24,505,85,3,9,1,9,14,-14,22,164,2,92,667,65,23,10,3,33,16,39,337,70,1487,39,42,3,0,53.0,0.9285714285714286,0,16,11,8,4,0,0,0,2,1,0,0,39;28;29;28;28;33;33;24;53;31;28;38;39;43;20;22;39;49;46;48;27;41;44;31;29;24;49;28;51;28;26;29;37;33;46;26;50;51;36,39;47;39,,1384,125,0,46,46,0,0,1.0,3,3,0,0,28;31;49,59,0,56.0,2468,14,4,6,5,12,32,486,2,1882
2003,LAC,REG,16,297,525,3226,21,19,29,-205,5,4,0,3226,146,-48.74191670149443,,2,136,70,45,6,417,2146,16,9,4,117,27.796260492336987,0,71,57,13,5,297,0,3226,21,3,3,0,0,146,228.4418738891891,2,136,70,45,6,0,730,159,199,0,0,15,31.0,205.0,0,13,157,68,1,2,0,0,7,-17,7,2,0,126,1006,64,11,9,1,20,12,49,391,84,1804,15,20,4,1,51.0,0.75,1,6,3,3,2,0,0,0,0,3,1,0,19;25;24;32;44;50;42;32;51;48;26;21;20;26;31,50;43;46;48,40,491,187,40,36,36,0,0,1.0,0,0,0,0,,83,0,56.0,3456,29,5,17,3,20,38,409,2,2987
2003,LV,REG,16,277,520,2984,9,14,43,-237,6,2,0,2984,139,-85.42080781774956,,0,122,61,37,2,424,1826,15,9,5,98,-11.169867696058777,0,40,26,11,3,277,0,2984,9,3,2,0,0,139,198.06687383243784,0,122,61,37,2,3,689,205,237,0,0,12,25.0,162.0,0,14,280,56,2,6,1,6,12,-12,11,10,0,134,1120,59,16,9,2,25,12,40,492,77,1596,22,25,2,1,55.0,0.88,0,6,6,9,1,0,0,0,0,0,2,0,47;47;40;26;39;41;23;46;36;39;32;33;49;27;55;24;22;41;46;48;37;23,55;52,47,821,107,47,28,29,1,0,0.9655172413793104,1,1,0,0,46,96,0,73.0,4442,27,11,6,13,14,52,669,0,3513
2003,MIA,REG,16,257,450,3001,17,19,32,-216,9,8,22,3001,145,-49.71334832131336,,0,111,69,43,5,486,1824,14,6,4,99,-40.7550049784822,0,44,28,9,2,257,1,3001,17,6,2,22,0,145,225.5622437537445,0,111,69,43,5,0,623,106,352,0,0,18,45.0,260.0,0,22,338,77,2,3,1,0,8,-18,14,42,2,103,913,45,18,7,3,25,15,31,288,57,1202,22,29,6,1,52.0,0.7586206896551724,0,9,3,6,4,0,0,0,2,2,2,0,26;43;23;48;51;23;34;44;23;23;52;43;51;33;42;27;50;28;30;23;43;22,51;44;35;36;48;53,35,782,267,35,33,34,0,1,0.9705882352941176,2,2,0,0,43;22,84,0,57.0,3274,28,7,14,8,26,29,185,0,2929
2003,MIN,REG,16,333,520,4169,32,13,43,-218,10,3,0,4169,194,89.32320697428861,,2,166,79,52,15,492,2343,15,15,5,124,12.60603098836956,0,67,47,10,3,333,0,4169,32,3,3,0,0,194,349.92144261047235,2,167,78,51,15,0,672,101,163,0,0,19,37.0,245.0,0,28,693,90,4,2,2,0,19,-7,7,0,0,127,1029,52,20,13,2,33,12,37,249,72,1428,18,25,7,0,51.0,0.72,0,7,6,4,1,0,0,0,2,3,2,0,22;46;34;23;21;32;24;51;47;37;35;24;28;36;35;22;46;46,53;37;54;39;44;40;44,,609,311,0,48,48,0,0,1.0,0,0,0,0,,63,1,55.0,2462,13,4,6,5,19,29,310,0,2052
2003,NE,REG,16,320,537,3651,23,13,32,-219,9,3,0,3651,177,28.913152667272755,,0,141,77,44,8,473,1607,9,7,5,91,-79.03327271430608,0,37,23,5,1,320,0,3651,23,3,2,0,0,177,285.23598041737904,0,140,77,44,8,1,543,281,333,0,0,19,40.0,252.0,0,29,358,121,5,4,1,6,11,-25,12,98,1,111,998,61,15,10,3,25,11,50,462,62,1428,25,34,8,1,48.0,0.7352941176470589,0,16,4,5,0,0,0,1,3,3,1,0,27;24;22;47;23;48;28;25;30;27;28;38;40;46;28;23;26;21;32;28;43;29;22;31;24,46;34;39;42;48;38;54;24,37,760,325,37,37,38,0,1,0.9736842105263158,1,1,0,0,28,87,1,52.0,3266,30,4,30,4,11,38,240,1,2946
2003,NO,REG,16,314,535,3641,25,8,37,-210,9,7,0,3641,177,18.93899301596103,,1,148,69,36,7,447,2008,11,13,10,100,-39.46171351435174,0,46,38,17,3,314,0,3641,25,5,2,0,0,177,295.5451901767083,1,149,70,37,7,1,686,143,183,0,0,20,31.0,171.0,0,14,226,102,2,1,1,64,9,-24,13,27,0,103,878,58,20,13,4,33,20,40,360,72,1524,22,30,7,1,50.0,0.7333333333333333,0,6,10,5,1,0,0,0,2,3,2,0,33;39;31;38;43;38;26;50;30;42;46;42;47;28;26;36;25;35;33;38;24;27,57;38;39;51;48;49;49,45,777,331,45,36,37,1,0,0.972972972972973,2,2,0,0,47;36,71,1,59.0,3046,28,4,8,5,18,36,308,0,2638
2003,NYG,REG,16,344,616,3642,16,20,44,-259,11,5,0,3642,184,-70.0146389091582,,0,144,62,35,8,387,1558,6,10,7,89,-56.98699858292147,2,54,37,6,0,344,0,3642,16,6,4,0,0,184,259.4166589619054,0,144,62,35,8,0,656,236,260,0,0,21,45.0,291.0,0,10,199,71,2,5,0,33,15,-29,12,-1,2,126,1085,73,26,9,2,35,18,32,163,75,1492,20,27,6,1,47.0,0.7407407407407407,0,6,9,5,0,0,0,2,2,2,0,0,24;47;44;30;29;43;22;34;39;20;44;37;39;36;29;30;30;30;45;28,37;29;47;49;39;26,43,680,227,43,23,23,0,0,1.0,2,2,0,0,29;29,90,1,59.0,3641,31,16,9,6,19,40,432,2,3089
2003,NYJ,REG,16,312,496,3524,20,14,31,-208,5,1,0,3524,181,19.488669480051012,,1,148,78,44,8,409,1631,8,6,3,78,-28.889424330836,0,34,26,8,1,312,0,3524,20,3,2,0,0,181,239.74050815008357,1,148,78,44,8,1,577,303,351,0,0,11,33.0,191.0,0,11,155,66,0,2,1,0,11,-25,9,16,0,69,550,67,10,8,1,18,6,30,332,60,1461,27,32,4,1,48.0,0.84375,0,5,14,8,0,0,0,0,0,1,3,0,30;41;30;41;39;30;34;38;27;33;43;39;40;30;48;38;43;36;35;27;38;40;28;41;29;36;22,42;50;55;50,51,956,197,51,24,24,0,0,1.0,1,1,0,0,38,71,1,55.0,2655,23,6,11,4,28,22,322,1,2253
2003,PHI,REG,16,280,485,3280,17,11,43,-257,6,3,0,3280,156,-0.3940536206366792,,0,123,65,45,9,416,2006,23,6,3,105,26.36460873894312,0,59,45,15,3,280,0,3280,17,3,2,0,0,156,247.0381266054209,0,123,65,45,9,2,800,33,183,0,0,17,36.0,221.0,0,13,158,98,1,4,1,8,9,0,13,27,0,96,817,62,17,3,1,20,11,31,378,65,1387,24,29,4,1,57.0,0.8275862068965517,0,9,7,6,2,0,0,0,0,3,1,0,57;26;34;22;52;36;30;21;25;40;21;36;41;42;33;35;48;38;29;22;21;46;42;26,55;47;42;47,41,823,191,41,42,42,0,0,1.0,0,0,0,0,,79,0,60.0,3207,27,8,11,10,15,35,272,0,2735
2003,PIT,REG,16,306,532,3548,19,17,43,-254,4,3,0,3548,174,-23.384415674688377,,0,141,71,46,5,445,1498,10,8,5,77,-79.40185456440597,1,34,21,5,0,306,0,3548,19,3,1,0,0,174,282.2012351957654,0,141,70,46,5,2,652,152,244,0,0,11,34.0,198.0,0,14,215,76,2,5,0,63,12,-13,11,16,0,111,1005,61,15,9,1,24,11,45,551,68,1405,23,32,9,0,51.0,0.71875,0,9,6,7,1,0,0,3,1,5,0,0,29;31;20;51;33;26;23;30;37;24;26;49;33;21;23;46;23;39;44;40;47;40;42,24;30;23;45;45;47;48;43;20,,777,325,0,31,32,1,0,0.96875,0,0,0,0,,84,1,69.0,3478,27,8,9,8,11,48,296,0,3022
2003,SEA,REG,16,317,521,3875,27,16,43,-254,3,1,0,3875,190,72.76053106567008,,0,159,81,54,5,453,2009,17,9,5,121,-6.941765679745401,0,61,48,12,3,317,0,3872,27,2,2,0,0,190,335.61902057328,0,159,81,54,5,1,705,191,219,0,0,12,42.0,255.0,0,16,157,89,0,7,1,0,8,-7,12,117,3,91,777,47,15,8,2,23,13,34,320,64,1336,22,30,7,1,58.0,0.7333333333333333,0,5,10,6,1,0,0,0,1,4,2,0,37;25;37;36;27;58;27;37;45;27;36;46;34;27;48;45;46;36;41;31;38;33,35;50;49;41;52;49;49,49,817,325,49,48,48,0,0,1.0,0,0,0,0,,67,2,61.0,2716,28,0,14,3,21,29,140,0,2516
2003,SF,REG,16,299,511,3566,25,15,29,-161,4,2,0,3566,172,40.90131422718338,,1,142,81,46,7,497,2285,16,11,6,118,-26.559363198345473,0,63,46,13,2,299,0,3566,25,3,1,0,0,172,289.98425784023993,1,142,81,46,7,1,680,122,192,0,0,15,42.0,306.0,0,23,389,90,1,4,1,1,11,-12,13,21,1,104,807,59,14,10,2,24,10,40,276,64,1327,26,37,9,2,48.0,0.7027027027027027,0,11,7,8,0,0,0,2,3,2,2,0,22;29;28;24;26;35;38;44;46;36;48;42;33;27;44;32;22;44;24;48;40;23;33;25;22;38,43;37;38;50;45;35;53;28;29,31;39,873,358,70,38,41,2,1,0.926829268292683,1,1,0,0,22,68,1,56.0,2629,17,8,14,3,15,28,258,1,2311
2003,TB,REG,16,369,592,3951,27,22,23,-136,5,1,0,3951,190,39.094983892681554,,1,161,62,38,9,421,1648,5,6,2,86,-53.201076752665635,0,43,31,3,2,369,0,3939,27,6,4,0,0,190,299.24945260325387,1,161,62,38,9,0,642,171,233,0,0,23,35.0,226.0,0,20,229,75,3,2,1,20,14,-6,13,77,1,117,1104,61,21,2,0,23,9,35,242,55,1042,16,26,6,4,50.0,0.6153846153846154,0,9,3,3,1,0,0,0,1,3,0,2,23;41;24;24;26;50;39;24;47;21;47;36;23;26;27;33,60;62;48;36;45;44,38;47;35;41,511,295,161,33,34,0,1,0.9705882352941176,0,0,0,0,,83,0,60.0,3590,26,15,11,6,12,39,489,0,2981
2003,TEN,REG,16,315,502,4062,30,9,26,-157,9,5,0,4062,211,118.06429341804387,,1,173,87,56,12,485,1623,11,7,3,84,-76.17294865288649,2,42,27,6,0,315,0,4062,30,2,1,0,0,211,357.60573478481007,1,174,88,56,12,1,557,194,268,0,0,13,38.0,222.0,0,22,355,84,3,2,1,0,11,-2,12,108,3,111,887,56,16,7,0,23,12,37,443,68,1299,32,37,5,0,50.0,0.8648648648648649,0,5,14,12,1,0,0,0,0,4,1,0,50;49;34;33;22;43;48;43;33;37;41;33;40;32;34;43;43;33;35;33;22;35;40;40;29;39;41;26;37;33;43;23,46;48;44;52;41,,1167,231,0,43,44,1,0,0.9772727272727272,0,0,0,0,,71,0,58.0,3117,26,5,15,8,13,30,276,1,2681
2003,WAS,REG,16,284,528,3276,21,16,43,-267,6,5,0,3276,157,-44.67340943240309,,2,140,61,45,4,420,1647,8,7,3,94,-24.10132288652791,0,34,22,9,0,284,0,3276,21,3,1,0,0,157,261.09519491706254,2,140,61,45,4,1,734,85,165,0,0,16,26.0,155.0,0,17,184,72,0,2,1,0,8,-11,13,2,0,124,1038,53,14,7,1,21,12,22,205,66,1482,25,33,7,1,54.0,0.7575757575757576,0,8,7,6,4,0,0,0,2,2,3,0,50;22;33;54;42;33;38;29;48;45;37;53;33;51;20;34;23;28;31;22;45;49;28;41;27,51;53;49;46;34;31;52,48,916,316,48,26,27,0,1,0.9629629629629628,1,1,0,0,33,84,0,69.0,3377,24,8,15,5,16,40,393,0,2884
2004,ARI,REG,16,299,533,3202,14,18,39,-320,13,5,0,3202,152,-73.68851373004196,,0,120,59,38,4,475,1668,15,8,3,86,-48.94135163148633,1,42,26,9,1,299,0,3202,14,4,1,0,0,152,245.0710628100744,0,120,59,38,4,0,662,125,195,0,0,20,37.0,229.0,0,15,214,94,1,4,1,0,18,-3,15,43,1,124,948,63,27,6,4,33,11,49,329,64,1293,22,29,7,0,55.0,0.7586206896551724,0,6,5,6,5,0,0,0,2,1,3,1,22;51;52;30;26;33;55;55;50;29;41;28;20;42;33;44;22;48;40;45;39;31,58;64;50;34;52;35;47,,836,340,0,28,28,0,0,1.0,0,0,0,0,,98,1,57.0,4230,32,2,17,7,16,56,486,1,3604
2004,ATL,REG,16,217,395,2691,15,16,49,-275,13,6,0,2691,120,-83.40974683370649,,0,104,61,39,9,525,2672,20,9,5,133,38.48532015275657,0,73,57,22,4,217,0,2691,15,2,2,0,0,120,192.2512550959068,0,104,61,39,9,1,740,89,141,0,0,18,47.0,298.0,0,19,442,80,4,2,0,0,11,-5,13,5,1,109,904,52,19,7,1,26,14,37,457,61,1331,18,23,5,0,47.0,0.782608695652174,1,7,7,3,0,0,0,0,2,3,0,0,35;25;25;23;47;30;27;19;24;43;33;31;37;38;25;20;33;40,49;46;37;45;39,,555,216,0,40,40,0,0,1.0,1,1,0,0,38,76,0,56.0,3082,19,5,10,7,21,33,134,0,2808
2004,BAL,REG,16,258,465,2559,13,11,35,-247,7,5,0,2559,135,-79.27809729416064,,1,100,47,28,4,491,2063,11,7,3,103,-37.53675479463123,0,52,39,8,3,258,0,2559,13,4,2,0,0,135,189.71167459646912,1,100,47,28,4,2,599,221,265,0,0,17,39.0,264.0,0,21,680,81,5,6,0,0,13,57,13,70,2,94,894,58,18,8,1,26,12,60,616,61,1264,29,32,2,1,50.0,0.90625,2,9,7,9,2,0,0,0,0,1,1,0,42;35;27;34;21;50;33;24;19;44;44;39;43;36;24;42;50;22;20;22;38;45;46;44;27;42;25;19;33,50;44,31,990,94,31,30,30,0,0,1.0,1,1,0,0,42,97,0,61.0,3915,34,6,20,14,21,36,281,0,3354
2004,BUF,REG,16,262,460,3032,21,17,39,-230,5,4,0,3032,149,-12.950873475370733,,0,127,51,33,9,482,1889,15,9,4,102,-62.319350287267994,0,51,41,16,2,262,0,3032,21,4,2,0,0,149,261.4218878880761,0,127,51,33,9,6,530,221,381,0,0,21,46.0,328.0,0,24,333,83,4,4,1,19,13,-61,15,50,0,121,1047,62,15,11,1,26,12,46,491,64,1542,24,28,4,0,43.0,0.8571428571428571,0,13,10,1,0,0,0,1,1,2,0,0,25;32;33;43;20;24;21;25;20;30;21;35;33;25;23;21;37;23;39;21;33;23;31;37,42;43;38;28,,675,151,0,45,45,0,0,1.0,0,0,0,0,,78,0,68.0,3282,17,12,13,10,6,37,315,0,2767
2004,CAR,REG,16,311,536,3889,29,15,33,-246,9,4,0,3889,192,66.80133886905652,,2,164,87,60,8,422,1582,10,5,3,85,-43.00824633335291,0,36,26,4,2,311,0,3889,29,3,1,0,0,192,328.2346043041094,2,164,86,59,8,0,716,114,196,0,0,19,34.0,220.0,0,26,424,96,2,4,0,0,11,-13,12,61,1,123,1020,63,17,6,1,23,11,28,165,61,1307,20,25,3,2,54.0,0.8,0,11,5,1,3,0,0,0,1,1,1,0,26;53;28;21;30;38;37;25;34;30;50;46;25;21;21;27;20;21;26;54,52;46;38,38;60,633,136,98,39,40,1,0,0.975,0,0,0,0,,78,1,65.0,3402,25,1,18,9,12,38,303,0,2919
2004,CHI,REG,16,249,471,2641,9,16,66,-449,13,9,0,2641,121,-170.9306004381582,,0,105,49,33,5,430,1624,10,10,6,84,-68.38450872515646,1,38,27,7,2,249,0,2641,9,3,2,0,0,121,158.67864712698125,0,105,49,33,5,1,710,159,219,0,0,17,32.0,169.0,0,17,546,86,5,5,3,0,12,-18,12,153,1,124,956,65,22,12,1,34,21,46,510,74,1607,15,24,8,1,53.0,0.625,0,6,2,4,3,0,0,0,3,3,2,0,34;23;32;25;46;52;45;27;22;21;29;51;53;42;43,45;39;53;39;48;52;47;39,27,545,362,27,22,22,0,0,1.0,0,0,0,0,,110,0,58.0,4691,35,13,14,5,21,57,380,0,4211
2004,CIN,REG,16,324,536,3520,23,22,31,-219,3,2,0,3520,172,-26.637735250582185,,0,137,67,42,8,437,1839,14,8,7,93,-44.31113009868941,0,52,37,8,1,324,0,3520,23,2,1,0,0,172,283.08464596949847,0,137,67,42,8,0,691,146,314,0,0,24,35.0,252.0,0,20,272,87,4,2,0,0,6,-1,16,18,1,103,810,62,14,3,1,17,10,35,328,68,1403,27,31,4,0,53.0,0.8709677419354839,0,7,10,7,3,0,0,0,2,1,1,0,22;48;36;39;29;47;26;34;32;53;34;35;28;50;35;47;45;30;41;21;32;36;41;24;24;42;50,38;44;53;37,,981,172,0,41,41,0,0,1.0,2,2,0,0,39;24,83,1,66.0,3499,21,5,10,7,10,51,378,0,2981
2004,CLE,REG,16,251,439,3076,21,21,43,-270,8,4,0,3076,125,-59.98163887853225,,1,116,50,36,14,439,1657,6,14,8,94,-87.97555702941479,0,43,32,9,1,251,0,3076,21,2,2,0,0,125,217.07502255120912,1,116,50,36,14,1,640,203,283,0,0,12,32.0,190.0,0,15,250,69,1,2,0,0,10,-55,13,18,0,115,854,68,21,11,3,32,19,36,432,75,1504,24,29,5,0,50.0,0.8275862068965517,0,11,6,6,1,0,0,0,2,3,0,0,37;25;45;23;49;22;49;30;24;34;46;23;33;38;50;29;31;23;29;45;22;29;45;22,42;34;45;39;43,,803,203,0,28,28,0,0,1.0,0,0,0,0,,85,0,54.0,3404,24,14,9,4,10,48,313,0,3011
2004,DAL,REG,16,308,519,3636,19,23,37,-212,6,5,0,3636,171,-13.376730697991524,,1,151,70,48,4,448,1773,14,10,4,101,-34.784389123666955,0,47,36,10,1,308,0,3636,19,5,4,0,0,171,269.7044150638415,1,151,70,48,4,0,693,74,204,0,0,15,33.0,197.0,0,13,109,72,0,3,1,0,11,-10,9,51,0,105,867,50,18,8,1,26,14,44,386,78,1603,20,26,6,0,49.0,0.7692307692307693,1,6,4,9,0,0,0,0,0,4,2,0,27;30;41;47;39;46;24;40;24;19;39;49;47;34;41;26;23;40;24;45,49;52;41;52;42;46,,705,282,0,31,31,0,0,1.0,0,0,0,0,,76,0,68.0,3218,23,7,7,7,16,39,410,0,2668
2004,DEN,REG,16,303,522,4089,27,20,17,-103,0,0,0,4089,184,65.45772583113018,,0,165,79,55,9,532,2346,13,13,6,127,-22.98656232389335,0,59,40,13,3,303,0,4089,27,4,2,0,0,184,319.219012984661,0,165,79,55,9,0,599,126,236,0,0,17,38.0,266.0,0,12,175,93,2,4,0,0,11,-8,8,11,0,93,880,69,11,12,4,23,9,43,400,53,1122,29,34,4,1,52.0,0.8529411764705882,0,10,7,9,3,0,0,0,1,2,1,0,43;45;44;22;22;23;43;49;50;23;32;33;33;29;52;48;34;32;31;20;50;27;22;22;30;45;23;40;40,51;49;43;34,43,1007,177,43,42,42,0,0,1.0,0,1,0,1,43,69,1,66.0,2814,20,6,13,6,12,32,295,0,2399
2004,DET,REG,16,285,505,3124,19,13,36,-208,5,3,0,3124,142,-63.61058293108084,,1,121,62,43,4,408,1777,7,3,1,92,-8.11389077677583,0,48,37,14,2,285,0,3124,19,2,2,0,0,142,220.22273064029784,1,122,63,44,3,5,739,98,266,0,0,17,38.0,222.0,0,14,216,80,1,1,1,92,5,-6,10,2,0,121,1000,54,10,2,0,12,7,40,420,66,1566,24,28,4,0,48.0,0.8571428571428571,0,9,10,5,0,0,0,0,1,3,0,0,27;21;23;48;40;21;48;20;34;32;45;22;31;36;31;36;32;23;31;39;34;40;26;26,47;48;32;48,,766,175,0,28,28,0,0,1.0,0,0,0,0,,92,1,60.0,3765,32,3,12,7,24,46,441,0,3184
2004,GB,REG,16,382,599,4548,36,19,14,-109,4,0,0,4548,228,157.12928878115022,,2,187,87,58,13,441,1908,9,9,6,98,-32.74111850791445,0,44,29,11,2,382,0,4548,36,5,3,0,0,228,365.0939609245411,2,187,87,58,13,0,657,149,221,0,0,13,40.0,280.0,0,8,165,68,2,1,0,0,11,20,7,99,3,116,950,60,15,8,2,23,10,33,254,70,1522,24,28,4,0,53.0,0.8571428571428571,0,8,8,6,2,0,0,0,1,2,1,0,41;25;38;39;53;50;26;40;37;39;43;33;23;39;46;27;40;36;28;23;35;42;29;20,45;52;49;31,,852,177,0,48,48,0,0,1.0,4,4,0,0,33;46;23;29,66,0,64.0,2644,16,5,10,7,10,34,301,0,2203
2004,HOU,REG,16,287,472,3555,16,14,50,-305,5,2,0,3555,174,28.701211601597617,,0,149,75,47,6,479,1878,16,9,4,103,-47.134680923443675,1,46,29,7,2,287,0,3555,16,4,3,0,0,174,282.54823514703935,0,149,75,47,6,0,625,177,245,0,0,10,23.0,152.0,0,22,393,103,2,3,0,14,10,-12,8,167,3,107,928,67,13,9,2,22,11,40,329,69,1450,17,24,5,2,50.0,0.7083333333333334,0,7,3,6,1,0,0,0,1,2,2,0,37;20;34;28;49;49;46;21;44;21;50;38;21;46;40;29;20,57;37;55;40;42,41;34,593,231,75,34,34,0,0,1.0,1,1,0,0,49,73,0,57.0,3009,19,4,7,7,25,30,265,0,2604
2004,IND,REG,16,353,526,4732,51,10,14,-109,4,0,0,4732,238,221.9482238535477,,0,192,95,69,14,427,1852,10,8,4,94,-10.09997930620744,1,45,33,7,2,353,0,4732,51,4,3,0,0,238,400.091065535612,0,192,95,69,14,1,690,224,256,0,0,26,45.0,340.0,0,19,252,69,3,0,0,92,9,-10,17,79,1,106,801,44,13,5,2,18,7,24,171,66,1545,20,26,6,0,47.0,0.7692307692307693,0,6,9,5,0,0,0,0,2,3,1,0,32;28;45;46;34;35;34;20;47;20;37;30;43;44;24;33;36;26;23;30,48;44;54;39;33;47,,667,265,0,64,65,0,1,0.9846153846153848,1,1,0,0,30,54,0,62.0,2443,21,1,8,3,13,29,395,1,1988
2004,JAX,REG,16,305,513,3315,17,11,32,-156,5,1,0,3315,161,16.258400070757457,,4,133,52,35,7,446,1850,9,5,2,88,-37.27416384504165,0,50,33,9,2,305,0,3315,17,7,5,0,0,161,240.2999625049758,4,133,52,35,7,0,670,116,208,0,0,14,34.0,206.0,0,16,126,69,0,3,2,9,9,-41,11,0,0,109,940,58,16,7,3,23,11,42,405,58,1087,24,31,7,0,53.0,0.7741935483870968,0,10,8,5,1,0,0,0,3,2,1,1,25;27;48;42;22;26;32;26;53;44;36;31;35;48;33;32;42;20;29;36;30;25;26;22,35;51;49;44;32;60;31,,790,302,0,21,21,0,0,1.0,1,2,1,0,53;60,84,0,69.0,3587,27,5,19,9,13,38,429,2,2978
2004,KC,REG,16,370,561,4631,27,17,32,-227,9,3,0,4631,228,149.08156620361925,,1,202,94,60,10,496,2289,31,7,4,138,46.41746546830824,0,62,47,10,2,370,1,4631,27,2,2,0,0,228,373.0649004478035,1,202,94,60,10,2,670,115,139,0,0,13,41.0,252.0,0,13,173,64,1,0,0,0,9,-13,7,48,1,117,961,63,16,3,0,19,10,24,232,75,1820,17,23,5,1,50.0,0.7391304347826086,0,5,7,3,2,0,0,0,1,2,2,0,50;33;42;38;31;32;31;24;44;44;24;28;28;22;39;38;50,58;47;42;50;33,43,598,230,43,58,60,2,0,0.9666666666666668,0,0,0,0,,55,0,58.0,2172,12,6,4,7,13,24,301,2,1731
2004,LA,REG,16,372,581,4612,23,22,50,-362,7,5,-1,4612,203,57.245781018083655,,1,193,105,67,8,381,1624,11,2,2,96,-7.363510623456459,3,47,35,7,3,372,0,4612,23,14,7,-1,0,203,323.2745077886907,1,193,105,67,8,0,726,118,176,0,0,13,36.0,250.0,0,6,45,66,0,3,0,0,8,1,9,171,3,127,993,74,23,4,2,27,17,30,143,84,1604,19,24,5,0,53.0,0.7916666666666666,0,7,5,3,4,0,0,0,1,3,1,0,50;28;22;46;53;20;39;36;36;47;23;41;34;29;52;52;28;29;31,33;56;44;42;44,,696,219,0,32,32,0,0,1.0,1,1,0,0,31,68,0,63.0,2848,21,4,6,6,17,35,416,1,2312
2004,LAC,REG,16,288,450,3506,29,8,20,-139,4,1,0,3506,160,138.21796915387,,0,135,69,45,9,526,2185,24,12,4,131,0.844027145734596,0,52,41,19,4,288,0,3506,29,5,3,0,0,160,304.34772040247753,0,135,69,45,9,1,591,222,248,0,0,11,29.0,142.0,0,23,173,103,1,5,1,0,15,-23,10,32,0,108,875,60,16,11,2,27,10,29,243,63,1478,20,25,5,0,53.0,0.8,1,9,2,5,3,0,0,2,0,1,2,0,48;29;23;51;31;21;28;53;28;44;40;27;19;25;43;23;23;40;50;34,29;42;29;52;51,,680,203,0,54,55,0,1,0.9818181818181818,0,0,0,0,,69,0,60.0,2974,29,4,11,8,23,23,164,0,2650
2004,LV,REG,16,330,582,4019,24,22,29,-160,7,3,0,4019,176,6.933461265117938,,1,160,84,55,11,329,1294,10,6,3,75,-33.420100611778444,0,24,17,6,3,330,1,4019,24,5,4,0,0,176,294.66519598938225,1,160,84,55,11,0,700,202,240,0,0,10,26.0,186.0,0,9,221,74,1,2,1,0,9,-21,9,28,0,134,1013,59,16,7,1,23,13,24,132,84,1700,25,28,3,0,52.0,0.8928571428571429,1,7,7,8,2,0,0,0,1,2,0,0,28;38;21;33;23;40;39;50;35;28;42;44;40;26;19;31;27;36;52;42;40;45;46;35;27,46;35;48,,887,129,0,31,32,0,1,0.96875,1,1,0,0,19,73,0,67.0,3409,22,4,10,14,10,35,413,0,2716
2004,MIA,REG,16,309,586,3391,19,26,52,-326,16,7,0,3391,165,-136.12690298614203,,2,136,61,38,5,384,1339,10,9,4,71,-60.59002819421092,0,36,29,7,1,309,1,3391,19,5,2,0,0,165,265.6680742336789,2,135,60,38,5,1,614,108,422,0,0,18,36.0,223.0,0,15,92,84,0,9,1,0,23,22,10,2,1,113,857,55,27,15,3,42,16,52,564,71,1660,19,23,4,0,51.0,0.8260869565217391,0,5,7,5,2,0,0,1,1,1,1,0,43;47;34;36;37;23;29;47;28;43;30;29;28;39;50;47;32;30;51,46;34;22;53,,703,155,0,26,27,1,0,0.9629629629629628,1,1,0,0,51,99,0,67.0,4107,29,9,16,10,19,45,258,0,3649
2004,MIN,REG,16,380,553,4754,39,12,45,-238,3,1,0,4754,225,175.86379690070484,,2,178,89,64,18,388,1823,8,10,5,98,-18.2967089292044,1,61,31,8,1,380,0,4754,39,3,1,0,0,225,397.4745387720871,2,178,89,64,18,1,649,164,266,0,0,17,38.0,239.0,0,11,207,70,1,1,0,0,10,-42,11,77,1,116,884,71,9,11,1,20,9,31,275,73,1448,18,22,4,0,48.0,0.8181818181818182,1,8,5,4,0,0,0,0,2,2,0,0,42;19;39;42;24;39;29;29;42;23;21;25;33;48;32;31;29;23,44;46;38;38,,570,166,0,45,45,0,0,1.0,0,0,0,0,,57,0,61.0,2240,18,4,9,3,15,26,169,0,2011
2004,NE,REG,16,293,485,3748,29,14,26,-162,5,3,0,3748,193,126.34203478510614,,0,165,90,53,10,524,2134,15,7,6,120,-23.283683067958098,1,56,39,9,1,293,1,3748,29,4,3,0,0,193,327.6566295020792,0,165,90,53,10,1,571,256,288,0,0,22,46.0,326.0,0,20,264,73,1,6,0,0,10,-24,16,109,3,101,822,55,15,10,2,25,13,40,230,56,1302,31,33,2,0,48.0,0.9393939393939394,0,13,7,11,0,0,0,0,0,1,1,0,32;43;29;28;24;42;40;40;39;30;41;27;43;25;43;31;45;36;27;24;20;45;37;37;28;28;40;48;28;29;26,47;50,,1055,97,0,48,48,0,0,1.0,0,0,0,0,,56,0,69.0,2350,19,6,7,5,7,31,365,1,1885
2004,NO,REG,16,309,542,3810,21,16,42,-226,7,1,0,3810,177,19.95882508408226,,1,161,88,57,5,405,1632,15,12,6,82,-53.76497656865236,0,43,33,10,3,309,0,3810,21,3,2,0,0,177,299.75354291919336,1,161,88,57,5,3,726,177,215,0,0,24,37.0,207.0,0,13,101,68,0,0,1,0,13,-49,19,60,1,129,1141,60,15,8,0,23,10,40,388,83,1879,22,27,4,1,53.0,0.8148148148148148,0,3,12,5,2,0,0,0,2,1,1,0,32;36;37;52;53;39;38;31;20;47;45;41;37;39;38;24;36;48;38;39;44;22,51;46;38;38,37,836,173,37,38,38,0,0,1.0,1,1,0,0,31,85,0,63.0,3704,28,3,9,4,25,43,304,1,3320
2004,NYG,REG,16,269,475,3097,12,13,52,-279,11,3,0,3097,143,-30.934249841955065,,0,111,56,35,10,424,1904,18,9,4,105,-12.306460225780418,0,49,33,12,3,269,0,3097,12,5,2,0,0,143,235.95940470298683,0,111,56,35,10,2,634,217,265,0,0,18,40.0,253.0,0,14,113,77,0,1,0,1,17,-12,14,149,2,118,977,66,23,6,1,29,11,38,253,66,1658,22,28,5,1,53.0,0.7857142857142857,1,8,6,4,3,0,0,0,2,2,1,0,53;38;22;43;25;31;51;47;26;19;25;50;30;24;22;31;22;31;36;44;41;28,47;51;49;30;33,44,739,210,44,33,33,0,0,1.0,0,0,0,0,,75,2,55.0,3088,24,6,12,4,15,38,356,0,2652
2004,NYJ,REG,16,282,438,3231,19,11,31,-181,4,1,0,3231,163,21.201472108809657,,0,137,62,38,9,527,2388,15,6,1,135,19.096540264975378,0,72,50,10,0,282,0,3231,19,3,2,0,0,163,229.8863002359951,0,137,62,38,9,1,555,240,286,0,0,18,36.0,220.0,0,19,274,81,2,3,0,0,14,-10,14,41,1,91,693,52,9,10,0,19,5,41,313,47,1038,24,29,4,1,53.0,0.8275862068965517,0,9,4,10,1,0,0,1,2,0,1,0,21;28;23;53;37;36;38;43;49;43;41;20;41;28;46;41;26;25;43;41;21;47;33;27,29;36;30;53,43,851,148,43,33,34,1,0,0.9705882352941176,0,0,0,0,,80,0,58.0,3057,22,9,15,8,14,34,221,0,2676
2004,PHI,REG,16,336,548,4208,32,11,35,-225,7,6,0,4208,188,81.11917370956304,,0,156,77,56,20,378,1636,10,3,2,87,-17.30816257104118,0,50,41,11,3,336,0,4208,32,4,2,0,0,188,327.5178058754993,0,156,77,56,20,0,797,51,159,0,0,19,45.0,254.0,0,17,259,107,2,2,0,0,5,-6,11,17,0,124,952,45,14,3,1,17,11,41,377,56,1214,27,32,5,0,51.0,0.84375,0,4,6,15,2,0,0,0,1,3,1,0,45;37;47;26;47;39;51;42;42;40;48;34;43;38;50;20;41;43;33;47;42;22;45;47;22;38;46,53;39;45;48;45,,1075,230,0,41,42,0,1,0.9761904761904762,1,1,0,0,50,73,0,62.0,3064,19,5,14,7,13,34,217,0,2707
2004,PIT,REG,16,228,358,2970,20,13,36,-250,3,3,0,2970,147,41.11367478303798,,0,126,64,47,7,618,2464,16,6,3,134,-32.38051421354691,0,62,34,10,1,228,0,2970,20,5,2,0,0,147,248.26180100038957,0,126,64,47,7,0,549,141,257,0,0,21,40.0,223.0,0,19,293,86,3,2,1,0,8,-4,13,117,2,99,835,41,15,5,4,20,8,44,365,62,1335,28,33,5,0,51.0,0.8484848484848485,1,8,12,5,2,0,0,1,1,3,0,0,42;40;51;47;26;51;19;29;42;31;20;32;33;36;32;37;34;33;21;36;28;23;40;22;21;31;37;33,48;44;45;33;24,,927,194,0,40,40,0,0,1.0,1,1,0,0,37,67,0,61.0,2879,24,4,15,6,8,34,252,0,2507
2004,SEA,REG,16,304,532,3723,23,18,33,-180,3,1,0,3723,189,47.884316025023466,,2,158,81,47,4,469,2091,17,11,4,110,-20.946701694031344,0,56,42,15,2,304,0,3723,23,4,3,0,0,189,298.37639128889583,2,158,81,47,4,0,635,264,280,0,0,19,36.0,218.0,0,23,337,89,3,0,0,0,8,-8,12,18,0,79,669,48,15,4,2,19,9,30,230,74,1529,23,25,2,0,54.0,0.92,1,7,8,6,1,0,0,0,1,1,0,0,44;35;28;48;34;33;40;28;31;54;27;45;22;28;30;45;41;33;19;21;33;28;34,43;38,,781,81,0,40,40,0,0,1.0,0,0,0,0,,77,2,60.0,3036,20,2,17,4,21,33,244,0,2712
2004,SF,REG,16,325,561,3455,16,21,52,-319,15,9,0,3455,172,-91.87842019294624,,2,147,57,28,3,413,1449,10,11,8,83,-79.69322392073954,1,33,25,7,1,325,0,3455,16,1,1,0,0,172,276.76454833782816,2,147,57,28,3,1,721,124,222,0,0,18,29.0,194.0,0,9,129,79,0,4,1,0,15,-2,12,139,2,103,859,58,23,11,0,34,19,35,297,84,1716,18,22,4,0,51.0,0.8181818181818182,1,3,7,5,2,0,0,0,1,1,2,0,23;32;30;33;37;42;32;48;51;27;30;28;46;47;19;51;40;31,46;50;50;39,,647,185,0,23,23,0,0,1.0,2,2,0,0,32;31,96,0,81.0,3990,25,6,14,8,17,51,445,0,3385
2004,TB,REG,16,340,512,3773,24,18,44,-299,6,4,0,3773,175,20.74668978934344,,1,149,72,50,10,393,1489,9,10,7,73,-80.64739193979283,0,34,26,5,2,340,0,3773,24,6,4,0,0,175,276.82356779022854,1,149,72,50,10,1,668,173,191,0,0,15,44.0,262.0,0,16,238,85,1,6,0,0,11,-9,11,59,2,117,916,69,19,12,3,31,17,33,213,60,1450,15,24,8,1,53.0,0.625,0,6,5,2,2,0,0,0,4,4,0,0,47;24;27;36;30;28;30;23;53;22;22;50;30;41;37,44;41;35;48;46;39;37;30,26,500,320,26,32,33,1,0,0.9696969696969696,0,0,0,0,,82,1,60.0,3472,22,3,16,7,24,31,279,0,3053
2004,TEN,REG,16,356,589,3932,27,19,44,-317,9,4,0,3932,200,-0.2845872953598026,,0,152,83,46,5,420,1871,12,10,6,85,-25.27087825985566,1,56,42,9,2,356,1,3932,27,5,1,0,0,200,312.903427747488,0,152,83,46,5,0,598,199,265,0,0,11,32.0,220.0,0,18,285,75,1,6,0,-6,19,25,12,73,1,110,911,58,22,10,2,32,12,40,173,79,1558,19,27,4,4,50.0,0.7037037037037037,0,5,4,9,1,0,0,0,1,1,2,0,22;39;26;40;24;36;38;40;40;23;45;33;41;45;27;44;43;50;40,33;58;50;41,42;52;43;27,696,182,164,39,39,0,0,1.0,0,0,0,0,,79,0,64.0,3388,21,6,7,9,26,31,195,1,3013
2004,WAS,REG,16,288,514,2874,18,17,38,-242,8,3,0,2874,156,-64.77099799444787,,1,124,45,27,5,471,1765,6,8,5,91,-67.2501623198253,0,44,30,8,1,288,0,2874,18,1,1,0,0,156,235.8749708845362,1,124,45,27,5,1,702,90,188,0,0,13,39.0,245.0,0,18,405,74,1,1,0,13,10,-22,8,-2,0,115,1045,56,14,6,0,20,10,42,331,55,1203,19,27,8,0,49.0,0.7037037037037037,1,10,5,3,0,0,0,0,1,4,3,0,20;30;34;19;31;26;26;41;26;24;33;35;24;46;49;25;20;26;25,50;41;35;51;47;48;43;57,,560,372,0,25,25,0,0,1.0,0,0,0,0,,103,1,61.0,4544,29,9,9,8,11,65,727,1,3657
2005,ARI,REG,16,419,670,4719,21,21,45,-286,9,7,0,4719,224,14.199671076323307,,1,196,95,63,12,360,1138,2,10,5,58,-85.039757542053,2,30,19,2,0,419,0,4719,21,3,2,0,0,224,339.692105256787,1,196,95,63,12,0,664,125,179,0,0,19,37.0,221.0,0,15,285,69,3,2,0,0,10,-9,11,0,0,145,1185,64,21,5,0,26,16,50,385,76,1719,43,45,2,0,54.0,0.9555555555555556,1,11,12,13,6,0,0,0,0,1,1,0,24;42;29;26;48;35;54;39;50;39;40;45;48;23;43;24;39;49;33;24;52;47;23;31;50;44;51;28;32;33;51;42;30;35;19;44;20;26;42;32;32;28;42,43;54,,1588,97,0,20,20,0,0,1.0,0,0,0,0,,73,1,60.0,3206,18,5,8,7,14,39,328,1,2738
2005,ATL,REG,16,247,451,2907,19,13,40,-237,7,4,0,2907,149,-13.557908493471349,,4,130,65,33,5,530,2559,17,8,4,139,8.493470988538913,0,71,55,19,2,247,0,2907,19,5,4,0,0,149,221.5795202041679,4,130,65,32,5,1,679,132,196,0,0,14,37.0,257.0,0,16,268,71,0,6,1,59,6,-5,13,126,2,114,1043,55,18,8,4,26,16,31,261,70,1482,24,27,2,1,58.0,0.8888888888888888,0,9,11,3,1,0,0,0,0,1,1,0,30;27;38;26;39;33;58;37;36;22;41;21;37;31;20;21;23;36;43;43;20;30;31;29,55;49,28,772,104,28,35,35,0,0,1.0,1,1,0,0,36,78,0,67.0,3300,23,12,8,9,14,35,238,0,2882
2005,BAL,REG,16,335,562,3381,17,21,43,-299,8,2,0,3381,163,-42.480660019787294,,0,139,63,39,2,451,1611,5,10,8,97,-66.38701728076951,1,43,29,6,1,335,0,3381,17,5,4,0,0,163,237.66553914601815,0,140,62,38,2,0,686,142,200,0,0,19,41.0,267.0,0,12,193,71,1,1,0,0,13,-20,14,88,2,139,1067,70,20,8,0,28,15,39,431,60,1289,30,35,5,0,49.0,0.8571428571428571,1,8,10,11,0,0,0,0,1,3,1,0,30;42;25;46;39;27;38;40;29;22;40;49;47;34;32;31;41;47;25;44;38;29;23;40;37;38;19;21;43;31,38;47;45;43;54,,1047,227,0,23,23,0,0,1.0,2,2,0,0,44;38,85,1,60.0,3685,12,3,8,7,12,55,481,1,3064
2005,BUF,REG,16,270,460,2852,18,16,42,-335,11,5,0,2852,129,-41.292052666662734,,0,108,48,29,9,429,1605,6,9,4,96,-55.89833606941501,0,41,30,8,0,270,0,2852,18,1,0,0,0,129,226.8705128527423,0,108,48,29,9,1,607,223,359,0,0,16,38.0,269.0,0,17,233,77,1,3,1,0,12,-33,13,48,0,120,897,67,15,11,4,26,10,28,279,75,1992,29,35,6,0,53.0,0.8285714285714286,0,8,11,7,3,0,0,1,2,3,0,0,35;21;42;39;31;40;36;41;30;24;47;50;38;41;23;35;41;53;31;45;33;31;21;24;22;21;24;52;36,45;46;28;31;32;48,,1007,230,0,26,26,0,0,1.0,0,0,0,0,,71,0,68.0,3242,22,4,6,9,10,42,285,0,2777
2005,CAR,REG,16,269,449,3485,25,16,27,-211,10,6,0,3485,157,52.84070649400792,,0,130,73,44,13,487,1679,17,6,0,82,-54.778585919487355,0,31,19,6,1,269,0,3485,25,3,2,0,0,157,290.57996170180616,0,130,73,44,13,0,707,90,202,0,0,17,42.0,289.0,0,23,440,95,2,1,0,0,11,12,19,62,1,91,732,50,19,4,2,23,10,41,444,53,1083,26,34,7,1,52.0,0.7647058823529411,1,8,8,6,3,0,0,0,0,3,3,1,39;46;51;52;52;32;38;46;44;30;20;23;42;28;38;25;25;20;39;32;29;24;47;19;41;34,53;62;56;46;45;42;50,52,916,354,52,43,44,0,1,0.9772727272727272,0,0,0,0,,73,0,59.0,3154,22,4,7,5,20,36,235,0,2819
2005,CHI,REG,16,219,418,2201,11,15,31,-199,6,3,0,2201,111,-75.94058435078027,,0,89,39,27,4,488,2099,11,9,5,99,-65.6223773375371,0,52,46,19,1,219,0,2201,11,3,2,0,0,111,172.75428855322775,0,89,39,27,4,2,711,156,198,0,0,20,40.0,275.0,0,24,524,95,4,12,0,107,18,-13,10,49,0,105,850,57,16,16,1,32,13,46,421,55,1092,22,31,9,0,48.0,0.7096774193548387,0,9,9,4,0,0,0,0,3,6,0,0,48;44;23;38;20;35;28;37;33;39;25;36;21;40;25;35;29;35;29;39;45;22,48;36;39;48;47;47;39;43;44,,726,391,0,26,27,1,0,0.9629629629629628,1,1,0,0,28,97,1,63.0,3965,24,12,22,11,13,39,312,1,3433
2005,CIN,REG,16,362,538,3935,32,14,22,-118,4,2,0,3935,203,108.71018683264629,,1,161,74,43,9,458,1913,15,3,0,109,4.425974389440749,0,54,39,7,0,362,0,3935,32,9,4,0,0,203,312.5691009482846,1,161,74,43,9,0,666,87,279,0,0,19,26.0,164.0,0,31,260,76,1,1,0,0,9,21,13,58,0,110,920,58,17,1,3,18,6,28,157,67,1580,28,32,4,0,49.0,0.875,0,11,10,7,0,0,0,0,1,2,1,0,32;23;40;29;30;33;24;27;46;31;48;21;26;39;43;41;44;26;31;30;21;27;37;28;33;31;27;49,42;52;30;48,,917,172,0,47,47,0,0,1.0,1,1,0,0,37,60,1,75.0,2591,13,8,5,8,7,32,260,0,2171
2005,CLE,REG,16,297,498,3323,15,18,46,-271,9,6,0,3323,149,-61.12063176035424,,0,121,54,38,8,394,1496,4,12,5,76,-66.26529797787873,0,36,27,8,1,297,0,3323,15,1,1,0,0,149,237.88665503808124,0,121,54,38,8,3,568,283,343,0,0,12,25.0,155.0,0,15,130,71,0,0,0,59,14,-6,8,19,0,99,770,66,19,7,0,26,12,37,373,69,1506,27,29,2,0,44.0,0.9310344827586208,2,11,9,5,0,0,0,0,2,0,0,0,29;34;21;39;40;22;19;44;24;30;28;29;37;37;19;23;40;24;32;38;41;29;44;24;37;21;39,39;34,,844,73,0,19,21,1,1,0.9047619047619048,1,1,0,0,37,80,0,61.0,3234,24,10,16,9,9,36,347,0,2707
2005,DAL,REG,16,300,500,3639,23,17,50,-298,8,4,0,3639,177,48.24897483188989,,1,153,72,42,9,521,1861,13,14,6,97,-68.22172929236109,0,44,29,7,2,300,0,3639,23,4,3,0,0,177,289.6586610537578,1,152,71,42,9,0,665,63,191,0,0,15,37.0,236.0,0,15,187,84,2,5,0,0,19,-17,11,110,0,99,739,56,22,13,2,35,14,45,284,64,1523,20,28,6,2,56.0,0.7142857142857143,1,9,6,3,1,0,0,1,2,3,0,0,33;41;29;30;28;33;37;45;29;28;45;21;21;21;19;56;34;34;24;22,41;48;29;34;38;47,49;32,630,237,81,35,36,1,0,0.9722222222222222,1,1,0,0,45,82,0,63.0,3454,28,3,18,9,18,33,255,0,3019
2005,DEN,REG,16,279,465,3373,18,7,24,-151,2,1,0,3373,162,61.338815761365,,1,136,66,44,8,541,2544,25,6,3,145,40.36529549844262,0,60,44,17,5,279,0,3373,18,6,4,0,0,162,253.67181911846936,1,136,66,44,8,0,664,74,156,0,0,21,28.0,193.0,0,20,379,108,3,4,1,16,8,-10,16,9,0,97,756,69,13,6,2,19,9,33,281,48,970,24,32,7,1,51.0,0.75,0,9,5,9,1,0,0,1,0,3,3,0,28;45;41;30;51;25;33;42;49;42;27;22;38;25;26;47;24;22;40;47;48;29;33;34,53;53;46;41;49;52;28,46,848,322,46,43,44,1,0,0.9772727272727272,2,2,0,0,41;24,72,1,66.0,3157,24,3,12,6,15,36,266,0,2771
2005,DET,REG,16,298,521,3021,15,18,30,-173,7,5,0,3021,151,-61.540307277488566,,0,121,47,35,8,405,1471,10,4,0,68,-36.035728354092576,0,24,16,4,2,298,0,3021,15,5,5,0,0,151,203.39872517330255,0,121,47,35,8,0,727,80,254,0,0,20,29.0,175.0,0,19,308,70,2,4,1,0,9,32,12,69,1,115,838,60,14,7,0,21,12,36,280,73,1576,19,24,4,1,52.0,0.7916666666666666,1,9,3,4,2,0,0,0,0,2,2,0,21;44;23;52;25;47;50;32;30;26;20;45;26;28;19;23;45;21;39,47;46;51;50,47,616,194,47,27,28,0,1,0.9642857142857144,1,1,0,0,39,84,0,60.0,3656,34,4,11,2,17,50,524,2,3092
2005,GB,REG,16,384,627,3975,20,30,27,-198,10,8,0,3975,206,-17.674114275739257,,2,162,66,40,7,398,1352,11,10,3,77,-52.21660765987615,0,34,22,5,1,384,0,3975,20,3,1,0,0,206,316.31878326350943,2,162,66,40,7,1,665,159,286,0,0,13,34.0,187.0,0,10,205,70,2,0,0,2,15,-12,11,23,0,118,918,68,20,11,1,31,15,45,381,75,1418,20,27,6,1,53.0,0.7407407407407407,0,7,6,3,4,0,0,0,3,2,1,0,50;34;32;26;53;39;40;46;23;53;51;46;36;39;28;27;26;26;32;28,42;53;42;31;38;39,38,735,245,38,30,31,1,0,0.967741935483871,1,1,0,0,28,70,0,53.0,2726,11,3,4,2,12,49,339,0,2347
2005,HOU,REG,16,270,449,2661,15,13,68,-424,14,6,0,2661,142,-71.89911108301548,,1,105,40,21,2,437,1816,9,6,3,89,-19.16485853050114,0,48,26,5,2,270,0,2661,15,0,0,0,0,142,226.33762553187773,1,105,40,21,2,2,647,188,290,0,0,20,37.0,206.0,0,7,46,72,0,6,0,35,17,-17,9,3,0,106,854,64,21,9,2,30,11,30,223,84,2173,26,34,7,1,53.0,0.7647058823529411,0,9,12,4,1,0,0,0,4,2,1,0,28;32;38;43;47;39;38;37;35;40;24;22;39;35;39;26;22;29;39;30;27;41;26;37;53;21,56;38;46;31;38;48;31,37,887,288,37,24,24,0,0,1.0,0,0,0,0,,77,0,61.0,2990,29,4,12,1,28,32,219,1,2751
2005,IND,REG,16,348,516,4191,31,11,20,-95,4,2,0,4191,217,180.89052193826657,,0,173,86,49,7,465,1703,18,4,2,116,-18.53492113019609,0,34,24,6,0,348,0,4191,31,1,0,0,0,217,369.4624993502846,0,172,85,49,7,0,636,228,280,0,0,27,45.0,308.0,0,18,259,72,2,2,0,0,5,-1,13,124,2,94,690,41,10,5,1,15,9,24,182,52,1017,23,26,2,1,48.0,0.8846153846153846,1,9,6,7,0,0,0,0,0,1,1,0,20;41;20;23;20;22;36;35;20;45;19;29;48;44;28;40;34;38;46;32;24;32;44,48;59,31,740,107,31,52,52,0,0,1.0,0,0,0,0,,52,0,58.0,2301,23,1,6,5,15,25,272,0,1929
2005,JAX,REG,16,283,487,3352,21,6,34,-175,11,4,0,3352,170,51.604406650553095,,0,143,68,43,5,500,1972,18,1,1,97,-28.58114712127009,1,54,41,12,2,283,0,3352,21,7,5,0,0,170,271.9878536606122,0,143,68,43,5,1,667,124,184,0,0,15,45.0,272.0,0,20,184,82,2,3,0,0,12,0,9,0,0,121,1006,59,20,4,2,24,11,52,415,50,1197,23,30,7,0,53.0,0.7666666666666667,0,9,7,5,2,0,0,0,1,5,1,0,23;41;29;41;28;32;40;32;51;53;23;48;33;26;31;30;24;29;27;32;26;46;38,43;42;49;44;38;52;40,,783,308,0,38,39,1,0,0.9743589743589745,0,0,0,0,,82,1,74.0,3517,33,15,12,11,15,29,236,1,3061
2005,KC,REG,16,317,507,4014,17,10,32,-204,5,4,0,4014,182,77.92533051224709,,1,164,86,51,11,520,2382,26,9,4,138,28.00543081697321,0,67,51,19,2,317,0,4014,17,3,3,0,0,182,308.5555814840206,1,164,86,51,11,1,662,115,153,0,0,19,28.0,182.0,0,16,231,90,1,2,0,0,10,-10,15,82,1,115,889,60,18,5,0,23,13,43,293,68,1591,27,33,5,1,52.0,0.8181818181818182,1,8,12,4,2,0,0,0,1,3,1,0,41;38;31;39;42;28;38;20;38;30;51;52;34;20;27;47;35;35;25;20;33;47;34;19;39;24;23,32;44;43;41;52,46,910,212,46,44,45,1,0,0.9777777777777776,0,0,0,0,,65,0,62.0,2564,27,7,8,5,22,23,179,0,2285
2005,LA,REG,16,392,599,4351,23,24,46,-322,4,2,0,4351,209,33.44596407297978,,1,187,87,41,8,380,1535,13,11,6,82,-60.75300224491097,1,51,40,7,2,392,0,4351,23,6,4,0,0,209,318.72949252793853,1,187,87,41,8,2,735,138,172,0,0,19,39.0,181.0,0,13,364,66,2,1,1,29,10,-18,14,8,0,131,941,63,19,6,2,25,13,30,175,74,1580,27,31,4,0,53.0,0.8709677419354839,0,6,8,9,4,0,0,1,0,2,1,0,30;41;33;41;29;46;37;40;29;49;41;31;36;39;47;32;37;47;51;23;26;53;28;50;51;49;20,48;48;27;53,,1036,176,0,36,36,0,0,1.0,0,0,0,0,,73,0,63.0,3008,16,8,5,6,14,40,410,1,2478
2005,LAC,REG,16,338,526,3738,27,16,30,-239,10,5,0,3738,191,61.91435736495266,,0,162,83,48,4,466,2068,22,2,0,116,36.65573054594992,0,48,38,11,3,338,0,3738,27,3,3,0,0,191,313.78748037954995,0,162,83,48,4,0,613,218,236,0,0,16,46.0,289.0,0,10,205,94,2,4,0,32,9,0,10,34,0,110,890,66,18,4,0,22,12,39,245,69,1667,21,24,2,1,49.0,0.875,1,3,9,8,0,0,0,0,0,2,0,0,33;42;44;42;21;34;32;41;32;33;34;18;28;38;48;41;32;36;20;48;49,42;46,40,746,88,40,49,49,0,0,1.0,0,0,0,0,,71,0,71.0,3104,25,2,16,8,19,26,244,0,2700
2005,LV,REG,16,316,592,3883,21,15,43,-287,11,4,0,3883,189,-2.674690810020482,,0,155,81,50,6,362,1368,11,5,2,80,-26.46454301172257,1,33,21,7,0,316,0,3883,21,3,0,0,0,189,337.8414404422258,0,155,81,50,6,0,718,163,179,0,0,15,36.0,235.0,0,5,38,68,0,4,0,19,13,-16,14,11,1,147,1132,62,16,8,3,24,8,37,205,80,1832,20,30,9,1,49.0,0.6666666666666666,1,7,5,7,0,0,0,1,1,4,2,1,29;28;26;30;23;49;43;25;22;32;32;49;48;40;30;25;19;37;42;43,43;50;49;37;45;45;61;29;51,46,672,410,46,30,30,0,0,1.0,0,0,0,0,,82,0,64.0,3724,26,5,14,8,16,39,460,0,3104
2005,MIA,REG,16,291,556,3458,22,16,26,-158,7,3,0,3458,159,-3.0187143825734655,,0,127,64,44,11,444,1898,11,10,5,93,-33.45359208017369,0,41,33,10,3,291,0,3458,22,5,4,0,0,159,271.24916153683984,0,127,64,44,11,0,686,114,346,0,0,23,48.0,368.0,0,14,136,84,0,5,3,0,16,-61,17,109,1,132,1055,55,16,15,1,31,14,43,390,69,1503,25,30,5,0,53.0,0.8333333333333334,0,9,9,6,1,0,0,1,3,0,1,0,29;44;27;32;47;53;33;23;37;36;41;46;28;36;27;23;29;39;20;32;25;36;38;41;42,21;36;31;38;53,,864,179,0,33,33,0,0,1.0,1,1,0,0,32,89,0,63.0,3830,30,4,18,7,14,46,227,0,3463
2005,MIN,REG,16,322,509,3449,18,16,54,-297,7,5,0,3449,169,-27.57455695527531,,1,156,60,31,8,381,1461,10,9,5,83,-53.26316739436387,0,46,34,8,1,322,0,3449,18,2,1,0,0,169,252.2756951856314,1,156,60,31,8,2,702,127,227,0,0,12,33.0,204.0,0,24,392,86,3,4,0,0,8,-5,11,21,0,128,1011,60,16,8,1,24,14,42,344,71,1549,25,34,7,2,56.0,0.7352941176470589,0,11,3,8,3,0,0,0,3,2,2,0,53;22;24;28;48;34;43;23;27;22;56;21;40;48;24;27;43;37;44;20;36;40;46;54;27,33;52;32;33;52;40;49,32;32,887,291,64,31,31,0,0,1.0,3,3,0,0,56;48;27,81,0,62.0,3505,19,4,9,6,17,45,495,0,2890
2005,NE,REG,16,352,564,4322,28,15,28,-202,6,4,0,4322,204,107.13971036820784,,0,174,103,62,9,439,1512,16,6,3,101,-34.0583313533565,1,40,27,5,0,352,0,4322,28,4,2,0,0,204,351.39803152704695,0,174,103,62,9,0,555,231,295,0,0,7,32.0,210.0,0,11,85,69,2,2,0,0,9,-10,7,31,0,110,921,73,15,4,1,19,9,40,314,70,1555,20,25,5,0,49.0,0.8,0,7,9,4,0,0,0,0,1,2,2,0,26;45;48;35;43;24;29;39;38;35;32;33;37;29;21;34;22;26;49;33,53;37;53;44;45,,678,232,0,41,42,0,1,0.9761904761904762,2,2,0,0,43;29,76,1,59.0,3431,22,6,10,4,14,42,405,0,2946
2005,NO,REG,16,308,553,3604,15,24,41,-261,6,4,0,3604,182,-39.40138733497883,,0,159,74,47,5,423,1688,8,6,5,89,-57.6017698643787,0,45,30,10,1,308,0,3604,15,4,4,0,0,182,269.02070982196415,0,159,74,47,5,0,619,200,234,0,0,9,26.0,166.0,0,10,182,66,0,4,0,0,3,-12,9,19,0,135,1130,75,14,9,2,23,19,46,320,75,1516,25,32,5,2,49.0,0.78125,1,12,4,8,0,0,0,1,2,2,0,0,29;48;47;21;22;23;40;20;37;33;19;22;26;49;22;46;26;47;44;35;47;33;20;25;24,29;32;43;43;30,47;45,805,177,92,22,22,0,0,1.0,1,1,0,0,47,71,0,69.0,3066,28,1,8,3,26,33,260,0,2746
2005,NYG,REG,16,294,559,3762,24,17,27,-184,7,2,0,3762,172,41.808432962261634,,1,152,79,49,8,470,2209,17,4,2,106,1.1461367082508578,1,55,37,18,7,294,0,3762,24,3,2,0,0,172,342.95307225969015,1,151,79,49,8,2,667,196,230,0,0,19,41.0,268.0,0,17,354,88,1,2,0,0,8,0,19,61,1,143,1115,58,12,6,2,18,8,49,453,63,1529,35,42,6,1,52.0,0.8333333333333334,0,11,13,8,3,0,0,1,1,2,2,0,39;30;22;40;28;38;32;23;50;45;52;39;50;33;39;44;22;35;48;26;27;39;43;27;24;21;27;36;41;35;47;38;25;38;46,51;28;40;54;45;33,29,1249,251,29,43,43,0,0,1.0,1,1,0,0,36,73,0,56.0,3070,26,11,8,3,15,36,309,1,2701
2005,NYJ,REG,16,268,470,2989,11,15,54,-350,10,5,0,2989,146,-79.28235648673952,,0,126,62,34,5,383,1322,10,10,6,74,-45.70112172353405,0,25,14,4,2,268,0,2989,11,4,2,0,0,146,217.34364246790173,0,126,62,34,5,1,612,280,342,0,0,16,31.0,198.0,0,21,279,64,2,5,0,6,16,-41,7,110,1,98,801,66,17,19,1,36,19,34,219,71,1728,22,28,5,1,49.0,0.7857142857142857,0,8,7,7,0,0,0,0,0,3,2,0,41;35;25;21;44;35;22;22;29;45;41;38;38;33;20;35;21;42;42;49;25;34,40;48;51;53;43,28,737,235,28,24,24,0,0,1.0,0,1,1,0,53,75,0,59.0,3251,19,5,13,6,15,36,305,0,2826
2005,PHI,REG,16,337,620,3903,21,20,43,-230,8,5,0,3903,182,-67.56860903949269,,1,150,77,49,8,364,1436,11,13,4,73,-45.62822947333191,0,39,27,8,2,337,0,3903,21,4,3,0,0,182,282.21423692366693,1,150,77,49,8,1,811,61,159,0,0,22,29.0,184.0,0,17,195,129,1,6,0,65,16,-24,10,114,1,135,1141,70,19,14,3,33,14,53,448,72,1576,22,29,6,1,50.0,0.7586206896551724,0,6,8,7,1,0,0,0,1,4,0,1,44;23;44;37;26;23;23;40;34;48;20;20;44;38;37;33;42;36;50;31;49;35,49;49;43;60;38;49,40,777,288,40,32,33,0,1,0.9696969696969696,1,2,1,0,23;60,99,1,59.0,4073,25,6,15,3,18,57,312,0,3701
2005,PIT,REG,16,228,379,3104,21,14,32,-178,2,2,0,3104,144,54.93491032753379,,0,121,60,44,14,549,2223,21,10,3,120,-17.495183534097333,0,56,37,11,4,228,0,3104,21,3,1,0,0,144,256.67866285656106,0,121,60,44,14,2,615,197,289,0,0,21,47.0,312.0,0,15,179,84,0,2,1,0,13,-19,15,130,1,99,876,43,12,10,0,22,9,46,470,56,1208,24,29,4,1,44.0,0.8275862068965517,0,9,9,6,0,0,0,0,0,2,2,0,44;27;37;35;33;24;40;29;27;39;42;37;32;24;42;33;44;37;23;21;41;26;26;31,52;46;51;41,44,794,190,44,45,45,0,0,1.0,1,1,0,0,40,69,0,65.0,2875,23,5,7,8,12,37,336,0,2379
2005,SEA,REG,16,307,475,3628,25,11,26,-171,3,1,0,3628,192,96.9834201409312,,0,158,68,44,8,519,2457,29,7,1,142,35.59364719382967,0,75,55,17,5,307,0,3628,25,3,2,0,0,192,297.43455602624,0,158,68,44,8,0,690,204,238,0,0,17,46.0,284.0,0,16,315,97,2,2,0,0,9,-5,11,48,1,94,846,39,13,4,2,17,6,31,177,61,1334,18,25,6,1,55.0,0.72,0,5,4,4,5,0,0,0,0,3,3,0,33;23;47;53;34;44;28;55;50;26;28;31;21;47;36;52;52;44,47;47;51;40;50;57,36,704,292,36,56,57,0,1,0.9824561403508772,2,2,0,0,50;36,80,0,62.0,3286,25,3,12,8,16,41,343,0,2783
2005,SF,REG,16,204,389,2190,8,21,48,-292,13,5,0,2190,96,-129.0778915530332,,1,94,37,27,4,428,1689,9,8,3,70,-48.701769638983095,0,37,27,11,3,204,0,2190,8,4,3,0,0,96,139.15190143023608,1,94,37,27,4,1,780,87,239,0,0,13,27.0,193.0,0,16,220,93,3,5,0,-1,17,-24,10,87,2,106,780,56,19,12,0,31,14,28,212,81,1540,26,29,3,0,56.0,0.896551724137931,0,4,10,10,2,0,0,0,2,0,1,0,32;20;30;47;45;47;41;46;28;48;52;30;34;29;33;31;40;22;48;39;35;47;33;56;42;33,39;52;34,,988,125,0,21,21,0,0,1.0,1,1,0,0,33,107,1,58.0,4447,15,8,14,3,20,62,471,0,3916
2005,TB,REG,16,303,487,3171,17,14,40,-281,7,5,0,3171,161,-34.37808971192925,,0,120,59,34,6,458,1826,13,5,3,83,-32.63348225023433,1,34,26,12,3,303,0,3171,17,2,0,0,0,161,243.34697167603667,0,120,59,34,6,0,636,168,236,0,0,17,35.0,222.0,0,17,223,80,0,1,1,9,6,-1,13,89,3,131,1085,61,12,4,1,16,9,51,492,59,1148,22,27,4,1,50.0,0.8148148148148148,0,3,8,10,1,0,0,2,0,1,1,0,41;40;42;43;35;36;43;30;36;32;47;31;45;45;27;28;34;36;50;41;46;26,46;52;29;27,43,834,154,43,32,32,0,0,1.0,2,2,0,0,45;41,90,0,61.0,4101,24,2,10,13,16,49,466,0,3375
2005,TEN,REG,16,358,594,3797,20,14,30,-187,8,6,0,3797,191,-50.6145588052032,,0,152,62,34,8,398,1512,8,8,4,72,-57.527594878334085,0,36,23,7,0,358,0,3797,20,4,2,0,0,191,271.4107528844924,0,152,62,33,8,1,579,200,294,0,0,13,41.0,246.0,0,9,129,62,2,3,1,0,12,-4,11,65,2,125,1002,61,20,7,3,27,12,45,418,70,1697,23,29,6,0,53.0,0.7931034482758621,0,10,6,5,2,0,0,0,1,2,3,0,39;29;47;41;39;34;52;49;24;29;47;53;39;24;35;41;21;22;24;23;21;38;24,47;38;58;50;51;46,,795,290,0,30,32,2,0,0.9375,0,0,0,0,,78,0,59.0,3371,21,3,9,14,20,32,144,0,2947
2005,WAS,REG,16,278,481,3346,25,11,31,-240,8,5,0,3346,166,43.27769093974836,,1,134,74,40,11,525,2183,15,10,7,114,-34.38883067435158,0,54,39,10,3,278,0,3346,25,5,2,0,0,166,299.80335541751083,1,134,74,40,11,2,713,68,150,0,0,18,32.0,220.0,0,16,176,88,1,3,0,5,10,-17,12,42,1,108,925,50,21,8,3,29,16,30,180,62,1438,17,21,2,2,45.0,0.8095238095238095,1,4,6,6,0,0,0,0,0,1,1,0,40;43;19;40;39;34;36;27;24;33;40;24;45;38;38;41;25,52;45,39;38,586,97,77,42,42,0,0,1.0,1,1,0,0,39,87,0,57.0,3503,25,3,19,7,18,40,189,0,3174
2006,ARI,REG,16,321,544,3919,17,17,34,-257,10,3,4284,1603,187,13.125957288532794,-2.871473104231001,0,158,80,50,11,421,1338,12,11,5,84,-62.5752625000947,0,24,14,0,0,321,0,3919,17,3,2,4284,1582,187,294.41473954424987,0,158,80,50,11,1,733,128,156,0,0,20,38.0,238.0,63,16,350,84,1,4,0,0,15,-24,17,127,2,117,937,58,19,12,3,31,13,25,250,73,1610,28,37,9,0,50.0,0.7567567567567568,0,11,9,7,1,0,0,0,0,3,6,0,36;30;43;29;41;45;41;28;29;29;45;38;28;36;21;50;23;20;32;40;49;38;25;39;37;32;28;20,51;53;51;52;40;49;41;53;50,,952,440,0,32,32,0,0,1.0,0,1,1,0,40,66,2,58.0,2963,18,5,8,3,6,44,562,1,2341
2006,ATL,REG,16,223,417,2682,21,15,47,-311,5,1,4698,945,133,-72.24157579978657,-3.2361329127318914,0,105,56,33,9,537,2939,9,8,3,134,23.56241181819823,0,86,70,23,4,223,0,2682,21,3,1,4698,942,133,210.23393650603444,0,104,56,33,9,0,634,165,211,0,0,19,37.0,235.0,55,12,254,75,1,0,0,0,10,-19,14,92,1,96,877,63,14,4,3,18,5,37,288,68,1542,23,32,6,3,51.0,0.71875,0,8,7,7,1,0,0,0,2,2,2,0,25;32;26;34;40;51;36;26;28;25;32;42;40;39;44;41;21;22;30;34;23;40;45,50;30;36;40;52;43,50;30;25,776,251,105,31,31,0,0,1.0,1,1,0,0,32,76,2,65.0,3199,25,18,6,6,21,25,279,0,2800
2006,BAL,REG,16,328,524,3535,21,14,17,-100,3,0,4082,1392,179,52.02986092152847,2.609643104312184,0,141,54,38,6,476,1637,11,12,5,86,-79.53810541020631,0,41,26,6,1,328,0,3535,21,3,3,4082,1391,179,262.6697320982753,0,141,54,38,6,0,605,157,205,0,0,13,60.0,418.0,103,28,544,111,5,2,2,0,11,-35,12,148,1,109,878,56,11,9,1,20,9,45,351,45,1046,28,30,2,0,52.0,0.9333333333333332,0,12,9,6,1,0,0,1,0,1,0,0,20;42;25;33;37;23;32;43;52;24;43;25;36;35;27;40;29;37;40;41;23;38;22;26;26;37;39;29,42;29,,924,71,0,37,37,0,0,1.0,0,0,0,0,,86,0,61.0,3695,30,7,15,3,17,44,404,0,3231
2006,BUF,REG,16,269,432,3050,19,14,47,-332,7,6,3833,1246,132,-28.48288438995995,3.22900133494714,0,113,50,35,10,420,1552,9,12,5,82,-60.58237762765728,0,38,24,4,1,269,0,3050,19,1,1,3833,1243,132,230.9914008752905,0,112,50,35,10,1,571,259,373,0,0,16,35.0,246.0,60,13,203,87,2,3,0,2,12,-33,11,91,2,87,629,51,15,12,1,27,14,39,421,63,1504,23,25,2,0,53.0,0.92,0,8,5,8,2,0,0,0,0,2,0,0,53;33;45;43;36;28;28;53;40;46;28;22;30;43;40;21;42;34;21;36;45;21;24,44;41,,812,85,0,33,33,0,0,1.0,1,2,1,0,41;42,92,0,66.0,4012,33,19,10,7,20,36,265,0,3607
2006,CAR,REG,16,325,539,3486,19,17,32,-222,7,4,4348,1555,158,-33.89704992532707,-0.050860322216182,0,134,72,37,7,423,1659,7,7,3,100,-49.48371296357332,0,48,32,11,1,325,0,3486,19,2,1,4348,1553,158,230.4316186356231,0,134,72,37,7,0,694,110,224,0,0,16,41.0,265.0,69,14,125,77,2,3,1,2,9,0,7,33,0,103,744,55,17,4,2,21,10,49,225,62,1204,24,27,3,0,54.0,0.8888888888888888,2,6,4,8,4,0,0,0,0,0,2,1,54;46;25;26;51;50;49;46;24;19;21;31;21;28;40;34;42;51;45;37;45;37;42;19,53;65;50,,883,168,0,28,28,0,0,1.0,1,1,0,0,46,99,1,70.0,4508,31,2,7,12,17,61,390,1,3878
2006,CHI,REG,16,282,514,3450,24,22,24,-164,4,3,4564,1400,161,-25.275487504333807,-3.7902186096956334,0,139,78,50,9,504,1913,14,5,4,103,-29.57384219995066,0,50,30,7,0,282,0,3450,24,5,3,4564,1374,161,279.28782236828494,0,139,78,50,9,6,666,204,228,0,0,28,38.0,272.0,75,23,279,84,1,7,1,108,10,-4,21,62,2,112,923,44,15,11,2,26,14,50,616,60,1373,32,36,3,1,49.0,0.8888888888888888,0,6,14,12,0,0,0,0,2,1,0,0,40;39;28;30;32;45;41;24;31;49;36;20;41;42;43;32;41;23;43;36;38;38;49;20;46;32;38;25;36;36;39;44,37;49;37,45,1157,123,45,47,47,0,0,1.0,1,1,0,0,25,77,0,65.0,3404,24,10,8,7,14,38,367,0,2897
2006,CIN,REG,16,327,523,4067,28,13,37,-240,13,7,5065,1466,201,65.55248731589448,5.67952605937174,0,156,85,53,15,434,1635,14,8,2,87,-38.523417858156535,0,40,25,5,0,327,0,4067,28,1,1,5065,1466,201,333.77847880186766,0,156,85,53,15,0,663,116,354,0,0,14,35.0,211.0,77,19,248,99,1,1,0,0,13,6,12,0,0,92,717,65,20,5,1,25,11,36,239,58,1209,25,30,5,0,51.0,0.8333333333333334,0,9,8,6,2,0,0,0,1,2,1,1,37;42;36;37;37;40;45;37;47;23;51;26;51;31;21;44;21;24;23;27;27;30;28;46;34,44;62;51;46;39,,865,242,0,40,42,1,1,0.9523809523809524,0,1,1,0,62,77,0,67.0,3428,26,4,11,11,9,42,236,0,2972
2006,CLE,REG,16,317,510,3242,15,25,54,-349,7,5,3766,1533,153,-113.21503098124772,3.205354188350921,0,123,57,32,8,373,1340,7,11,9,72,-74.83822769160507,0,35,22,2,0,317,0,3242,15,2,1,3766,1533,153,218.10157631041005,0,123,57,32,8,1,633,210,258,0,0,8,30.0,148.0,77,18,256,82,1,2,0,0,6,-6,9,39,1,74,687,74,19,4,0,23,17,36,371,71,1635,21,29,7,1,51.0,0.7241379310344828,0,5,9,6,1,0,0,1,0,6,0,0,30;28;41;47;22;32;47;21;37;20;42;30;36;35;43;23;35;33;51;43;36,48;26;44;48;40;47;48,31,732,301,31,25,25,0,0,1.0,1,1,0,0,33,83,0,61.0,3621,29,10,11,8,11,43,312,0,3149
2006,DAL,REG,16,310,506,4067,26,21,37,-231,7,4,4681,1441,197,74.1422978316882,4.282826783171125,1,168,84,56,12,473,1936,21,6,2,107,-8.34596432636548,1,52,32,10,1,310,0,4067,26,1,0,4681,1427,197,359.9529584945837,1,168,84,56,12,1,677,67,223,0,0,20,34.0,223.0,52,18,134,96,3,2,0,14,11,-46,13,124,1,100,939,44,12,9,1,21,9,40,335,64,1493,20,28,7,1,50.0,0.7142857142857143,0,7,8,4,1,0,0,1,1,5,0,0,32;26;50;43;39;22;21;38;24;33;30;28;38;22;41;35;46;24;48;39,36;26;48;43;46;44;43,35,679,286,35,49,49,0,0,1.0,1,1,0,0,46,56,0,75.0,2697,22,3,0,10,12,31,334,0,2163
2006,DEN,REG,16,256,454,2995,20,18,31,-196,7,3,4330,1235,151,-33.18408940084281,-2.425135804170912,0,121,51,34,6,488,2152,12,12,4,106,-14.72525306819226,0,55,40,16,4,256,0,2995,20,5,3,4330,1233,151,229.9261216141952,0,121,51,34,6,0,697,149,237,0,0,22,37.0,209.0,58,17,244,77,2,3,0,0,14,-13,13,58,0,67,478,60,19,10,3,29,12,32,294,54,1187,27,29,2,0,51.0,0.9310344827586208,0,10,10,6,1,0,0,0,0,2,0,0,49;23;22;39;23;43;44;51;22;32;49;32;24;42;38;31;37;41;34;33;30;22;30;24;22;21;22,44;43,,880,87,0,34,34,0,0,1.0,1,1,0,0,39,80,0,61.0,3338,23,4,14,7,16,39,268,0,2930
2006,DET,REG,16,372,596,4208,21,22,63,-388,8,7,5040,1698,208,-34.938516092854236,-0.0511991154206426,0,177,104,59,3,304,1129,9,8,6,53,-60.86327257315555,0,25,21,6,1,372,0,4208,21,5,4,5040,1698,208,301.49284493564966,0,177,104,59,3,0,721,114,278,0,0,18,27.0,190.0,52,12,160,57,1,5,1,0,8,-10,18,23,0,116,939,69,18,8,1,26,17,35,396,74,1648,29,33,4,0,53.0,0.8787878787878788,1,12,6,7,3,0,0,0,0,1,3,0,44;37;40;29;20;53;43;29;25;28;19;36;25;33;32;52;29;38;49;26;53;45;42;42;23;33;25;26;23,52;40;56;52,,999,200,0,30,30,0,0,1.0,0,0,0,0,,66,0,67.0,2967,17,5,5,9,9,38,276,1,2511
2006,GB,REG,16,350,630,3947,18,18,24,-157,7,5,5488,1965,185,-15.870236382069194,-5.703434453516528,0,152,76,49,8,431,1662,9,5,4,93,-74.47731954777439,0,42,23,7,1,350,0,3947,18,7,2,5488,1936,185,297.74952221986615,0,152,76,49,7,0,628,157,283,0,0,16,46.0,337.0,92,23,289,97,4,0,0,0,5,-10,10,29,1,90,689,57,18,7,5,25,15,53,415,70,1379,26,35,7,2,54.0,0.7428571428571429,0,11,6,8,1,0,0,0,2,3,2,0,24;36;24;23;54;46;27;32;42;34;42;49;20;24;29;34;34;23;44;21;24;38;44;44;25;46,53;54;45;44;40;34;32,28;38,883,302,66,31,32,1,0,0.96875,0,0,0,0,,84,0,66.0,3748,17,5,8,13,4,54,503,1,2985
2006,HOU,REG,16,329,481,3030,14,13,42,-251,9,5,2703,1633,156,-40.13463869629375,4.175158567500837,1,121,43,29,3,432,1685,13,10,3,106,-21.54684261258815,1,41,29,7,0,329,0,3030,14,5,2,2703,1633,156,201.7297612039476,1,121,43,29,3,0,645,193,213,0,0,13,28.0,191.0,54,11,78,65,1,0,0,0,12,-14,11,139,2,90,748,62,18,9,3,27,12,23,242,71,1609,19,25,6,0,49.0,0.76,1,4,3,11,0,0,0,0,2,2,2,0,34;43;32;19;48;43;21;27;41;25;28;47;42;47;39;49;46;42;48,38;42;32;52;59;41,,721,264,0,26,27,0,1,0.9629629629629628,1,1,0,0,48,76,0,62.0,3163,15,0,11,5,24,36,275,1,2788
2006,IND,REG,16,362,557,4397,31,9,15,-89,2,1,5332,1407,241,180.30615542404945,5.052965493730548,1,190,90,53,7,439,1762,17,4,4,112,-15.9958193248624,0,39,28,3,1,362,0,4397,31,4,3,5332,1407,241,378.2124427368895,1,190,90,53,7,1,604,264,292,0,0,20,24.0,150.0,52,15,157,62,0,1,0,0,1,-2,11,31,1,86,718,58,11,2,2,13,10,23,207,58,1368,26,29,3,0,48.0,0.896551724137931,1,4,12,9,0,0,0,0,1,1,1,0,26;32;48;32;39;43;38;20;30;19;47;42;30;48;37;23;31;31;44;20;41;30;44;33;46;34,37;46;53,,908,136,0,47,48,0,1,0.9791666666666666,1,1,0,0,37,47,1,61.0,2085,14,3,5,5,9,25,327,1,1658
2006,JAX,REG,16,267,447,3059,17,14,31,-187,2,1,3836,1424,147,-11.893801962248704,0.393507328928283,0,123,62,39,5,511,2551,23,9,3,127,32.189722273454244,0,77,63,14,4,267,0,3059,17,3,3,3836,1424,147,221.40436840337364,0,123,62,39,5,1,683,61,155,0,0,8,35.0,200.0,59,20,280,86,1,3,0,3,7,-21,4,7,0,97,810,58,10,7,1,17,9,45,361,49,1136,26,32,6,0,48.0,0.8125,0,5,7,14,0,0,0,1,0,4,1,0,35;31;32;42;46;43;41;43;40;40;27;47;21;39;44;39;24;23;48;27;48;48;34;46;43;33,49;24;49;42;48;53,,984,265,0,41,41,0,0,1.0,0,0,0,0,,72,1,58.0,2920,20,13,7,7,16,29,343,2,2437
2006,KC,REG,16,272,450,3243,18,12,41,-243,8,6,3693,1320,184,14.686247987436971,-2.022753865364565,1,142,69,36,5,513,2143,17,9,4,105,-27.196710969639973,0,56,42,12,4,272,0,3243,18,2,1,3693,1314,184,275.06787895065145,1,142,69,36,5,2,727,112,150,0,0,22,31.0,190.0,53,15,124,64,0,3,0,0,10,-10,15,51,0,76,577,46,15,8,0,23,14,33,264,64,1404,24,31,7,0,53.0,0.7741935483870968,1,10,4,7,2,0,0,0,2,3,2,0,29;29;45;22;49;45;40;19;53;38;32;42;27;37;24;34;29;21;49;45;52;24;29;28,51;42;50;48;35;32;44,,842,302,0,35,36,1,0,0.9722222222222222,1,1,0,0,53,72,0,72.0,3178,24,5,11,5,19,32,254,0,2824
2006,LA,REG,16,371,592,4328,24,8,49,-366,3,2,5359,1618,212,56.37892917521725,1.5086398807382,1,166,93,61,10,424,1805,13,6,3,94,-21.59996772453277,0,47,34,10,1,371,0,4328,24,5,3,5359,1618,212,319.6240157136884,1,166,93,61,10,0,740,83,91,0,0,18,33.0,206.0,62,17,164,63,1,2,0,0,8,-14,15,91,1,116,960,65,13,7,2,20,10,30,234,65,1383,32,37,5,0,53.0,0.8648648648648649,1,11,6,11,3,0,0,0,0,5,0,0,26;38;29;51;48;24;49;40;26;47;21;42;19;46;47;31;26;20;34;41;40;42;35;24;51;27;37;24;34;21;42;53,44;46;47;48;41,,1135,226,0,35,35,0,0,1.0,0,0,0,0,,75,1,74.0,3223,29,6,15,5,22,27,247,1,2876
2006,LAC,REG,16,287,466,3411,24,9,29,-154,3,2,4147,1310,169,83.22109817491946,1.8241145850119744,1,146,75,41,5,522,2582,32,8,1,137,51.588358015599105,0,62,48,20,9,287,0,3411,24,2,1,4147,1310,169,298.2833776318727,1,146,75,41,5,0,575,234,290,0,0,17,60.0,347.0,74,16,140,103,0,3,0,0,11,-22,12,85,3,90,790,61,10,8,1,18,6,45,382,55,1359,26,29,3,0,54.0,0.896551724137931,0,7,11,7,1,0,0,0,1,2,0,0,47;29;28;31;35;44;34;54;28;33;22;24;44;39;31;31;29;42;34;35;30;22;46;40;47;35,40;47;36,,914,123,0,58,58,0,0,1.0,0,0,0,0,,69,0,71.0,2893,35,4,17,2,19,27,216,0,2637
2006,LV,REG,16,263,483,2850,7,24,72,-430,7,7,4384,972,144,-147.7488408109833,-5.01537728253926,0,120,53,28,2,394,1519,5,16,8,73,-82.12624916190912,0,42,23,4,2,263,0,2850,7,7,6,4384,948,144,198.92728314146092,0,120,53,28,2,0,707,143,183,0,0,9,34.0,218.0,47,18,206,66,2,2,1,0,9,-43,5,65,2,111,847,76,17,15,1,32,22,35,216,73,1811,18,25,7,0,55.0,0.72,1,2,9,3,3,0,0,1,2,0,4,0,34;51;33;36;47;31;35;19;41;55;20;41;36;33;25;37;53;35,54;51;36;53;37;29;51,,662,311,0,16,16,0,0,1.0,0,0,0,0,,77,1,67.0,3660,19,4,9,19,11,34,437,0,2843
2006,MIA,REG,16,342,591,3577,16,19,39,-283,5,0,4834,1558,180,-64.97951231943242,-1.783048648100633,2,150,65,37,6,404,1663,7,9,5,82,-59.41798457134757,0,38,27,9,3,342,0,3577,16,1,0,4834,1532,180,268.2870380012283,2,150,64,36,6,0,590,142,366,0,0,26,47.0,268.0,60,8,116,85,2,3,0,0,11,-16,19,150,1,90,789,53,11,7,1,18,6,41,378,52,1102,26,36,8,2,52.0,0.7222222222222222,0,10,6,9,1,0,0,0,1,2,5,0,26;40;39;52;29;22;40;21;32;40;45;20;40;22;44;42;28;42;35;33;25;28;38;42;27;34,55;30;50;51;52;50;44;42,40;37,886,374,77,22,22,0,0,1.0,0,0,0,0,,85,1,64.0,3640,28,5,11,10,10,49,367,0,3073
2006,MIN,REG,16,332,540,3402,13,20,41,-279,9,3,4151,1722,160,-105.7394339159032,0.6062945338987535,0,129,62,44,6,444,1822,12,8,6,86,-41.58175822237479,0,42,23,7,2,332,0,3402,13,7,2,4151,1717,160,220.38404098251104,0,129,62,44,6,1,654,86,200,0,0,14,29.0,190.0,53,21,233,71,3,4,0,1,16,-4,15,36,3,123,903,66,20,11,3,31,12,37,374,66,1492,21,25,3,1,49.0,0.84,2,7,8,4,0,0,0,0,0,2,1,0,46;31;26;22;19;31;26;41;37;49;26;20;33;21;34;35;19;40;23;30;30,54;46;49,51,639,149,51,27,28,0,1,0.9642857142857144,1,1,0,0,19,94,0,68.0,3961,29,8,8,7,21,50,485,1,3336
2006,NE,REG,16,327,528,3594,25,12,29,-190,12,4,4207,1721,181,73.17700577596261,0.878772339195881,2,133,66,47,8,498,1967,20,6,5,121,-18.357621184551576,0,52,32,12,2,327,0,3594,25,6,4,4207,1712,181,284.4047487736236,2,133,66,47,8,1,490,266,330,0,0,13,43.0,280.0,97,22,262,70,0,2,1,0,11,6,12,0,0,98,940,54,25,2,1,27,15,36,422,58,1553,20,26,4,2,52.0,0.7692307692307693,0,10,7,2,1,0,0,0,2,2,0,0,32;20;24;35;31;23;49;26;31;21;52;25;27;36;32;31;21;48;28;26,48;36;49;33,29;37,618,166,66,43,44,0,1,0.9772727272727272,0,0,0,0,,69,0,62.0,2846,19,9,9,7,15,29,321,2,2385
2006,NO,REG,16,373,581,4632,27,13,23,-123,7,3,4046,2181,208,109.0852748710888,1.895648824132007,2,163,83,65,20,471,1758,20,7,4,98,-33.86176717970003,0,39,24,6,1,373,0,4632,27,4,3,4046,2153,208,369.7119918699784,2,163,83,65,20,2,581,198,230,0,0,15,38.0,268.0,90,11,106,69,0,1,0,0,12,-2,8,0,0,79,597,75,18,5,1,23,10,51,372,60,1377,23,26,3,0,51.0,0.8846153846153846,1,9,7,5,1,0,0,0,1,1,1,0,43;25;21;20;45;47;37;51;20;31;21;39;31;46;20;24;25;19;33;41;32;26;38,43;32;51,,735,126,0,46,47,0,1,0.9787234042553192,1,1,0,0,31,77,0,59.0,3370,19,3,7,10,17,40,279,0,2891
2006,NYG,REG,16,301,523,3244,24,18,25,-186,7,1,4356,1335,163,-10.317658295326328,-4.032061503248572,0,127,53,33,8,455,2156,14,7,3,120,-7.280310711260705,0,66,45,13,3,301,31,3244,24,4,3,4356,1304,163,239.01930491998763,0,127,53,33,8,0,666,199,221,1,3,17,32.0,181.0,63,17,305,97,2,3,1,0,11,-12,11,71,1,101,881,64,17,6,2,23,10,33,288,70,1416,23,27,4,0,47.0,0.8518518518518519,0,7,10,6,0,0,0,0,1,2,1,0,35;46;24;34;32;40;21;39;31;32;31;46;40;40;23;22;32;29;47;23;24;34;31,40;47;33;52,,756,172,0,38,38,0,0,1.0,0,0,0,0,,77,0,54.0,3098,27,21,7,3,13,33,191,0,2847
2006,NYJ,REG,16,313,488,3352,17,16,33,-199,6,5,3687,1412,161,13.98846645262726,2.6435597478572666,0,123,57,38,9,492,1739,15,5,1,99,-48.822614707812654,0,32,22,7,0,313,0,3352,17,3,1,3687,1387,161,254.8305738464576,0,123,57,37,9,2,534,309,359,0,0,12,35.0,230.0,53,16,56,60,0,3,0,30,12,-15,9,52,1,70,560,57,13,8,0,21,9,29,243,60,1445,24,27,3,0,54.0,0.8888888888888888,1,7,10,4,2,0,0,0,2,0,1,0,18;42;33;33;33;27;47;34;23;34;54;40;24;30;38;25;52;45;20;22;30;35;22;35,34;30;52,,796,116,0,34,35,1,0,0.9714285714285714,1,1,0,0,30,73,1,69.0,3211,27,8,11,11,15,28,205,0,2786
2006,PHI,REG,16,323,544,4274,30,9,28,-190,6,4,4685,2133,189,63.430910296101615,-0.9859699688985676,1,157,90,63,18,416,1984,13,6,3,106,-7.790004944233188,0,60,41,11,1,323,36,4274,30,6,4,4685,2044,189,311.57131817780635,1,157,90,63,18,0,725,117,277,0,0,19,40.0,300.0,68,19,428,124,4,3,0,0,12,17,10,99,2,111,968,76,17,10,0,27,15,36,339,58,1204,18,23,5,0,47.0,0.782608695652174,0,9,3,6,0,0,0,1,2,2,0,0,42;37;21;40;27;47;25;28;37;25;42;38;28;25;25;45;21;41,49;39;36;48;23,,594,195,0,48,48,0,0,1.0,0,0,0,0,,78,0,60.0,3306,21,3,11,10,13,41,380,1,2726
2006,PIT,REG,16,312,523,4026,23,23,49,-293,3,1,4922,1703,201,34.55372352099601,1.280920341343223,0,174,87,49,10,469,1989,16,12,7,100,-41.66709413364313,0,50,36,16,4,312,0,4026,23,4,3,4922,1703,201,327.9883172903889,0,174,87,49,10,1,601,181,291,0,0,12,38.0,222.0,56,20,272,84,2,5,0,2,13,-8,9,6,0,69,611,55,21,6,0,27,14,34,285,55,1214,20,27,5,2,50.0,0.7407407407407407,1,6,8,4,1,0,0,1,2,2,0,0,37;36;39;44;32;28;29;39;46;29;32;43;50;39;23;28;19;45;26;35,44;28;40;35;32,48;35,699,179,83,41,41,0,0,1.0,0,0,0,0,,65,0,56.0,2687,11,2,10,4,11,38,219,0,2388
2006,SEA,REG,16,292,512,3369,26,22,48,-312,5,5,5044,1077,167,-33.605827996497375,-1.9492271170835265,1,143,67,41,7,485,1920,8,9,4,112,-50.32015653410045,0,51,45,8,0,292,0,3369,26,5,3,5044,1072,167,273.6280787055177,1,143,67,41,7,1,640,207,233,0,0,18,41.0,282.0,61,12,124,79,1,2,0,0,8,-5,14,127,1,95,700,54,18,3,1,21,12,49,424,69,1548,25,31,3,3,54.0,0.8064516129032258,0,10,5,7,3,0,0,0,1,1,1,0,20;51;42;23;24;49;49;54;42;26;20;25;20;38;45;41;37;28;44;23;50;33;35;30;23,34;40;53,41;53;30,872,127,124,36,36,0,0,1.0,4,4,0,0,42;54;38;50,86,0,72.0,3827,26,10,10,15,12,39,343,0,3184
2006,SF,REG,16,259,445,2901,16,15,37,-209,7,2,3493,1410,132,-36.79382861861284,-1.0213647316900645,0,109,53,34,8,436,2179,12,9,9,97,-32.45431802223475,0,57,41,20,6,259,0,2901,16,4,3,3493,1410,132,206.0121247266887,0,109,53,34,8,0,723,110,236,0,0,17,34.0,246.0,58,14,178,65,1,3,1,0,6,0,13,46,1,93,818,69,23,2,2,25,17,28,237,80,1908,29,35,5,1,51.0,0.8285714285714286,2,11,8,7,1,0,0,1,1,2,1,0,22;44;32;20;48;19;39;42;23;25;30;51;28;23;23;47;39;18;24;29;24;36;39;49;32;46;29;46;36,34;46;51;49;27,30,963,207,30,29,29,0,0,1.0,1,1,0,0,36,81,0,66.0,3625,22,9,9,9,19,35,462,1,2983
2006,TB,REG,16,296,535,2994,14,18,33,-196,8,4,3541,1355,133,-119.5225506636433,-5.008372995251308,0,113,52,30,7,404,1523,6,10,6,82,-51.256576566656975,0,34,21,6,0,296,0,2994,14,5,3,3541,1355,133,185.74840315476135,0,113,52,30,7,0,633,236,266,0,0,19,26.0,171.0,68,11,226,66,3,3,0,0,11,-3,9,23,0,87,732,69,17,9,2,26,13,54,353,61,1307,17,22,5,0,62.0,0.7727272727272727,0,8,3,5,0,1,0,0,0,4,1,0,22;28;30;44;62;43;28;26;31;46;27;42;24;45;23;24;37,45;43;43;51;44,,582,226,0,22,23,0,1,0.9565217391304348,1,1,0,0,62,93,0,59.0,4025,20,9,12,6,16,50,487,1,3418
2006,TEN,REG,16,226,446,2748,13,19,30,-153,5,1,4301,1055,133,-70.46269294847654,-5.348965967671153,1,122,68,42,1,468,2215,15,11,3,105,-9.77617446331946,2,56,48,17,2,226,0,2748,13,4,3,4301,1051,133,187.7750478689756,1,122,68,42,1,3,619,246,332,0,0,10,26.0,157.0,54,17,282,78,2,5,2,0,19,-23,11,199,3,93,788,65,20,9,2,29,7,37,467,79,1835,22,28,5,1,60.0,0.7857142857142857,0,10,7,4,0,1,0,1,0,3,1,0,22;33;39;22;47;32;26;30;21;36;49;25;60;41;33;27;42;20;30;25;27;27,51;41;48;44;23,43,714,207,43,32,32,0,0,1.0,2,3,0,1,43;49;60,88,0,73.0,3760,32,7,14,10,24,33,278,0,3282
2006,WAS,REG,16,274,471,3174,19,10,20,-152,1,0,3916,1543,150,11.652014798438934,-2.900961716606088,2,124,64,39,10,489,2221,13,12,4,123,-8.80693822652675,0,75,53,13,0,274,0,3174,19,5,3,3916,1538,150,241.1871319010365,2,124,64,39,10,2,629,207,241,0,0,13,20.0,96.0,43,6,25,82,0,1,1,45,8,-11,6,6,0,106,951,64,11,8,4,19,7,39,342,73,1631,22,30,8,0,52.0,0.7333333333333333,0,5,10,6,1,0,0,0,2,5,1,0,27;27;22;39;46;44;37;37;39;28;47;32;45;42;31;45;32;35;37;37;22;52,48;42;49;35;49;48;37;50,,803,358,0,31,31,0,0,1.0,1,1,0,0,47,81,1,60.0,3471,27,3,14,7,12,45,319,0,3012
2007,ARI,REG,16,357,591,4220,32,24,24,-163,5,4,5048,1593,210,32.068676141912135,0.3850723383546081,0,181,86,52,7,402,1450,9,14,2,70,-46.26599723060594,0,23,20,5,0,357,0,4220,32,7,5,5048,1588,210,313.77500853726065,0,181,86,52,7,1,731,111,159,0,0,13,36.0,242.0,62,18,551,68,6,0,0,33,14,-71,11,48,1,137,1130,63,17,10,1,27,12,42,395,74,1682,21,30,8,1,52.0,0.7,2,5,6,5,3,0,0,0,1,1,6,0,35;28;52;42;48;40;41;50;32;50;47;23;19;33;19;26;32;29;31;23;33,53;47;52;55;54;32;50;54,39,733,397,39,47,48,0,1,0.9791666666666666,2,3,1,0,42;55;31,79,1,61.0,3198,21,6,13,7,15,38,500,1,2558
2007,ATL,REG,16,336,556,3573,18,16,46,-270,5,2,3849,1740,161,-83.27421723854167,-3.9611691368461974,0,133,54,42,6,385,1520,7,5,3,73,-62.71548416630007,0,35,29,11,2,336,1,3573,18,4,3,3849,1740,161,239.0951218826117,0,133,54,42,6,0,760,108,124,0,0,16,25.0,146.0,36,16,174,72,0,2,0,0,7,-20,11,73,1,105,891,60,13,4,2,17,8,36,228,73,1781,26,34,7,1,47.0,0.7647058823529411,0,9,12,5,0,0,0,1,0,4,2,0,45;24;25;28;22;36;46;32;28;47;38;33;21;33;27;36;47;34;30;41;33;23;21;30;37;32,44;43;26;53;48;50;48,42,849,312,42,25,25,0,0,1.0,0,0,0,0,,88,0,63.0,3824,30,5,6,5,31,41,307,0,3417
2007,BAL,REG,16,341,557,3308,13,14,39,-273,12,10,4444,1292,175,-64.58303381421868,1.5185072892266858,0,133,50,23,5,446,1797,11,10,7,96,-50.89188799718693,0,53,36,7,1,341,0,3308,13,3,3,4444,1292,175,236.28264033820787,0,133,50,23,5,3,617,176,248,0,0,11,32.0,187.0,65,17,212,92,1,6,0,53,9,-16,6,10,0,106,858,77,25,10,0,35,26,35,338,65,1525,27,32,4,1,49.0,0.84375,1,11,7,8,0,0,0,0,0,4,0,0,36;23;28;43;21;28;43;46;21;29;26;32;49;43;42;23;31;36;34;41;47;29;27;39;18;28;31,46;46;41;44,50,894,177,50,26,26,0,0,1.0,1,1,0,0,46,78,1,64.0,3397,20,8,7,9,16,38,375,0,2842
2007,BUF,REG,16,263,445,2842,12,14,26,-208,5,1,3314,1414,141,-64.801868943197,-1.4189498477326683,0,113,54,33,6,448,1800,8,5,3,91,-38.914256583658506,1,45,33,10,2,263,2,2842,12,4,3,3314,1414,141,174.69945476832132,0,113,54,33,6,2,654,176,260,0,0,12,23.0,127.0,62,18,193,83,2,2,2,0,11,-46,12,20,1,78,633,48,14,6,2,20,7,31,476,70,1448,24,27,3,0,52.0,0.8888888888888888,0,11,7,4,2,0,0,0,0,2,1,0,24;46;24;29;26;35;41;30;40;23;21;29;38;34;52;38;43;24;33;36;51;29;23;22,45;54;46,,791,145,0,24,24,0,0,1.0,1,1,0,0,36,81,0,75.0,3302,30,13,12,3,16,37,196,0,3046
2007,CAR,REG,16,285,505,2918,19,17,33,-206,4,1,4143,1307,142,-35.903251680552714,-5.439109645040361,0,103,41,28,9,451,1824,7,7,4,85,-49.65980410149553,0,54,32,7,1,285,1,2934,19,7,4,4143,1285,142,210.4064383974342,0,104,42,28,9,0,748,105,195,0,0,18,23.0,177.0,46,14,157,71,1,3,0,2,12,-47,16,50,1,95,801,62,17,8,2,25,12,32,269,60,1146,24,28,4,0,53.0,0.8571428571428571,2,6,8,6,2,0,0,0,1,3,0,0,34;32;45;49;23;35;52;33;43;24;45;29;31;26;45;29;19;49;39;53;37;37;25;19,47;45;40;37,,853,169,0,27,27,0,0,1.0,1,1,0,0,52,92,0,64.0,4038,22,5,10,5,16,55,579,1,3359
2007,CHI,REG,16,326,568,3698,18,21,43,-339,7,2,4612,1763,168,-62.456421744907054,-3.3531406922126883,1,150,71,44,8,424,1333,8,12,6,74,-76.010768129221,0,26,16,6,1,326,0,3698,18,4,2,4612,1756,168,262.54356601240914,1,150,71,44,8,7,762,135,183,0,0,24,42.0,251.0,70,16,235,65,1,7,1,55,14,-18,17,25,0,111,839,58,23,10,5,33,13,44,651,67,1234,31,36,3,2,49.0,0.8611111111111112,0,7,12,12,0,0,0,0,1,1,1,0,27;47;38;20;49;41;44;36;32;31;22;41;45;32;31;47;48;24;44;39;35;46;41;30;22;21;29;47;31;35;39,39;40;53,52;48,1114,132,100,33,33,0,0,1.0,1,1,0,0,39,94,0,60.0,3934,29,13,12,10,18,41,236,0,3498
2007,CIN,REG,16,373,575,4130,26,20,17,-119,4,1,5041,1742,213,59.279813720715175,5.332363728760393,0,166,87,51,8,416,1556,10,6,3,81,-34.00593330592369,1,30,21,5,1,373,0,4130,26,5,3,5041,1742,213,319.7059769306367,0,166,87,51,8,2,685,74,316,0,0,16,21.0,117.0,73,19,220,82,1,0,1,19,9,-3,15,109,2,90,670,59,16,4,1,20,10,27,131,73,1684,31,34,3,0,48.0,0.9117647058823528,1,11,13,6,0,0,0,1,0,1,1,0,23;40;20;43;24;40;48;33;36;20;31;20;34;19;22;35;35;21;33;41;38;24;27;38;32;46;24;35;29;38;30,53;26;43,,979,122,0,37,38,0,1,0.9736842105263158,0,0,0,0,,59,0,55.0,2437,21,3,10,3,10,33,301,1,2076
2007,CLE,REG,16,305,545,3865,29,20,20,-146,3,1,4294,1631,192,31.51918280273154,-2.1413702371082906,2,168,88,53,6,439,1901,13,7,4,110,-32.973503828822714,0,55,32,9,2,305,1,3865,29,6,3,4294,1631,192,321.38226936884115,2,168,88,53,6,3,689,177,231,0,0,11,27.0,178.0,72,17,216,88,1,4,1,0,8,-14,10,3,0,114,868,62,15,7,5,22,9,30,405,73,1943,26,30,2,2,51.0,0.8666666666666667,2,9,7,7,1,0,0,0,1,0,1,0,39;39;18;23;41;20;42;40;20;35;45;19;25;28;39;51;33;25;27;37;22;49;35;49;23;49,52;35,40;25,873,87,65,42,43,1,0,0.9767441860465116,2,3,0,1,40;25;33,69,0,64.0,2895,22,9,12,6,8,34,308,1,2467
2007,DAL,REG,16,342,531,4290,36,19,26,-187,7,1,4378,1734,217,137.29859963298358,4.931247932653801,0,188,78,56,11,417,1743,14,2,1,83,-16.293863038821204,0,45,35,12,2,342,0,4290,36,4,2,4378,1734,217,362.2982449061546,0,188,78,56,11,1,686,66,242,0,0,20,46.0,319.0,82,19,331,85,2,2,0,68,14,-1,10,30,1,104,813,53,12,7,0,19,5,26,227,61,1358,26,31,4,1,53.0,0.8387096774193549,0,10,7,7,2,0,0,1,0,0,3,0,31;26;28;47;30;44;47;29;37;53;38;23;45;22;44;46;27;26;51;25;33;23;42;23;37;30,50;51;50;28,23,907,179,23,53,53,0,0,1.0,1,1,0,0,53,63,0,64.0,2970,17,6,6,7,9,35,406,1,2424
2007,DEN,REG,16,326,515,3759,21,15,32,-175,5,3,4147,1662,187,41.24951360376587,1.695436379313469,0,164,78,42,7,429,1957,10,12,4,96,-23.997723518824603,0,54,39,18,3,326,0,3759,21,6,4,4147,1655,187,284.73568819819263,0,165,78,41,7,1,707,90,202,0,0,21,31.0,193.0,40,14,105,71,0,2,1,18,15,-31,15,68,2,90,610,62,20,10,1,30,14,23,209,58,1293,27,31,4,0,50.0,0.8709677419354839,0,11,6,9,1,0,0,0,0,3,1,0,21;48;42;23;20;23;35;22;30;49;45;21;44;50;21;39;23;22;29;44;37;37;41;47;23;43;30,50;43;45;48,,909,186,0,33,33,0,0,1.0,4,4,0,0,42;23;49;30,58,2,65.0,2630,17,7,11,6,3,31,334,2,2176
2007,DET,REG,16,368,588,4214,19,23,51,-337,9,3,5003,1700,203,-26.28596252706246,1.07529149130658,0,167,94,47,8,326,1288,13,14,7,73,-45.148191019332046,0,38,29,8,1,368,0,4214,19,6,2,5003,1649,203,294.92186205406045,0,167,94,47,8,1,755,99,277,0,0,24,37.0,256.0,77,17,362,60,3,2,1,33,15,-5,18,40,1,100,675,53,22,12,5,34,13,18,148,72,1628,29,35,4,2,53.0,0.8285714285714286,1,4,10,11,3,0,0,1,1,2,0,0,46;46;23;30;37;49;39;34;42;32;26;52;20;43;53;38;42;47;41;45;52;37;19;36;46;20;47;35;38,48;46;29;35,39;52,1115,158,91,35,36,0,1,0.9722222222222222,1,1,0,0,37,68,0,58.0,3010,26,13,5,5,9,36,434,0,2476
2007,GB,REG,16,383,578,4463,30,15,19,-127,5,1,4343,2258,210,122.03619479174904,4.322182821284096,0,164,77,52,17,388,1597,13,7,3,69,-38.99845562373272,0,35,31,15,4,383,1,4463,30,9,4,4343,2252,210,324.7328507759649,0,164,77,52,17,2,660,120,208,0,0,13,35.0,218.0,77,19,233,73,1,2,0,0,13,-50,9,76,3,113,1009,49,13,12,3,25,9,48,496,62,1349,31,39,7,1,53.0,0.7948717948717948,1,8,10,9,3,0,0,0,1,4,2,0,53;37;42;28;28;44;33;37;37;37;19;26;48;36;32;45;39;24;47;20;20;26;47;52;44;44;50;25;46;33;35,42;46;38;52;49;43;52,49,1134,322,49,48,48,0,0,1.0,1,1,0,0,42,60,2,72.0,2664,18,9,7,11,14,19,113,0,2331
2007,HOU,REG,16,346,529,3925,24,21,22,-174,9,5,4261,1494,190,40.54824416521235,3.5858471362091557,1,153,69,40,10,417,1586,12,4,2,96,-18.6574827735958,2,35,27,7,1,346,1,3925,24,10,7,4261,1499,190,287.32878854047584,1,153,69,40,10,4,650,204,228,0,0,18,31.0,196.0,49,11,75,80,0,2,0,21,7,-36,14,87,3,82,629,58,21,5,3,26,17,33,287,74,1961,25,29,3,1,57.0,0.8620689655172413,1,6,6,7,5,0,0,1,0,2,0,0,26;28;25;33;33;42;37;19;54;43;54;20;57;20;35;33;40;40;36;53;23;41;45;50;41,25;46;49,43,928,120,43,40,40,0,0,1.0,1,1,0,0,57,55,0,59.0,2296,24,5,11,3,17,19,151,0,2085
2007,IND,REG,16,355,551,4172,32,14,23,-139,5,1,4644,1687,212,143.2993915611405,2.6592243238560203,1,159,78,53,9,446,1706,19,1,0,119,7.439454651679978,1,47,33,4,0,355,0,4172,32,5,4,4644,1523,212,346.2609375256581,1,159,78,53,9,1,640,221,253,0,0,19,27.0,154.0,52,22,355,64,1,1,2,0,9,38,15,36,1,67,515,38,12,2,0,14,5,25,280,53,1157,23,29,6,0,39.0,0.7931034482758621,1,14,8,0,0,0,0,1,2,2,1,0,33;33;22;39;20;36;28;35;22;27;35;36;20;20;21;25;27;24;24;22;19;29;37,36;50;42;29;49;38,,634,244,0,49,51,0,2,0.9607843137254902,1,1,0,0,24,52,0,63.0,2181,18,5,7,5,13,22,305,1,1776
2007,JAX,REG,16,288,469,3495,28,8,30,-164,5,3,4526,1320,180,102.90469371342137,2.094283385084605,0,145,73,44,8,523,2388,18,4,3,127,16.787640689411333,1,68,49,16,6,288,0,3495,28,4,3,4526,1320,180,309.1964832307489,0,145,73,44,8,1,684,86,150,0,0,14,36.0,239.0,66,20,237,66,2,5,0,0,4,-10,8,77,1,76,594,54,12,6,1,18,13,32,324,49,1110,21,24,3,0,48.0,0.875,2,9,6,4,0,0,0,0,0,3,0,0,22;35;27;19;27;18;20;37;41;30;48;46;33;22;23;20;47;21;20;33;36,48;42;46,,625,136,0,46,48,1,1,0.9583333333333334,0,0,0,0,,54,0,76.0,2249,14,11,9,2,4,28,218,0,1991
2007,KC,REG,16,335,563,3525,17,20,54,-344,9,6,4375,1542,171,-66.9544889185658,-0.8567804781099161,0,155,74,40,2,384,1248,6,2,1,66,-65.4687584052769,1,21,10,5,1,335,0,3525,17,5,3,4375,1497,171,251.36550336374367,0,155,74,39,2,0,698,136,178,0,0,13,37.0,252.0,59,14,142,71,0,3,1,0,7,-9,8,50,1,101,697,61,18,4,3,22,13,41,302,67,1286,19,27,7,1,49.0,0.7037037037037037,0,4,9,6,0,0,0,0,4,2,1,0,27;45;39;49;21;25;41;32;20;41;31;38;36;39;47;30;38;36;40,30;31;30;53;43;45;33,48,675,265,48,21,21,0,0,1.0,0,0,0,0,,95,1,81.0,4323,27,5,12,9,19,50,391,1,3752
2007,LA,REG,16,333,574,3561,19,28,48,-328,6,4,5039,1121,192,-95.94761825888328,-1.915897010996911,1,151,72,42,1,404,1527,5,8,3,65,-58.497980125159266,0,26,23,10,5,333,0,3561,19,5,1,5039,1122,192,273.6832596098616,1,151,72,42,1,1,752,79,139,0,0,17,30.0,225.0,71,18,200,73,2,4,1,42,14,-10,9,31,0,94,779,65,17,8,3,25,9,30,357,82,1938,24,32,8,0,53.0,0.75,0,7,6,8,3,0,0,1,1,5,1,0,42;28;27;29;53;25;46;35;31;32;31;29;40;46;49;21;44;49;35;23;50;52;37;42,56;42;43;28;35;44;40;48,,896,336,0,25,25,0,0,1.0,0,1,1,0,56,78,0,80.0,3684,18,5,7,9,9,48,437,0,3067
2007,LAC,REG,16,281,471,3175,22,16,24,-170,6,3,3999,1278,158,16.40731237803592,1.5188577642201837,0,132,70,44,4,485,2039,19,7,5,104,-38.990875651960806,0,57,37,16,4,281,0,3175,22,2,0,3999,1278,158,276.9020165873838,0,132,70,44,4,3,641,214,242,0,0,18,42.0,282.0,62,30,293,95,2,2,0,109,7,-6,18,34,3,94,761,58,9,8,2,17,8,32,281,48,1224,24,27,2,1,51.0,0.8888888888888888,0,11,5,7,1,0,0,0,0,1,1,0,44;24;51;38;26;45;36;33;23;27;46;41;41;25;20;22;22;45;40;23;29;36;31;24,50;45,33,792,95,33,46,46,0,0,1.0,0,0,0,0,,81,1,70.0,3735,36,9,15,9,19,29,311,0,3244
2007,LV,REG,16,260,451,2894,17,20,42,-274,14,5,3707,1242,133,-41.83220246392716,-2.7963851876918553,2,115,53,31,6,507,2098,11,12,5,111,-46.172077465785186,0,53,34,13,1,260,0,2894,17,2,2,3707,1151,133,206.24571598601224,2,115,53,31,6,0,681,117,171,0,0,13,27.0,186.0,37,18,316,71,2,8,1,0,23,-17,8,0,0,120,865,68,24,18,2,42,17,38,209,78,1686,23,32,8,1,54.0,0.71875,0,4,6,7,6,0,0,0,1,3,3,1,38;32;22;23;48;37;50;43;54;22;37;52;42;30;42;49;52;25;54;38;44;41;53,46;57;52;64;58;35;44;49,50,928,405,50,28,28,0,0,1.0,0,0,0,0,,73,0,70.0,3585,25,3,11,7,12,40,445,2,3000
2007,MIA,REG,16,318,558,3319,12,16,40,-269,8,6,4550,1434,162,-60.13173039987205,-3.0021637901384732,1,134,61,41,3,391,1559,14,10,4,107,-13.539851718583398,1,45,27,9,1,318,0,3319,12,2,1,4550,1436,162,250.3058287970941,1,135,61,41,3,1,664,151,219,0,0,13,30.0,167.0,49,14,160,57,1,3,0,0,10,-46,8,43,1,91,732,65,10,16,3,26,13,24,230,79,1552,21,23,2,0,53.0,0.9130434782608696,0,7,6,7,1,0,0,0,0,2,0,0,20;36;37;45;31;39;29;23;40;33;48;43;29;38;53;44;41;23;22;29;49,48;47,,752,95,0,26,26,0,0,1.0,0,0,0,0,,77,0,61.0,3321,10,11,14,6,7,39,387,0,2814
2007,MIN,REG,16,249,432,2934,12,14,37,-193,4,2,3653,1386,139,-10.412249817097113,-0.4250446406305602,0,125,47,25,8,495,2634,22,13,9,130,0.2920627536876203,3,87,64,21,6,249,0,2934,12,4,4,3653,1382,139,206.70507865711556,0,124,47,25,8,1,760,83,199,0,0,20,35.0,267.0,62,17,336,79,6,3,1,0,10,-28,14,85,2,86,662,45,18,8,1,26,16,29,242,60,1460,20,24,3,1,55.0,0.8333333333333334,0,3,6,10,1,0,0,0,0,0,3,0,49;32;22;44;35;48;48;55;39;32;48;30;38;46;26;48;46;42;48;22,52;57;53,48,798,162,48,39,40,1,0,0.975,1,1,0,0,55,81,0,70.0,3561,34,19,4,9,6,43,440,1,2941
2007,NE,REG,16,403,586,4859,50,9,21,-128,4,3,4780,2098,243,246.98797859913552,7.641183759631781,0,183,88,57,15,451,1849,17,2,1,124,10.128786919817118,1,42,22,4,3,403,0,4859,50,4,0,4780,2072,243,446.7756381064822,0,184,88,57,15,2,536,220,250,0,0,18,44.0,329.0,85,19,288,75,3,2,0,0,6,-11,12,70,3,78,690,51,10,4,2,14,6,33,311,55,1384,21,24,3,0,45.0,0.875,0,10,8,3,0,0,0,0,1,2,0,0,22;24;24;31;36;20;25;45;22;36;34;23;21;38;42;28;26;34;37;45;37,41;32;48,,650,121,0,74,74,0,0,1.0,0,0,0,0,,44,1,64.0,1821,13,10,6,6,8,14,75,0,1626
2007,NO,REG,16,443,655,4428,28,18,15,-100,8,4,4459,2050,233,52.08376338299006,4.671735630781165,0,179,81,47,8,390,1461,14,11,5,93,-34.841084368832895,4,35,20,5,0,443,2,4428,28,4,2,4459,2047,233,317.9711510097094,0,179,81,47,8,0,660,153,183,0,0,17,32.0,198.0,65,13,267,74,3,3,1,0,13,-13,10,86,2,68,581,84,21,5,1,26,12,24,197,71,1513,15,22,6,1,55.0,0.6818181818181818,0,4,5,4,2,0,0,0,1,1,4,0,34;25;28;26;46;34;52;46;23;36;31;55;35;46;48,52;38;54;43;52;57,20,565,296,20,42,42,0,0,1.0,0,0,0,0,,63,0,61.0,2757,20,9,4,4,11,35,335,1,2342
2007,NYG,REG,16,302,543,3376,23,20,28,-222,9,6,4694,1332,167,-55.219849000072095,-5.3435049431921176,0,141,67,36,6,468,2150,15,11,5,119,1.297350337085743,0,51,35,11,4,302,1,3376,23,2,2,4694,1332,167,259.89790933759014,0,141,67,36,6,1,647,160,214,0,0,16,52.0,332.0,93,15,204,76,3,2,0,0,12,-7,10,106,2,77,652,55,19,7,0,26,14,43,319,66,1579,23,27,4,0,48.0,0.8518518518518519,1,9,5,8,0,0,0,1,3,0,0,0,44;48;24;48;32;34;29;32;29;39;20;41;40;26;28;46;20;48;19;23;23;35;42,34;34;29;38,,770,135,0,40,42,2,0,0.9523809523809524,0,0,0,0,,71,1,60.0,2865,25,13,8,5,17,28,173,0,2592
2007,NYJ,REG,16,310,512,3331,15,19,53,-316,6,1,4155,1316,173,-53.01733636214068,0.6400281773699869,1,135,61,38,7,446,1701,6,8,2,92,-34.68171445052842,0,44,25,4,1,310,0,3331,15,2,2,4155,1316,173,245.73909397906033,1,135,61,38,7,4,584,273,309,0,0,10,29.0,208.0,60,15,110,70,0,1,0,24,15,-14,6,17,1,63,485,72,15,6,0,21,6,20,183,75,1695,29,36,7,0,50.0,0.8055555555555556,1,11,10,6,1,0,0,0,2,2,3,0,50;21;21;47;30;21;30;24;35;43;27;29;30;25;19;28;38;40;29;40;35;26;35;41;38;35;33;27;43,52;37;42;44;54;35;51,,940,315,0,23,24,0,1,0.9583333333333334,2,2,0,0,38;43,71,1,62.0,3063,25,6,12,8,13,32,268,0,2635
2007,PHI,REG,16,350,577,4005,24,15,49,-250,8,4,4649,1752,186,20.5905082423951,-0.6053231818520505,0,150,76,43,11,421,1974,12,3,2,118,7.8961096448568755,0,58,44,17,1,350,1,4005,24,3,2,4649,1744,186,315.1277417669477,0,150,76,43,11,0,652,111,225,0,0,10,35.0,239.0,52,11,111,65,0,7,0,0,10,-12,8,12,2,83,649,65,16,7,1,23,12,42,340,71,1538,24,32,8,0,53.0,0.75,0,12,10,1,1,0,0,0,0,5,3,0,33;47;24;39;26;22;53;22;31;25;24;33;37;20;27;25;36;34;31;29;39;21;24;38,42;41;41;59;53;48;57;47,,740,388,0,36,36,0,0,1.0,0,0,0,0,,73,0,65.0,3066,24,7,9,7,14,36,409,1,2517
2007,PIT,REG,16,283,443,3422,34,14,47,-347,7,3,4363,1209,179,79.31651444614886,5.655710924667438,2,146,74,43,7,510,2164,9,7,3,108,-33.64221492649515,0,55,42,16,1,283,0,3422,34,1,0,4363,1209,179,322.58869266886177,2,146,74,43,7,1,556,166,270,0,0,25,36.0,243.0,65,11,234,76,2,4,0,0,11,-16,14,18,0,80,651,40,15,6,2,21,8,39,238,53,1145,23,25,2,0,49.0,0.92,0,9,10,4,0,0,0,0,0,1,0,1,26;31;34;28;39;31;36;49;35;40;22;28;35;30;37;33;48;24;21;23;44;21;29,65;44,,744,109,0,44,44,0,0,1.0,1,1,0,0,24,68,0,59.0,2880,28,9,12,2,14,31,266,1,2574
2007,SEA,REG,16,371,590,4181,30,13,36,-217,4,3,4814,1784,211,61.429299526456255,2.335608496944955,0,167,82,51,8,430,1627,9,7,4,93,-68.71625072703777,0,45,32,10,2,371,1,4181,30,2,2,4814,1784,211,329.85408544652984,0,167,82,51,8,3,735,93,189,0,0,25,45.0,303.0,87,20,299,78,1,2,1,0,8,-52,14,50,1,59,428,50,13,7,1,20,11,58,658,53,1173,28,34,5,1,54.0,0.8235294117647058,0,12,5,8,3,0,0,0,0,3,2,0,28;46;28;28;23;23;31;25;52;38;48;45;43;39;26;22;20;40;23;46;33;23;41;23;42;39;54;51,54;44;46;52;40,44,980,236,44,43,43,0,0,1.0,0,0,0,0,,86,0,62.0,3436,30,14,14,6,15,37,362,0,2954
2007,SF,REG,16,274,514,2685,15,18,54,-362,11,7,4127,1209,140,-166.54829096424083,-5.578808626350091,0,111,49,30,4,357,1477,8,10,5,65,-64.12359884580803,0,41,28,9,1,274,1,2685,15,6,2,4127,1204,140,182.39584327469947,0,111,49,30,4,0,754,83,277,0,0,12,31.0,183.0,54,12,138,69,0,3,1,0,18,-18,9,42,1,97,702,70,24,11,1,35,16,56,483,73,1702,17,19,2,0,49.0,0.8947368421052632,1,5,6,5,0,0,0,0,0,0,2,0,33;30;40;32;22;49;43;29;49;32;22;28;38;46;19;29;38,52;55,,579,107,0,22,22,0,0,1.0,0,1,1,0,52,105,0,74.0,4968,42,3,20,13,16,53,402,1,4306
2007,TB,REG,16,316,490,3579,18,8,36,-222,2,1,3444,1804,162,35.35325162217989,2.536554954338483,0,134,62,41,11,449,1872,15,6,4,98,-31.22437279518839,0,51,32,14,0,316,1,3579,18,6,5,3444,1797,162,234.57460679841947,0,134,62,41,11,1,679,147,207,0,0,26,31.0,196.0,68,17,92,70,1,4,0,0,6,-14,18,63,1,81,614,76,12,6,0,18,12,50,338,48,1119,28,33,5,0,49.0,0.8484848484848485,0,11,11,6,0,0,0,1,0,1,3,0,38;32;27;27;25;38;23;43;48;44;22;42;32;23;35;27;48;39;27;31;33;28;34;34;22;31;23;49,54;40;58;26;53,,925,231,0,34,34,0,0,1.0,1,1,0,0,43,77,1,61.0,3382,30,5,13,10,11,38,280,0,2902
2007,TEN,REG,16,288,464,3077,9,17,30,-199,5,3,4090,1312,171,-9.509843136964871,1.48709856139289,0,135,58,28,7,543,2109,17,11,7,118,-66.69531342364104,0,52,40,11,1,288,0,3077,9,5,3,4090,1306,171,236.87321505654495,0,135,58,28,7,0,609,179,221,0,0,16,39.0,238.0,99,22,358,89,2,6,0,0,14,-21,12,2,0,101,773,47,19,12,1,31,16,42,369,52,1121,35,39,4,0,56.0,0.8974358974358975,0,10,12,9,4,0,0,2,0,1,1,0,20;31;30;36;33;30;40;48;52;25;21;30;28;43;29;29;35;23;47;53;37;49;56;37;28;23;44;37;37;40;25;46;40;54;33,27;47;53;29,,1269,156,0,28,28,0,0,1.0,1,1,0,0,29,73,0,66.0,3060,25,8,11,6,16,31,274,1,2666
2007,WAS,REG,16,319,525,3622,18,11,28,-159,10,8,4437,1531,192,45.31662437549778,2.247071378301866,2,145,75,43,6,499,1872,15,16,9,103,-90.7571875155296,0,51,28,6,0,319,0,3622,18,4,1,4437,1529,192,294.7023845332089,2,145,75,43,6,0,621,190,262,0,0,17,32.0,198.0,58,14,301,83,2,4,2,24,14,-37,10,21,0,90,751,62,25,10,3,35,18,40,299,65,1544,29,35,6,0,49.0,0.8285714285714286,0,10,8,11,0,0,0,0,2,4,0,0,31;44;39;35;37;47;28;46;40;22;40;46;23;21;45;39;44;43;38;27;28;33;23;49;31;28;26;46;21,39;48;41;49;47;37,,1020,261,0,29,30,1,0,0.9666666666666668,2,2,0,0,39;46,75,0,64.0,3072,23,5,16,7,15,32,202,0,2730
2008,ARI,REG,16,419,631,4874,31,15,28,-201,11,7,4573,2219,231,105.389516923947,5.109433147215074,0,187,97,54,13,339,1179,14,5,2,72,-48.27426123173518,1,34,28,5,0,419,2,4874,31,6,4,4573,2219,231,359.9408001002692,0,187,97,54,13,3,672,150,184,0,0,20,31.0,191.0,70,13,293,75,2,3,0,71,12,-8,17,51,1,107,781,61,21,6,0,27,15,33,237,75,1630,25,28,2,1,54.0,0.8928571428571429,0,9,9,6,1,0,0,0,1,0,0,1,25;31;30;45;26;47;38;41;21;36;30;28;33;23;38;48;54;26;34;20;44;44;22;23;32,35;68,37,839,103,37,44,44,0,0,1.0,0,0,0,0,,60,0,59.0,2509,20,7,7,4,13,29,381,1,2048
2008,ATL,REG,16,265,434,3440,16,11,17,-104,2,1,3986,1325,157,82.02177924539848,1.1861747969383312,1,135,68,45,9,560,2443,23,7,3,131,-11.330809085474224,0,69,50,16,5,265,0,3440,16,3,3,3986,1325,157,266.54619942954,1,135,68,45,9,1,652,152,176,0,0,10,33.0,240.0,58,10,233,77,2,4,1,19,6,-13,8,8,1,72,591,44,11,6,1,17,10,43,379,59,1408,29,31,2,0,50.0,0.935483870967742,0,11,7,10,1,0,0,0,1,0,1,0,50;25;32;27;24;27;33;44;44;42;41;29;48;32;41;48;48;22;27;46;36;23;35;40;23;26;34;22;39,33;51,,1008,84,0,42,42,0,0,1.0,2,2,0,0,48;34,63,2,60.0,2566,25,4,8,4,27,20,49,0,2437
2008,BAL,REG,16,261,433,3085,16,12,34,-278,6,2,3737,1401,147,3.101433893307336,-0.6170735909388616,1,127,59,40,11,591,2382,20,11,3,132,-22.62535904467916,0,48,33,10,4,261,1,3085,16,5,4,3737,1401,147,233.389719176317,1,127,59,40,11,0,582,154,192,0,0,12,33.0,246.0,86,26,478,104,5,4,3,0,15,-24,8,70,1,104,791,64,18,10,3,28,9,44,378,50,1007,28,35,6,1,54.0,0.8,0,11,11,5,1,0,0,0,0,4,2,0,21;33;20;38;37;47;28;38;30;41;32;22;54;38;44;42;27;21;32;28;26;28;26;29;37;35;32;41,47;48;45;50;53;48,32,927,291,32,41,41,0,0,1.0,0,0,0,0,,84,0,74.0,3777,34,12,13,9,12,38,245,0,3352
2008,BUF,REG,16,309,479,3302,14,15,38,-262,11,7,3522,1366,167,-26.293096020950053,1.6618167760513596,1,131,59,38,6,439,1842,16,7,4,107,-16.360593781036837,0,51,31,9,1,309,0,3302,14,7,3,3522,1366,167,232.02181214229452,1,131,59,38,6,2,610,176,230,0,0,14,23.0,160.0,52,10,217,79,3,4,0,0,17,-10,13,4,0,71,538,70,23,10,1,33,15,30,464,76,1816,30,38,7,1,53.0,0.7894736842105263,1,7,11,10,1,0,0,1,0,5,1,0,35;38;21;45;38;45;35;45;48;38;27;44;19;43;47;53;25;26;31;21;39;34;38;22;40;34;48;37;49;28,46;52;43;47;20;40;47,52,1093,295,52,34,34,0,0,1.0,1,2,1,0,38;47,58,0,63.0,2557,23,9,14,5,12,18,187,0,2270
2008,CAR,REG,16,246,414,3284,15,12,20,-130,3,2,3876,1235,151,38.618375542179734,-1.1452863515891465,0,132,66,45,9,504,2439,30,3,2,118,25.204429089613804,1,63,52,24,6,246,1,3284,15,4,3,3876,1226,151,244.92475454102149,0,132,66,45,9,0,736,95,161,0,0,17,37.0,230.0,50,12,192,84,0,1,0,0,4,0,13,72,2,94,637,51,9,3,1,12,7,42,453,60,1372,28,31,3,0,50.0,0.9032258064516128,0,7,9,11,1,0,0,0,0,1,2,0,44;33;30;49;37;45;43;44;32;43;20;39;48;28;23;50;32;29;23;21;33;39;44;42;45;26;34;42,54;50;41,,1018,145,0,46,46,0,0,1.0,1,1,0,0,42,73,3,63.0,3197,30,3,12,4,13,41,276,1,2841
2008,CHI,REG,16,306,530,3236,20,14,29,-168,3,2,4264,1490,154,-44.01484735611438,-2.9638379041490883,1,123,66,35,3,432,1666,15,4,4,97,-47.902064107371075,0,40,29,10,2,306,1,3236,20,5,3,4264,1490,154,230.9364354678744,1,123,66,35,3,3,756,130,172,0,0,8,28.0,217.0,71,22,312,106,1,5,1,26,4,-13,10,39,3,78,610,63,13,6,2,19,13,39,261,77,1919,26,29,1,2,48.0,0.896551724137931,0,6,12,8,0,0,0,0,0,1,0,0,41;25;26;40;43;28;41;37;45;36;32;26;48;36;41;35;43;38;22;36;35;28;35;31;38;37,49,42;48,923,49,90,41,41,0,0,1.0,2,2,0,0,35;38,96,0,67.0,3903,40,18,10,5,27,36,203,0,3600
2008,CIN,REG,16,304,514,2682,11,15,51,-271,10,4,3688,1179,145,-109.04241792507491,-3.395947822892808,0,109,37,21,2,419,1515,6,10,5,80,-75.24258013929467,0,41,31,7,1,304,0,2682,11,2,1,3688,1179,145,187.59040055450544,0,109,37,21,2,0,618,127,375,0,0,13,17.0,122.0,60,12,236,83,1,0,0,0,14,-24,12,98,2,75,591,59,18,9,2,27,11,32,253,67,1551,22,25,3,0,45.0,0.88,1,6,6,9,0,0,0,0,1,2,0,0,43;22;30;21;42;45;41;31;40;26;43;32;20;41;26;21;19;32;45;38;30;43,37;47;48,,731,132,0,18,18,0,0,1.0,0,1,1,0,47,100,1,57.0,3945,28,11,16,3,21,49,437,1,3448
2008,CLE,REG,16,238,488,2541,11,20,25,-160,4,1,3707,1204,127,-106.31381036895752,-11.560283585858397,2,102,52,26,6,408,1604,6,8,1,84,-26.18948998104557,0,40,27,7,1,238,2,2541,11,4,3,3707,1194,127,193.631404129575,2,102,52,26,6,1,672,186,238,0,0,11,18.0,97.0,48,23,406,68,2,1,0,0,10,-13,8,-2,0,100,669,57,10,7,1,17,6,30,251,58,1312,30,36,6,0,56.0,0.8333333333333334,0,10,12,5,3,0,0,0,2,1,3,0,34;31;38;38;25;29;28;26;37;32;20;42;23;54;24;52;33;40;33;43;22;56;32;32;34;25;47;41;39;27,51;54;39;34;44;53,,1037,275,0,18,18,0,0,1.0,0,0,0,0,,76,0,65.0,3443,24,7,19,11,7,32,235,0,2988
2008,DAL,REG,16,328,548,3988,29,20,31,-199,7,4,4998,1790,171,20.42124558251426,3.072432346788107,0,146,73,54,12,401,1723,12,9,4,102,-19.505412463285506,0,49,37,12,1,328,0,3988,29,7,3,4998,1783,171,298.9693895916671,0,146,73,54,12,1,668,73,263,0,0,17,58.0,364.0,106,8,36,60,1,3,1,0,13,-30,14,21,0,120,957,51,19,10,3,29,13,38,230,70,1554,20,22,2,0,52.0,0.9090909090909092,0,1,7,10,2,0,0,0,1,1,0,0,51;47;25;39;36;30;52;38;45;48;41;47;42;41;42;44;33;35;37;42,37;46,,815,83,0,42,42,0,0,1.0,0,0,0,0,,77,1,70.0,3388,19,10,5,8,17,37,390,0,2838
2008,DEN,REG,16,386,620,4544,25,18,12,-74,2,1,5517,1823,223,126.78841973625914,1.514308289601736,1,195,90,55,7,387,1863,15,8,6,103,5.646851501573741,1,45,36,8,2,386,0,4544,25,5,4,5517,1820,223,347.7606320183702,1,194,90,55,7,0,664,152,230,0,0,9,25.0,131.0,41,6,63,52,0,2,0,0,4,-11,7,57,2,77,739,52,15,3,1,18,12,20,196,71,1550,25,34,9,0,56.0,0.7352941176470589,0,7,8,5,5,0,0,1,1,6,1,0,26;43;52;27;34;56;51;22;33;55;40;27;39;50;35;30;20;44;25;35;33;43;23;30;43,28;49;38;49;47;43;48;47;54,,916,403,0,39,40,1,0,0.975,0,0,0,0,,46,0,64.0,2150,13,3,4,4,6,29,331,1,1739
2008,DET,REG,16,281,509,3299,18,19,52,-339,9,2,4915,1329,143,-109.60679338126492,-3.56240230343066,2,125,60,43,7,352,1323,10,8,1,70,-22.224991015372932,0,37,24,9,1,281,0,3299,18,7,6,4915,1336,143,206.83009420133257,2,126,60,43,7,0,699,115,299,0,0,22,29.0,163.0,49,4,16,46,0,2,1,0,17,-1,16,64,1,88,729,59,20,11,4,31,10,21,168,83,1807,21,22,0,1,56.0,0.9545454545454546,0,3,4,6,8,0,0,0,0,0,0,0,38;49;53;44;51;40;54;54;43;52;40;56;27;38;40;53;25;23;39;51;30,,33,900,0,33,25,26,0,1,0.9615384615384616,0,0,0,0,,90,0,66.0,3952,24,6,5,6,22,51,421,2,3411
2008,GB,REG,16,343,541,4044,28,13,34,-231,5,3,4866,1529,182,75.91906794269067,4.409102604502723,2,144,75,48,16,437,1805,11,11,3,99,-21.73142287773565,0,41,35,10,2,343,0,4044,28,2,0,4866,1522,182,316.6736887530636,2,144,75,48,16,2,654,150,222,0,0,10,27.0,140.0,74,22,685,88,6,5,0,0,16,-45,6,55,1,109,984,53,13,12,1,25,8,37,398,69,1387,27,34,5,2,53.0,0.7941176470588235,1,8,10,5,3,0,0,0,1,1,2,1,42;25;39;36;38;33;50;29;51;31;29;23;25;38;47;40;53;33;45;32;44;19;22;23;38;28;36,53;36;52;46;69,33;38,949,256,71,46,46,0,0,1.0,0,1,1,0,52,65,0,65.0,2688,15,8,9,6,9,33,249,0,2319
2008,HOU,REG,16,367,555,4474,21,20,32,-207,8,5,4180,1999,210,39.889724604345375,3.992531892878038,1,176,96,60,12,432,1846,16,9,2,106,-7.348467194936624,0,41,33,13,5,367,0,4474,21,4,3,4180,1998,210,307.00740968925794,1,176,96,60,12,2,591,195,243,0,0,14,25.0,175.0,56,12,178,61,1,5,0,0,15,-3,10,47,0,80,664,68,20,7,0,27,12,32,386,72,1550,29,33,3,1,53.0,0.8787878787878788,0,9,10,8,2,0,0,1,0,1,1,0,34;44;24;27;47;37;43;27;33;42;23;48;28;34;31;31;36;38;50;20;30;41;40;32;24;53;24;40;22,56;41;26,49,1003,123,49,37,37,0,0,1.0,1,1,0,0,40,53,0,59.0,2240,17,1,10,7,14,21,235,1,1865
2008,IND,REG,16,393,585,4180,27,12,14,-86,0,0,4951,1706,220,147.80245395441383,4.912093670917131,1,163,72,42,7,370,1274,13,4,1,80,-27.53328781260032,1,24,15,5,0,393,0,4180,27,4,2,4951,1689,220,336.11024266766105,1,164,73,42,7,0,654,232,278,0,0,22,31.0,201.0,54,15,204,51,2,5,0,0,5,0,11,112,3,86,619,55,10,3,3,13,5,22,132,63,1312,20,25,4,1,52.0,0.8,0,3,11,4,2,0,0,0,2,2,0,0,39;34;47;46;37;52;36;40;39;32;31;23;38;51;30;31;45;28;21;38,30;49;46;30,45,738,155,45,43,43,0,0,1.0,2,2,0,0,47;51,53,0,64.0,2345,23,3,9,2,11,28,249,0,2056
2008,JAX,REG,16,335,537,3620,15,13,42,-288,6,3,4453,1466,182,11.860271633577604,3.152917523049947,0,152,70,42,1,426,1774,17,5,2,107,3.162932268068741,0,46,33,11,2,335,0,3620,15,5,3,4453,1469,182,263.98064952925307,0,152,70,42,1,0,718,52,106,0,0,10,28.0,188.0,59,13,220,57,2,3,1,34,10,24,4,47,1,104,818,57,19,5,2,24,12,30,269,75,1678,19,25,5,1,53.0,0.76,0,7,3,5,4,0,0,0,2,2,1,0,27;28;50;39;26;21;51;46;40;37;48;53;52;26;34;21;29;42;44,37;46;38;43;51,38,714,215,38,33,33,0,0,1.0,2,2,0,0,51;37,67,0,60.0,2904,14,6,3,8,19,31,269,0,2475
2008,KC,REG,16,310,541,3358,23,16,37,-229,5,1,4462,1357,161,-38.19415959890209,-3.0479978342065253,1,136,55,35,5,379,1810,9,11,4,94,-16.85756964169762,0,47,38,15,3,310,0,3358,23,1,1,4462,1331,161,254.7634531678091,1,135,55,35,5,0,704,168,222,0,0,19,10.0,62.0,25,13,275,58,2,0,0,0,12,-22,16,136,1,78,645,69,15,7,1,22,9,27,169,81,1717,16,22,6,0,45.0,0.7272727272727273,0,9,4,3,0,0,0,0,3,1,2,0,40;23;21;43;33;26;30;39;28;20;21;45;38;27;26;27,32;48;39;50;34;50,,487,253,0,31,31,0,0,1.0,0,1,1,0,50,82,0,73.0,3622,28,3,18,12,16,33,307,0,3075
2008,LA,REG,16,293,521,3275,11,19,45,-321,4,3,4678,1403,140,-117.7821853520075,-6.105855897040155,0,129,64,41,8,416,1639,8,8,6,94,-48.86083984221075,0,40,32,9,1,293,1,3275,11,4,3,4678,1386,140,215.0985916524509,0,129,64,41,8,0,737,112,146,0,0,18,30.0,201.0,69,12,162,55,0,0,0,0,5,-3,14,77,1,97,718,63,14,3,0,17,12,29,245,80,1761,31,36,5,0,54.0,0.8611111111111112,0,8,7,10,6,0,0,0,0,3,2,0,46;54;54;43;29;51;25;44;49;52;35;20;44;25;37;24;48;44;43;23;51;33;38;51;36;48;43;38;22;31;27,51;54;48;40;42,,1208,235,0,19,19,0,0,1.0,1,1,0,0,49,83,0,68.0,4120,21,5,7,7,7,57,590,0,3390
2008,LAC,REG,16,312,478,4004,34,11,25,-151,6,4,4215,1698,191,133.67271293824345,5.099862461278179,2,171,90,48,12,421,1726,13,3,1,92,-5.837714065239956,0,37,26,11,3,312,0,4004,34,4,2,4215,1683,191,339.57087559699914,2,171,90,48,12,1,699,190,240,0,0,13,27.0,132.0,45,15,167,79,2,2,1,26,6,-5,10,109,1,95,748,49,14,3,2,17,9,26,269,63,1484,27,32,3,2,57.0,0.84375,0,13,10,3,1,0,0,0,0,3,0,0,27;34;21;28;36;49;28;47;34;25;35;23;33;24;31;34;26;22;35;47;28;20;39;32;28;57;28,47;44;42,44;43,871,133,87,46,46,0,0,1.0,0,0,0,0,,51,0,67.0,2332,19,3,8,5,12,23,145,0,2087
2008,LV,REG,16,222,421,2639,13,11,39,-273,13,6,3948,1163,123,-92.7932316786469,-6.934368909133967,0,102,58,39,5,459,1987,9,12,5,87,-61.832871872954165,0,52,38,12,3,222,0,2639,13,0,0,3948,1143,123,186.13589483263388,0,102,58,39,5,5,690,153,227,0,0,15,31.0,188.0,39,16,145,72,0,0,2,0,15,-50,8,9,0,109,823,55,19,9,1,28,12,44,569,78,1777,24,30,6,0,57.0,0.8,0,11,8,2,3,0,0,0,0,2,3,1,56;25;40;23;35;32;22;28;32;24;29;37;57;22;38;45;21;37;26;25;51;33;30;25,76;57;59;40;58;46,,793,336,0,25,26,0,1,0.9615384615384616,1,1,0,0,57,90,0,70.0,4383,33,5,18,13,11,43,425,0,3698
2008,MIA,REG,16,330,491,3751,20,7,24,-125,2,1,3992,1415,184,95.74676190805256,4.917765298827749,0,157,71,38,8,450,1893,18,6,3,111,-19.11433102038925,0,47,32,11,4,330,0,3751,20,6,1,3992,1418,184,271.6538428172843,0,157,71,38,8,0,657,119,187,0,0,17,40.0,219.0,66,18,214,83,2,2,1,8,7,-28,12,15,0,81,669,52,12,6,5,18,6,29,286,60,1217,21,25,3,1,50.0,0.84,0,4,7,9,1,0,0,0,0,3,0,0,32;39;47;21;26;43;45;35;45;47;23;41;38;37;47;42;50;35;27;34;48,42;48;49,46,802,139,46,40,40,0,0,1.0,1,1,0,0,38,74,0,71.0,3249,24,8,6,7,15,37,485,2,2624
2008,MIN,REG,16,267,452,3217,22,17,44,-262,5,2,3830,1427,150,-28.34189285941457,-2.219545217525905,0,120,59,40,12,518,2330,15,13,6,119,-23.40557820055764,0,59,46,23,4,267,1,3217,22,5,3,3830,1427,150,245.35454682312883,0,120,59,40,12,2,684,113,199,0,0,23,45.0,304.0,88,12,56,66,0,5,3,61,13,-21,13,92,2,90,692,54,20,11,4,31,14,35,273,61,1369,29,34,3,2,54.0,0.8529411764705882,0,10,7,6,6,0,0,0,0,3,0,0,37;27;45;27;53;46;28;28;32;42;53;33;30;26;42;23;54;43;37;54;32;22;23;27;35;50;29;48;50,48;48;47,38;34,1076,143,72,40,40,0,0,1.0,2,2,0,0,26;50,73,1,62.0,3408,23,5,5,13,8,42,618,4,2530
2008,NE,REG,16,340,536,3790,21,11,45,-221,4,3,3983,2095,186,72.98768854799985,1.3589825885636466,2,163,66,38,6,515,2279,21,4,2,145,32.839245418153844,0,55,40,11,2,340,2,3790,21,4,4,3983,2095,186,291.8962206127304,2,163,66,38,6,1,504,269,291,0,0,14,29.0,228.0,60,14,104,58,0,0,0,0,6,-17,8,15,0,57,501,60,11,5,0,16,10,36,371,62,1562,36,40,4,0,50.0,0.9,0,10,16,9,1,0,0,2,0,2,0,0,37;21;37;28;27;37;44;35;40;49;47;31;40;30;27;41;29;35;25;32;37;42;31;47;30;30;29;50;42;27;38;35;24;30;33;23,48;49;27;26,,1240,150,0,40,40,0,0,1.0,0,0,0,0,,50,0,70.0,2200,20,9,7,10,13,11,158,0,1842
2008,NO,REG,16,413,636,5069,34,18,13,-92,1,1,5023,2311,232,155.71889267160705,2.728189788281153,0,194,99,66,16,398,1594,20,8,3,103,-26.518347150135984,0,32,24,9,2,413,0,5069,34,6,3,5023,2310,232,398.9759290493324,0,194,99,66,16,3,671,156,202,0,0,10,28.0,161.0,60,15,188,92,0,1,1,0,8,-45,7,33,0,86,797,78,11,7,2,18,8,26,310,62,1496,22,27,4,1,53.0,0.8148148148148148,0,6,8,7,1,0,0,0,1,2,1,0,34;49;43;31;35;53;44;33;23;24;44;30;23;35;30;47;43;26;46;25;30;21,51;43;46;31,46,769,171,46,53,54,1,0,0.9814814814814816,0,0,0,0,,53,0,70.0,2364,9,4,3,5,7,34,363,0,1901
2008,NYG,REG,16,298,491,3353,23,10,28,-176,5,2,4412,1246,176,54.98413891488725,0.9827318991615565,1,142,65,34,4,502,2518,19,7,1,130,22.7190945661286,0,73,53,24,3,298,0,3353,23,2,0,4412,1246,176,292.40780242453144,1,142,65,34,4,1,588,192,236,0,0,15,43.0,292.0,68,17,339,76,2,3,3,100,13,0,5,12,0,102,821,58,12,6,2,18,3,39,337,55,1284,36,39,1,2,51.0,0.9230769230769232,1,15,14,5,1,0,0,0,0,1,0,0,24;25;47;39;33;24;46;26;22;29;33;35;21;48;26;35;25;24;27;26;28;19;33;27;33;31;38;39;34;47;32;35;51;30;42;20,48,35;47,1154,48,82,41,41,0,0,1.0,1,1,0,0,22,64,0,61.0,2814,23,19,3,5,13,24,140,0,2574
2008,NYJ,REG,16,347,529,3516,22,23,30,-213,5,2,4133,1696,186,15.070311110528776,3.529902269633917,1,131,61,40,7,422,2004,20,9,2,94,14.568550204733928,1,51,38,11,4,347,2,3516,22,3,2,4133,1647,186,287.0957107699693,1,132,60,40,7,1,608,246,308,0,0,30,40.0,253.0,56,14,282,78,3,1,0,0,12,-37,16,105,2,77,569,58,11,10,1,21,8,29,303,61,1407,24,29,5,0,55.0,0.8275862068965517,0,9,9,4,2,0,0,0,4,1,0,0,21;32;20;30;38;43;40;52;37;26;20;31;22;49;46;55;22;34;20;30;30;31;20;28,32;31;44;36;37,,777,180,0,41,41,0,0,1.0,1,1,0,0,34,58,1,61.0,2490,16,3,8,5,13,29,288,0,2102
2008,PHI,REG,16,362,606,4058,23,16,24,-153,4,4,4996,1777,204,24.61195802646652,-1.160144856852344,0,149,86,52,11,426,1701,15,4,1,94,-29.90993755244963,0,42,31,11,0,362,1,4058,23,4,2,4996,1774,204,318.96783573793283,0,149,86,52,11,2,689,86,204,0,0,21,48.0,312.0,73,15,279,98,2,3,1,55,1,-11,14,173,3,74,628,65,10,6,4,16,10,52,446,60,1411,33,40,4,3,51.0,0.825,2,11,11,7,2,0,0,0,0,2,2,0,23;34;44;22;31;31;24;31;23;19;38;25;28;36;18;39;24;42;39;29;42;27;42;41;51;34;24;34;34;22;40;50;41,50;47;50;40,54;32;34,1082,187,120,45,45,0,0,1.0,0,0,0,0,,77,1,65.0,3335,24,8,12,4,12,41,305,0,2950
2008,PIT,REG,16,304,507,3620,19,15,50,-313,10,5,4415,1412,179,8.629390102047084,0.3810045755270755,0,156,78,39,8,458,1684,16,4,2,93,-40.54069069277434,0,42,29,8,0,304,0,3620,19,7,2,4415,1407,179,289.84364668171816,0,156,78,39,8,0,568,191,339,0,0,12,51.0,350.0,77,20,290,91,2,5,1,4,13,-5,9,9,1,95,812,50,20,8,5,28,10,41,247,51,1013,27,31,4,0,53.0,0.8709677419354839,1,9,8,8,1,0,0,0,1,2,1,0,44;48;37;53;49;19;46;38;23;21;35;42;24;21;41;32;37;38;20;25;20;45;24;41;31;30;22,51;40;45;33,,906,169,0,36,37,1,0,0.972972972972973,2,2,0,0,46;32,78,0,61.0,3106,23,10,7,4,17,40,238,0,2788
2008,SEA,REG,16,262,474,2831,18,15,36,-214,4,2,3949,1231,142,-34.456182316264396,-5.045254178281523,0,120,53,29,5,417,1768,10,6,5,103,-16.847862335451005,0,49,38,13,2,262,0,2831,18,4,2,3949,1231,142,212.0824756813907,0,120,53,29,5,0,749,132,196,0,0,22,35.0,193.0,80,9,217,67,2,2,0,24,4,9,11,110,2,79,601,53,17,2,3,19,12,35,353,77,1948,24,27,3,0,51.0,0.8888888888888888,0,7,9,5,3,0,0,0,1,1,1,0,45;51;38;32;28;38;38;30;29;50;26;43;42;37;27;45;44;38;25;28;50;27;31;38,38;53;42,,880,133,0,30,30,0,0,1.0,1,1,0,0,27,89,1,63.0,4007,24,13,12,12,8,44,444,1,3323
2008,SF,REG,16,309,509,3724,21,19,55,-345,13,5,4113,1728,176,-28.922532030586407,1.5687862312307164,1,150,86,55,6,397,1599,10,14,7,83,-40.96160846115474,0,37,23,9,1,309,0,3724,21,5,2,4113,1726,176,277.2807742533262,1,150,86,55,6,3,716,79,261,0,0,12,30.0,161.0,58,12,139,79,1,1,0,115,17,-15,6,4,1,98,732,71,27,9,3,36,16,29,298,76,1767,29,33,4,0,53.0,0.8787878787878788,0,9,10,8,2,0,0,0,0,3,1,0,39;30;26;28;28;40;25;47;49;38;32;37;53;29;40;42;40;41;23;22;35;50;32;38;23;28;48;33;39,41;43;53;48,,1035,185,0,34,34,0,0,1.0,2,2,0,0,40;39,66,1,82.0,3155,13,1,6,9,11,39,364,0,2611
2008,TB,REG,16,355,562,3788,18,13,33,-172,6,3,4076,1651,184,19.48741290704916,2.1416762613898923,1,151,71,42,5,450,1840,13,6,3,100,-37.62407863157328,0,41,29,8,4,355,1,3788,18,5,5,4076,1637,184,264.22735358312747,1,151,71,42,5,3,645,143,201,0,0,12,29.0,190.0,79,22,396,77,3,1,0,40,8,-10,8,40,1,95,834,70,16,5,0,21,13,47,440,60,1486,32,38,6,0,49.0,0.8421052631578947,0,12,15,5,0,0,0,0,0,3,3,0,37;33;33;35;21;23;36;24;33;31;37;49;27;27;36;36;41;25;43;34;39;26;29;26;48;38;23;37;20;38;49;29,51;47;51;46;40;53,,1063,288,0,35,36,0,1,0.9722222222222222,2,2,0,0,21;34,77,0,64.0,3426,27,12,9,7,9,40,392,0,2894
2008,TEN,REG,16,266,454,2907,13,9,12,-83,5,1,3939,1318,143,16.88465446131166,-2.3674207606485913,1,118,54,36,5,507,2195,24,5,3,108,-27.57716658130834,0,55,42,15,5,266,1,2907,13,5,3,3939,1318,143,205.25734572803648,1,118,54,36,5,1,657,175,227,0,0,23,44.0,262.0,100,20,328,89,3,2,0,0,8,-23,11,9,0,108,855,37,11,7,2,18,8,34,329,52,1318,29,33,4,0,51.0,0.8787878787878788,0,6,7,15,1,0,0,0,0,4,0,0,47;34;44;20;32;49;35;26;49;46;34;44;48;31;25;22;41;32;43;49;49;41;45;43;26;23;51;34;42,43;47;49;48,,1105,187,0,40,40,0,0,1.0,1,1,0,0,41,87,0,75.0,3725,27,7,15,13,19,33,290,0,3175
2008,WAS,REG,16,318,510,3291,14,6,38,-266,6,1,3377,1806,165,2.448116080737976,-1.5748563746571778,0,137,61,34,3,478,2095,12,5,5,109,-27.672578251562015,0,53,37,17,0,318,1,3291,14,5,4,3377,1806,165,201.77579271228117,0,137,61,34,3,1,527,202,276,0,0,11,24.0,141.0,63,13,114,97,0,2,0,0,5,-16,5,30,0,83,644,69,17,2,2,19,12,45,394,55,1382,26,36,10,0,50.0,0.7222222222222222,0,7,7,11,1,0,0,0,2,5,3,0,22;36;35;48;20;33;33;29;41;48;50;38;25;47;45;42;44;43;41;26;22;43;23;36;33;41,49;30;52;36;50;46;43;42;48;54,,944,450,0,25,25,0,0,1.0,0,0,0,0,,81,1,62.0,3321,24,6,14,10,18,33,385,2,2736
2009,ARI,REG,16,393,595,4205,28,18,26,-184,10,5,4579,1770,216,38.35329419056985,3.880280982290459,0,179,87,49,3,364,1489,15,12,7,76,-45.82172287511639,0,51,35,7,1,393,587,4205,28,5,4,4579,1770,216,74.49047277863929,0,179,87,49,3,2,709,138,166,0,0,10,41.0,244.0,76,21,338,90,1,5,0,134,11,-21,8,25,0,108,886,52,25,7,3,32,18,45,308,54,1284,18,19,1,0,48.0,0.9473684210526316,1,4,6,7,0,0,0,0,0,1,0,0,44;29;43;45;38;29;31;30;43;30;27;41;31;30;29;48;48;19,48,,635,48,0,45,46,0,1,0.9782608695652174,0,0,0,0,,86,0,64.0,4045,42,8,14,3,14,47,493,0,3492
2009,ATL,REG,16,332,570,3697,26,17,27,-126,6,2,4732,1520,192,47.479615663148536,-1.6544188436018217,0,152,63,39,5,451,1876,15,5,3,105,-21.815215857443224,0,46,31,17,2,332,548,3697,26,3,1,4732,1520,192,101.4313771202952,0,152,63,39,5,0,647,155,201,0,0,20,28.0,170.0,58,15,158,64,1,2,0,16,9,2,13,68,2,78,664,58,17,2,2,19,8,27,260,55,1336,19,29,8,2,51.0,0.6551724137931034,0,6,8,3,2,0,0,0,4,3,1,0,36;50;26;40;25;40;33;35;24;25;45;37;36;30;27;24;51;36;36,42;38;34;51;34;35;43;48,55;40,656,325,95,42,43,1,0,0.9767441860465116,0,0,0,0,,62,1,70.0,2634,19,4,10,3,18,27,289,1,2285
2009,BAL,REG,16,321,510,3637,21,13,37,-224,6,2,4411,1665,187,43.22498794750741,2.5753754721694735,0,155,70,44,8,467,2206,22,6,3,115,11.162625133337654,0,51,44,16,4,321,507,3637,21,2,2,4411,1665,187,90.30105436749434,0,155,70,44,8,1,662,180,218,0,0,15,32.0,190.0,60,22,346,81,2,3,0,0,9,2,10,18,1,115,1094,63,15,4,2,19,9,39,290,59,1547,21,30,9,0,46.0,0.7,0,6,9,6,0,0,0,0,5,2,2,0,44;33;36;33;29;43;35;31;44;46;44;38;36;20;24;29;38;25;40;27;35,41;44;38;36;30;56;30;37;51,,730,363,0,46,47,0,1,0.9787234042553192,1,2,1,0,44;29,73,1,60.0,3188,26,8,10,5,12,38,287,1,2801
2009,BUF,REG,16,256,441,2789,17,19,46,-274,3,2,3549,1374,126,-78.64933904147883,-1.7607978648609586,0,105,49,31,6,425,1867,6,6,3,81,-37.03394896109062,0,42,34,12,2,256,435,2789,17,2,1,3549,1351,126,-15.446415320659884,0,105,49,31,6,0,585,318,362,0,0,14,34.0,200.0,70,28,335,82,2,7,0,51,11,11,5,0,0,107,855,57,15,8,1,23,11,33,218,64,1517,28,33,5,0,56.0,0.8484848484848485,0,12,9,6,1,0,0,0,0,3,2,0,40;31;43;27;20;35;36;33;25;47;29;22;21;25;26;28;22;56;49;32;41;24;36;25;42;31;33;36,49;46;44;51;56,,915,246,0,24,24,0,0,1.0,1,1,0,0,47,90,0,73.0,4182,25,9,10,10,13,48,367,0,3615
2009,CAR,REG,16,264,465,3070,16,20,33,-271,5,3,4149,1275,152,-46.905853832793014,-3.63286954164505,1,125,57,39,10,525,2498,18,11,6,123,-6.0641490323051155,1,76,54,19,6,264,456,3070,16,3,0,4149,1240,152,24.936050667967123,1,126,58,39,9,0,691,128,202,0,0,22,31.0,193.0,67,22,235,68,1,4,2,0,9,-10,15,14,0,88,698,55,16,7,3,23,11,34,282,51,992,22,27,3,2,50.0,0.8148148148148148,0,7,9,5,1,0,0,0,1,1,1,0,22;38;50;43;35;31;32;25;29;33;48;40;28;23;40;23;36;38;27;41;39;37,43;39;53,52;51,758,135,103,31,32,0,1,0.96875,0,0,0,0,,76,1,61.0,3352,22,4,9,4,18,41,452,1,2820
2009,CHI,REG,16,340,563,3677,27,27,34,-203,5,1,4605,1600,170,-56.01783518576353,0.3804841234877302,2,137,79,56,6,374,1491,6,10,3,71,-37.65408429345206,0,32,19,7,3,340,556,3677,27,3,1,4605,1600,170,-13.641503882739192,2,137,79,56,6,2,729,136,218,0,0,21,33.0,253.0,80,13,144,53,1,4,1,0,18,-8,15,47,0,100,836,63,17,9,1,26,7,39,330,80,1979,24,28,2,2,52.0,0.8571428571428571,0,9,6,7,2,0,0,0,0,1,1,0,47;21;44;37;52;22;22;37;29;32;50;38;45;28;28;49;38;27;22;42;41;44;28;34,53;45,48;48,857,98,96,33,33,0,0,1.0,0,0,0,0,,77,0,66.0,3171,26,17,11,1,14,34,272,0,2879
2009,CIN,REG,16,286,477,3134,21,13,29,-244,5,4,3877,1314,159,27.41080139301429,-0.4990345784412917,1,132,64,36,5,505,2056,9,8,1,109,-30.000134250700523,1,55,40,17,2,286,468,3134,21,7,5,3877,1314,159,76.63070373729104,1,132,64,36,5,1,621,88,306,0,0,11,34.0,237.0,72,19,259,96,2,2,0,0,10,-46,6,113,1,114,863,59,18,6,2,24,12,40,474,62,1356,23,28,3,2,53.0,0.8214285714285714,0,10,8,3,2,0,0,0,1,0,2,0,40;34;31;32;50;29;23;23;32;32;43;25;37;53;28;44;39;23;22;26;25;34;29,52;51;37,23;32,754,140,55,28,29,0,1,0.9655172413793104,1,1,0,0,31,86,0,61.0,3713,24,14,8,10,15,39,393,0,3120
2009,CLE,REG,16,219,443,2255,11,18,30,-179,6,4,3719,1058,118,-124.37635286497613,-10.255955896197522,0,98,45,25,4,498,2087,10,6,4,102,-37.72436498235167,1,57,39,8,1,219,437,2255,11,5,4,3719,1054,118,-76.88153067040918,0,98,45,25,4,4,695,168,254,0,0,11,40.0,240.0,90,10,161,73,0,2,1,0,7,-27,9,9,0,77,678,58,13,8,1,21,13,39,456,69,1670,23,25,2,0,49.0,0.92,1,11,6,5,0,0,0,0,0,1,1,0,37;20;22;47;29;26;31;24;18;22;44;29;49;29;29;47;30;42;33;34;27;21;33,43;52,,723,95,0,22,23,0,1,0.9565217391304348,1,1,0,0,18,94,0,60.0,3977,40,11,15,8,20,40,262,0,3555
2009,DAL,REG,16,347,550,4483,26,9,34,-196,3,3,4163,2295,203,113.02790599830776,0.7206916973735746,0,174,92,61,17,436,2103,14,6,3,110,-4.425432678937919,1,61,41,14,5,347,543,4483,26,3,2,4163,2295,203,169.36801747733332,0,174,92,61,17,2,652,84,212,0,0,16,42.0,259.0,91,11,33,90,1,5,0,17,7,0,10,15,0,115,892,55,8,13,4,21,10,39,426,48,1032,20,31,11,0,51.0,0.6451612903225806,1,6,6,6,1,0,0,1,2,7,1,0,51;22;47;24;19;49;22;28;38;46;34;40;22;33;36;34;31;44;23;44,40;40;48;38;46;49;57;42;42;24;30,,687,456,0,41,41,0,0,1.0,0,0,0,0,,72,0,63.0,3249,38,3,5,3,23,38,314,1,2875
2009,DEN,REG,16,341,558,3825,21,13,34,-198,4,3,3944,1976,186,6.693786680179386,-1.968106538542356,0,153,72,43,9,440,1836,9,6,4,95,-38.50696806596454,0,53,29,7,1,341,554,3825,21,2,2,3944,1969,186,54.115106508373486,0,152,72,43,9,2,674,122,206,0,0,20,39.0,241.0,64,17,171,84,0,1,0,0,5,6,13,92,2,94,805,64,13,2,0,15,10,45,419,57,1217,30,35,5,0,51.0,0.8571428571428571,0,14,6,8,2,0,0,0,2,2,1,0,48;50;23;38;48;21;24;28;24;41;34;29;40;24;23;26;32;47;24;44;38;37;28;23;43;51;21;33;46;25,39;37;48;54;42,,1013,220,0,32,32,0,0,1.0,1,1,0,0,41,78,0,65.0,3392,22,6,12,8,16,36,363,1,2869
2009,DET,REG,16,316,585,3471,16,32,42,-303,6,2,4799,1702,168,-132.97945341457677,-6.916530359732477,1,135,70,39,6,410,1616,9,7,2,82,-49.453387468272176,0,45,36,5,1,316,573,3471,16,4,3,4799,1702,168,-69.5173924784107,1,135,70,39,6,0,721,70,300,0,0,18,25.0,142.0,56,9,209,71,2,4,2,0,14,-8,13,71,1,98,768,67,18,6,1,24,9,28,233,96,2050,21,28,7,0,50.0,0.75,0,5,8,7,1,0,0,0,1,3,3,0,47;24;30;48;39;26;35;46;46;41;50;38;31;22;22;37;27;38;42;48;32,49;34;48;54;55;45;54,,769,339,0,25,25,0,0,1.0,0,0,0,0,,74,0,56.0,3174,20,7,7,5,14,41,354,0,2720
2009,GB,REG,16,357,553,4492,30,8,50,-300,5,3,5077,2099,201,115.5518034823516,3.7465522024970856,3,174,84,55,17,439,1873,20,4,1,102,-0.7423410362310121,0,42,32,11,2,357,548,4492,30,3,3,5077,2099,201,181.04358616106927,3,174,84,55,17,0,617,143,213,0,0,11,37.0,232.0,87,30,477,97,3,2,1,18,13,-4,10,50,1,118,1057,52,12,9,0,21,8,34,236,54,1193,27,36,9,0,52.0,0.75,1,13,7,4,2,0,0,0,2,3,4,0,52;39;45;48;38;25;31;46;28;31;26;18;37;26;48;23;27;27;20;25;28;32;33;26;29;52;26,49;55;55;51;52;43;38;42;34,,886,419,0,48,49,1,0,0.979591836734694,0,0,0,0,,66,1,58.0,2891,15,2,7,10,7,40,403,0,2288
2009,HOU,REG,16,399,593,4803,29,17,26,-153,1,1,4534,2168,231,124.14354229677248,4.577205272426704,1,183,94,63,15,424,1475,13,11,6,93,-61.39689038571132,0,38,27,4,0,399,582,4803,29,6,4,4534,2170,231,143.53933410646957,1,183,94,63,15,1,609,181,241,0,0,12,28.0,187.0,83,14,212,75,1,4,2,0,8,46,13,31,2,95,833,50,13,9,3,22,11,46,449,63,1449,21,32,8,3,56.0,0.65625,0,11,6,2,2,0,0,0,2,4,2,0,38;23;27;26;34;50;42;22;26;56;26;35;33;32;29;31;27;25;28;49;22,33;42;49;49;48;52;56;38,35;28;26,681,367,89,43,44,1,0,0.9772727272727272,0,0,0,0,,67,0,62.0,2861,24,2,11,6,24,24,104,0,2637
2009,IND,REG,16,402,601,4605,34,19,13,-90,2,1,5231,1998,241,143.74480283129478,4.657241796611347,0,178,89,62,8,366,1294,16,4,2,69,-39.16596495524566,0,37,27,6,1,402,601,4605,34,3,1,5231,1998,241,164.65023759925492,0,178,89,62,8,1,679,250,268,0,0,15,34.0,228.0,75,16,167,70,2,2,0,20,4,-4,9,30,0,74,546,41,8,3,2,11,5,30,151,55,1219,16,20,4,0,48.0,0.8,1,5,6,4,0,0,0,0,2,0,2,0,43;48;26;37;19;23;38;33;31;40;22;37;25;43;36;22,52;32;32;52,,523,168,0,50,51,0,1,0.9803921568627452,0,0,0,0,,64,0,60.0,2837,21,0,7,6,15,36,301,0,2416
2009,JAX,REG,16,315,519,3599,15,10,44,-238,9,5,4243,1521,170,-11.662901320998852,1.636921657894372,0,150,82,44,6,446,2028,19,7,4,114,22.30987427898064,1,51,35,12,3,315,514,3599,15,5,3,4243,1521,170,61.88662192675837,0,150,82,44,6,0,703,115,185,0,0,15,14.0,79.0,46,15,208,59,0,4,0,94,12,3,10,5,0,70,542,62,20,6,1,26,13,27,233,66,1492,18,28,9,1,52.0,0.6428571428571429,0,7,4,3,4,0,0,1,0,3,4,1,24;46;30;52;22;50;33;36;27;21;29;32;51;46;24;25;50;47,63;55;58;53;49;40;21;57;43,46,645,439,46,30,31,0,1,0.967741935483871,2,2,0,0,36;21,72,0,64.0,2997,23,5,9,4,15,39,159,0,2758
2009,KC,REG,16,297,537,3183,18,17,45,-268,6,2,4320,1297,139,-92.3491919610892,-4.725024044513702,1,123,59,41,9,437,1917,8,14,5,91,-53.58484753930786,0,48,31,11,5,297,528,3183,18,1,0,4320,1297,139,-17.31747633655929,1,123,59,41,9,2,750,135,167,0,0,12,23.0,138.0,42,15,380,86,2,5,1,0,19,-68,13,4,1,84,667,65,16,15,2,31,10,32,209,77,1666,25,29,3,1,53.0,0.8620689655172413,0,10,7,6,2,0,0,0,0,1,2,0,53;23;34;47;38;39;46;46;24;45;21;50;25;31;27;22;22;47;21;30;27;30;20;36;47,43;56;52,53,851,151,53,29,29,0,0,1.0,1,1,0,0,22,96,1,70.0,4361,41,4,22,6,24,40,290,0,3951
2009,LA,REG,16,311,542,2962,12,21,44,-284,4,2,3810,1562,159,-151.8216058860194,-6.079135487850447,0,117,54,32,2,412,1792,4,7,4,79,-63.19217584079161,0,53,35,11,3,311,536,2962,12,5,3,3810,1562,159,-81.65856227578782,0,117,54,32,2,0,768,79,123,0,0,14,25.0,149.0,69,8,102,54,1,4,0,0,10,-13,11,10,0,100,834,54,14,9,1,23,12,37,395,76,1764,19,24,4,1,55.0,0.7916666666666666,0,5,4,4,6,0,0,0,1,2,1,0,53;29;52;27;30;45;41;32;40;20;55;20;48;50;33;52;33;54;29,37;51;46;45,48,743,179,48,16,16,0,0,1.0,0,0,0,0,,90,0,63.0,4212,34,13,14,10,12,41,260,0,3752
2009,LAC,REG,16,338,519,4506,29,10,26,-168,6,3,4899,2105,222,173.98149261760722,6.1864042794515965,0,188,109,67,13,427,1423,17,2,2,80,-53.18566324929423,0,32,23,7,0,338,510,4506,29,3,1,4899,2054,222,224.0360209055204,0,188,109,67,13,2,628,203,245,0,0,18,33.0,210.0,48,14,173,66,1,3,1,0,5,0,11,84,2,78,570,53,12,2,2,14,7,26,183,64,1442,32,35,3,0,55.0,0.9142857142857144,2,17,4,6,3,0,0,0,0,2,1,0,47;29;22;23;25;25;23;26;20;44;50;20;39;19;28;29;28;47;28;19;55;23;32;42;22;29;34;33;52;47;24;45,41;55;43,,1029,139,0,50,51,0,1,0.9803921568627452,1,1,0,0,52,52,0,65.0,2342,23,4,7,2,16,23,265,1,2037
2009,LV,REG,16,255,485,2875,10,18,48,-318,12,8,4568,1287,131,-143.11395722521348,-6.2679164771792255,0,124,63,30,4,411,1701,7,8,5,81,-45.10998537025259,0,42,34,11,2,255,477,2875,10,2,1,4568,1287,131,-55.96163171021007,0,124,63,30,4,0,734,139,195,0,0,13,37.0,228.0,60,8,35,69,0,6,0,0,10,-7,12,8,0,117,920,78,21,8,4,29,15,36,177,66,1199,26,29,3,0,61.0,0.896551724137931,0,3,8,9,5,1,0,0,0,1,1,1,37;35;48;54;48;46;33;29;46;48;41;28;50;52;33;48;43;34;54;54;28;44;34;61;37;39,45;57;66,,1104,168,0,17,17,0,0,1.0,0,0,0,0,,96,0,70.0,4909,30,2,6,12,13,63,459,0,4210
2009,MIA,REG,16,331,545,3396,15,19,34,-226,4,1,4575,1314,188,-2.744392488654726,0.2246904657797867,0,144,57,29,4,509,2231,22,11,5,129,15.086955398667063,1,53,38,9,3,331,535,3396,15,6,3,4575,1314,188,40.07924438926986,0,144,57,29,4,2,661,150,180,0,0,14,43.0,242.0,74,15,164,83,1,5,0,0,14,-29,6,51,1,78,640,75,19,8,4,27,10,33,237,75,1739,25,28,3,0,52.0,0.8928571428571429,0,9,7,8,1,0,0,0,1,1,1,0,45;44;45;24;23;33;35;32;33;48;52;49;30;45;25;37;29;24;41;23;28;45;27;38;25,49;38;54,,880,141,0,37,38,0,1,0.9736842105263158,1,1,0,0,25,75,0,66.0,3472,25,5,8,6,13,43,369,0,2983
2009,MIN,REG,16,378,554,4403,34,7,34,-247,2,2,4308,2103,220,148.7385657032653,5.736050140248598,0,173,89,55,13,467,1918,19,8,5,99,-71.63861974380497,0,56,37,15,3,378,552,4403,34,2,2,4308,2103,220,207.00501276588065,0,173,89,55,13,2,700,103,155,0,0,23,45.0,298.0,93,11,43,63,0,4,1,0,6,-16,13,60,1,101,757,34,10,8,1,18,11,48,455,56,1297,26,28,1,1,52.0,0.9285714285714286,1,10,5,8,2,0,0,0,1,0,0,0,21;37;26;46;40;52;47;40;22;29;31;18;41;22;35;52;37;20;25;41;23;44;41;36;24;27,39,44,877,39,44,54,55,0,1,0.9818181818181818,0,0,0,0,,73,0,60.0,3202,24,9,9,9,13,33,260,1,2762
2009,NE,REG,16,390,592,4540,28,13,18,-104,4,2,4797,2337,222,131.07254612834373,3.5279888919914804,1,173,81,43,12,466,1921,19,7,5,114,-20.24697994242755,0,50,28,7,2,390,589,4540,28,3,2,4797,2332,222,166.57103090546386,1,173,81,43,12,0,484,285,299,0,0,19,31.0,229.0,66,18,327,69,3,2,0,0,7,0,10,0,0,81,743,65,13,3,0,16,9,38,432,54,1226,26,31,5,0,53.0,0.8387096774193549,0,7,12,5,2,0,0,0,1,3,1,0,20;28;45;25;29;21;33;22;33;32;33;53;33;30;38;34;40;31;36;26;36;48;47;30;51;43,41;40;39;40;50,,897,210,0,47,47,0,0,1.0,0,0,0,0,,56,1,56.0,2221,18,8,7,5,16,20,180,0,1941
2009,NO,REG,16,378,544,4490,34,12,21,-144,8,6,4278,2072,215,143.18178594397872,6.605327732638637,0,179,86,58,11,467,2115,21,6,4,115,-0.8308147301790356,0,51,43,14,2,378,539,4490,34,5,3,4278,2072,215,177.40430118365214,0,179,86,58,11,1,674,177,209,0,0,15,36.0,198.0,81,26,652,86,5,3,0,0,6,0,13,64,3,89,787,73,22,3,4,25,16,33,152,57,1393,22,28,5,1,46.0,0.7857142857142857,1,9,10,2,0,0,0,0,3,1,1,0,39;23;25;27;35;34;46;20;23;25;40;38;30;34;27;28;18;33;38;34;28;35,49;37;37;58;37,34,680,218,34,60,63,2,1,0.9523809523809524,1,1,0,0,18,58,0,60.0,2528,18,4,12,4,13,25,358,1,2090
2009,NYG,REG,16,338,542,4246,28,14,32,-227,9,6,4781,1875,194,89.01404451616669,2.4352207277598006,0,166,86,62,12,443,1837,14,12,7,103,-36.907260292393815,0,52,40,8,0,338,534,4246,28,4,1,4781,1866,194,151.45841157132855,0,166,86,62,12,1,580,232,258,0,0,20,33.0,246.0,81,13,221,81,2,2,0,0,11,-3,11,75,1,95,802,57,23,7,2,30,17,36,393,71,1479,27,32,5,0,52.0,0.84375,0,10,11,5,1,0,0,2,2,1,0,0,28;45;28;30;28;36;37;26;25;40;25;33;37;49;38;20;42;38;22;39;36;39;52;23;26;38;40,29;21;38;47;31,,920,166,0,45,45,0,0,1.0,2,2,0,0,37;36,64,0,59.0,2604,23,17,3,2,14,28,258,1,2306
2009,NYJ,REG,16,210,392,2596,12,21,30,-216,9,3,3641,1059,131,-77.27169147546611,-5.760047848526513,2,105,59,37,8,608,2756,21,9,4,132,5.24571569015583,0,71,53,19,3,210,387,2596,12,3,2,3641,1059,131,-31.47250800135904,2,105,59,37,8,2,514,266,276,0,0,15,32.0,245.0,71,17,247,84,1,2,0,4,11,-12,14,99,1,88,677,61,16,7,3,23,9,49,457,44,1074,30,36,5,1,55.0,0.8333333333333334,0,6,12,11,1,0,0,0,2,3,0,0,24;33;24;39;30;38;40;43;23;41;39;23;55;32;37;40;47;38;49;31;37;40;24;49;49;35;43;20;39;40,44;38;48;49;38,37,1102,217,37,32,32,0,0,1.0,0,0,0,0,,80,0,66.0,3357,25,7,11,9,26,27,238,0,2939
2009,PHI,REG,16,335,553,4380,27,13,40,-298,8,3,4681,2018,182,40.20874918269647,0.0947911749320402,2,163,90,65,21,382,1644,14,7,3,87,-11.226703392798818,0,43,28,7,3,335,543,4380,27,3,1,4681,2010,182,116.67626128911368,2,163,90,65,21,2,731,108,184,0,0,15,44.0,316.0,74,25,348,99,2,1,2,0,9,-12,13,73,2,115,952,62,16,7,3,23,10,35,471,58,1191,32,37,4,1,52.0,0.8648648648648649,1,11,8,11,1,0,0,0,1,2,1,0,49;23;32;29;38;44;45;43;45;47;44;30;35;45;48;52;18;25;25;25;29;24;41;32;33;33;20;22;26;39;45;28,43;47;39;53,51,1114,182,51,43,45,0,2,0.9555555555555556,1,1,0,0,28,76,0,61.0,3202,26,14,5,3,15,39,229,0,2913
2009,PIT,REG,16,351,536,4496,28,14,50,-348,4,2,4868,1877,210,80.71689575336433,4.387579673785877,0,178,93,64,14,429,1790,10,6,5,96,-26.786297772248588,0,47,37,13,1,351,534,4496,28,6,2,4868,1877,210,156.70565844890612,0,178,93,64,14,0,621,129,249,0,0,14,45.0,310.0,66,12,189,68,2,2,0,0,5,-4,10,89,1,85,773,60,15,5,3,20,12,36,295,67,1581,27,31,4,0,46.0,0.8709677419354839,1,7,15,4,0,0,0,0,1,1,2,0,32;33;19;24;46;32;39;39;27;28;33;35;34;36;44;33;27;42;37;34;43;26;39;38;22;21;33,38;43;52;53,,896,186,0,41,41,0,0,1.0,1,1,0,0,33,72,0,60.0,3074,29,2,15,4,18,33,325,0,2669
2009,SEA,REG,16,372,609,3771,20,19,41,-268,8,4,4260,2077,184,-51.215011624962706,-1.5144669463237126,0,157,63,39,6,395,1566,7,11,3,80,-61.96467377318443,0,39,26,11,1,372,604,3771,20,6,4,4260,2077,184,19.59231771359221,0,157,63,39,6,0,704,130,216,0,0,13,28.0,185.0,88,13,164,66,2,2,0,0,18,-76,10,191,1,95,840,38,18,14,2,32,12,46,346,60,1316,24,26,2,0,47.0,0.9230769230769232,0,9,10,5,0,0,0,0,1,1,0,0,36;46;37;39;46;38;47;27;28;43;37;37;24;20;32;20;40;29;38;25;30;28;35;20,43;34,,802,77,0,28,28,0,0,1.0,1,1,0,0,30,89,0,70.0,4080,29,4,17,8,17,43,479,1,3441
2009,SF,REG,16,312,528,3293,23,14,40,-241,5,2,3644,1622,137,-36.57051763445507,-2.5676572507666062,0,121,61,42,7,371,1600,12,4,2,77,-36.50521722522777,0,41,32,13,4,312,522,3293,23,2,2,3644,1622,137,26.875617994484656,0,121,61,42,7,1,752,86,226,0,0,21,44.0,293.0,91,18,237,69,1,9,0,59,9,1,15,38,2,98,758,47,13,9,3,22,10,49,216,52,1135,19,24,4,1,51.0,0.7916666666666666,0,4,9,4,2,0,0,0,1,2,1,0,37;50;37;42;39;37;39;40;25;21;46;46;27;34;37;51;25;33;39,43;48;39;53,28,705,183,28,39,39,0,0,1.0,0,0,0,0,,99,0,64.0,4711,30,2,18,8,14,57,495,0,4056
2009,TB,REG,16,280,525,3136,18,29,32,-161,9,1,4674,1116,148,-102.86900056187898,-5.078602162850895,1,127,65,40,4,404,1626,5,12,3,80,-48.18007239195737,1,43,35,12,0,280,518,3136,18,0,0,4674,1102,148,-64.07170539549129,1,127,64,39,4,3,717,158,196,0,0,10,28.0,166.0,78,19,275,68,2,1,0,38,18,-27,10,72,0,92,691,64,14,10,1,24,5,40,462,62,1623,16,26,9,1,54.0,0.6153846153846154,0,3,5,5,3,0,0,0,2,6,1,0,37;22;38;51;50;54;39;21;46;43;28;45;39;34;47;48,46;49;48;43;45;51;36;42;38,38,642,398,38,24,24,0,0,1.0,1,1,0,0,47,87,0,63.0,3626,24,9,15,8,17,38,311,0,3155
2009,TEN,REG,16,271,476,3104,16,15,14,-73,1,0,4226,1314,154,13.45267113938534,-2.69619891548465,0,128,57,32,8,500,2592,19,15,9,115,17.25578882154141,1,65,46,24,8,271,468,3104,16,5,4,4226,1328,154,18.768539404814742,0,128,57,32,8,0,643,219,273,0,0,14,32.0,224.0,85,20,433,66,4,5,0,0,11,-33,7,0,0,98,821,51,14,13,0,27,16,33,220,69,1417,27,32,4,1,53.0,0.84375,0,8,4,10,5,0,0,0,1,2,0,1,45;40;38;29;49;43;46;48;25;45;21;28;38;51;50;53;52;24;20;27;34;36;50;24;46;46;47,37;60;49;47,31,1055,193,31,37,37,0,0,1.0,1,1,0,0,46,69,0,67.0,2995,22,6,11,6,16,30,208,0,2667
2009,WAS,REG,16,340,533,3797,21,16,45,-297,7,3,3533,2140,191,-3.631467029961396,1.2898727733656246,0,152,73,43,10,392,1508,8,7,1,72,-45.71343997533281,0,36,27,6,1,340,524,3797,21,5,2,3533,2133,191,80.03790021160802,0,151,73,43,10,0,644,159,251,0,0,17,40.0,241.0,78,11,185,76,0,8,0,87,12,-18,6,7,0,85,679,72,14,16,6,30,12,32,152,66,1413,22,25,3,0,48.0,0.88,0,10,5,7,0,0,0,1,1,0,1,0,27;21;28;23;42;38;40;28;47;48;30;35;45;31;25;32;28;21;46;41;22;25,39;50;23,,723,112,0,26,28,1,1,0.9285714285714286,0,0,0,0,,76,0,59.0,3064,28,4,9,5,25,33,220,0,2744
2010,ARI,REG,16,285,561,3264,10,19,50,-353,11,5,5234,1080,154,-166.6219119015949,-9.67380448363044,1,130,75,44,3,320,1388,9,7,5,65,-40.11929590492562,0,37,27,11,2,285,553,3264,10,4,1,5234,1080,154,-85.18928602623049,1,130,75,44,3,2,773,125,195,0,0,13,33.0,227.0,67,17,424,81,3,7,0,15,15,-18,13,120,7,108,870,70,23,10,3,33,16,42,294,84,2084,24,27,3,0,55.0,0.8888888888888888,0,8,6,8,2,0,0,0,0,2,1,0,22;42;53;37;44;29;24;22;23;36;29;31;39;45;41;36;48;55;23;49;23;30;49;48,54;49;49,,878,152,0,29,29,0,0,1.0,0,0,0,0,,94,0,65.0,4080,29,14,16,9,20,35,458,0,3442
2010,ATL,REG,16,361,577,3725,28,9,23,-158,3,2,4790,1366,200,97.59886364211918,0.4302870820869099,2,160,74,32,6,497,1891,14,4,3,111,-42.464519224235055,0,41,31,12,1,361,573,3725,28,3,1,4790,1366,200,133.158062129794,2,160,74,32,6,2,660,114,198,0,0,14,31.0,221.0,54,22,337,71,2,1,0,0,3,-4,9,12,1,58,598,56,10,2,1,12,8,19,230,46,1221,28,31,2,1,51.0,0.9032258064516128,0,11,8,8,1,0,0,0,0,2,0,0,49;39;23;24;35;23;46;37;31;43;24;30;26;45;31;41;28;51;42;29;24;21;38;47;39;27;25;47,46;41,30,965,87,30,44,44,0,0,1.0,3,3,0,0,46;43;47,74,1,61.0,3014,29,6,11,5,24,28,241,0,2673
2010,BAL,REG,16,308,491,3629,25,10,40,-294,7,2,4435,1521,175,47.81614595297682,2.9081108983682125,0,158,75,40,7,487,1831,11,6,5,97,-46.97375687564322,0,39,29,7,1,308,491,3629,25,3,1,4435,1521,175,114.3656084203346,0,158,75,40,7,1,585,193,241,0,0,15,27.0,190.0,63,19,289,83,3,4,0,0,9,-18,8,10,0,90,673,53,15,7,3,22,10,43,319,55,1357,26,29,3,0,49.0,0.896551724137931,0,11,8,7,0,0,0,0,1,1,1,0,25;38;49;33;37;26;25;41;48;38;26;39;20;24;22;33;49;45;24;33;32;27;27;40;25;47,51;46;37,,873,134,0,39,39,0,0,1.0,1,1,0,0,38,81,0,60.0,3530,39,11,10,4,22,34,275,0,3175
2010,BUF,REG,16,296,519,3363,24,21,34,-213,5,4,4511,1358,166,-36.75572981190194,-1.8703852858227363,0,134,62,42,8,401,1720,6,12,5,82,-47.74534296120835,0,45,32,9,0,296,513,3363,24,8,5,4511,1358,166,12.30765325472277,0,134,62,42,8,1,579,300,426,0,0,15,27.0,181.0,54,11,210,80,2,4,0,3,9,3,11,55,1,82,633,53,24,9,6,33,18,32,336,69,1458,16,21,5,0,51.0,0.7619047619047619,1,6,5,2,2,0,0,0,1,1,2,1,51;39;39;34;29;22;21;50;43;29;32;49;30;19;29;26,63;51;53;41;33,,542,241,0,31,32,0,1,0.96875,0,0,0,0,,75,0,61.0,3181,17,12,7,7,17,32,299,0,2742
2010,CAR,REG,16,256,484,2635,9,21,50,-346,5,2,3485,1292,125,-158.05366372323687,-7.784486597037723,0,102,47,30,3,428,1846,7,16,9,78,-85.82681897991044,0,51,37,14,4,256,468,2635,9,2,2,3485,1290,125,-62.638859483804495,0,102,47,30,3,0,738,116,234,0,0,14,31.0,224.0,75,17,285,71,1,4,1,0,15,-51,12,10,0,106,918,66,17,14,0,31,16,39,373,74,1619,25,29,4,0,55.0,0.8620689655172413,0,9,2,11,3,0,0,0,0,3,1,0,21;52;43;24;53;47;55;37;44;20;46;28;48;45;40;43;42;43;36;28;29;24;43;27;23,51;40;46;42,,941,179,0,17,17,0,0,1.0,1,2,1,0,37;42,95,0,60.0,4097,22,8,10,7,16,54,488,1,3469
2010,CHI,REG,16,276,466,3397,23,21,56,-382,9,5,4141,1489,163,-42.27076026725313,0.6589293022427642,1,131,68,42,6,414,1616,10,1,1,76,-36.92413393356113,0,49,32,11,2,276,457,3397,23,7,4,4141,1489,163,44.249791413973014,1,131,68,42,6,3,715,86,188,0,0,23,34.0,232.0,71,21,332,81,1,0,0,0,8,0,14,1,0,91,768,50,17,2,1,19,10,33,564,59,1497,25,30,5,0,54.0,0.8333333333333334,1,9,8,4,3,0,0,0,1,3,1,0,20;31;38;40;25;19;40;28;53;43;34;24;34;37;47;24;50;23;54;29;23;34;20;37;30,49;54;42;43;35,,837,223,0,35,35,0,0,1.0,1,1,0,0,19,83,0,56.0,3326,24,14,15,5,10,39,303,1,2923
2010,CIN,REG,16,365,590,3988,26,20,28,-221,2,1,4951,1663,206,33.518565999705615,0.9254442943944964,1,153,74,45,9,428,1522,8,11,7,85,-75.95383122028207,1,37,21,3,1,365,586,3988,26,4,3,4951,1663,206,60.57269738026447,1,153,74,45,9,0,600,101,325,0,0,12,27.0,179.0,80,16,200,69,1,1,0,0,7,1,10,65,1,90,720,70,13,8,0,21,14,36,258,71,1551,24,31,6,1,54.0,0.7741935483870968,1,10,9,2,2,0,0,2,0,2,2,0,54;36;30;46;38;25;33;50;24;25;31;35;20;33;27;19;28;29;23;47;25;39;34;20,53;51;45;43;27;29,44,771,248,44,30,32,2,0,0.9375,0,0,0,0,,71,1,72.0,2992,28,8,17,6,14,26,124,0,2748
2010,CLE,REG,16,296,478,3203,13,18,35,-214,3,1,3903,1485,154,-32.44302652409271,2.112888917326927,0,126,64,42,6,414,1647,13,14,6,87,-47.33635192001905,0,34,28,7,2,296,468,3203,13,4,3,3903,1485,154,18.558567755834257,0,126,64,42,6,0,654,198,278,0,0,9,29.0,178.0,76,19,320,81,2,5,0,0,18,-17,9,30,1,79,680,60,24,5,0,29,11,22,235,70,1191,23,28,5,0,48.0,0.8214285714285714,3,7,10,3,0,0,0,0,0,2,2,1,38;30;31;22;19;39;23;21;48;38;37;34;23;38;41;41;32;23;19;25;23;30;19,62;42;51;51;47,,694,253,0,28,28,0,0,1.0,1,1,0,0,23,78,0,59.0,3424,29,8,12,5,13,40,285,0,3039
2010,DAL,REG,16,379,576,4208,29,19,31,-166,4,1,3912,2279,201,42.930672533705014,2.429966103714124,2,162,82,57,8,428,1786,10,5,2,104,-18.244210861890004,0,49,33,11,1,379,568,4208,29,8,5,3912,2267,201,78.3161163391031,2,163,81,57,8,3,675,109,197,0,0,14,35.0,257.0,68,20,302,63,3,5,0,0,15,-33,10,23,1,109,873,71,15,13,2,28,11,24,382,74,1572,24,32,8,0,53.0,0.75,0,8,4,8,4,0,0,0,3,3,2,0,28;48;49;40;51;26;26;41;34;22;23;21;53;30;46;38;50;43;42;20;20;39;42;53,34;44;44;34;59;48;35;52,,885,350,0,42,44,1,1,0.9545454545454546,1,1,0,0,38,65,1,65.0,3115,22,11,6,8,7,33,205,0,2750
2010,DEN,REG,16,334,580,4306,25,12,40,-268,1,1,5563,1728,204,41.1583132718412,-2.374379290186841,0,180,106,62,13,398,1544,13,13,8,81,-61.439596711918554,0,45,32,6,1,334,577,4306,25,5,1,5563,1718,204,95.20429459536231,0,180,106,62,13,1,745,117,177,0,0,13,23.0,156.0,60,10,118,77,0,5,0,0,12,-28,8,76,1,98,944,70,18,11,2,29,15,31,323,59,1435,22,25,3,0,59.0,0.88,0,4,10,6,2,0,0,0,0,2,1,0,54;20;25;34;36;36;35;36;38;59;48;32;49;40;25;41;32;30;46;35;45;27,49;58;40,,823,147,0,38,39,1,0,0.9743589743589745,0,0,0,0,,86,0,63.0,3835,19,7,5,7,17,50,550,0,3145
2010,DET,REG,16,383,633,4001,26,16,27,-191,4,2,4533,2144,199,18.133921244623185,-3.352524114958343,2,164,71,43,6,404,1613,11,6,3,83,-39.5976649253597,0,46,37,9,2,383,622,4001,26,4,3,4533,2144,199,50.247573610101185,2,164,71,43,6,1,705,100,272,0,0,21,43.0,283.0,87,14,194,66,2,3,1,0,11,3,15,31,1,136,1018,70,15,5,0,20,9,30,362,61,1519,25,30,5,0,55.0,0.8333333333333334,0,4,7,9,5,0,0,0,0,4,1,0,49;33;39;52;49;24;30;48;47;50;50;32;25;45;47;44;50;25;41;28;34;39;47;55;37,44;55;49;46;48,,1020,242,0,35,36,1,0,0.9722222222222222,1,1,0,0,34,90,0,66.0,3998,24,4,8,7,17,54,633,1,3225
2010,GB,REG,16,352,541,4355,31,13,38,-231,3,1,4996,2015,204,111.6065477194423,5.234104293505951,0,162,79,57,11,421,1606,11,4,1,88,-22.042018518456995,0,41,30,3,1,352,529,4355,31,9,5,4996,2015,204,153.07436158717184,0,162,79,57,11,0,660,120,222,0,0,14,46.0,333.0,87,24,318,89,3,2,0,0,9,1,8,31,1,77,617,55,15,5,2,20,9,41,325,62,1249,22,28,4,2,56.0,0.7857142857142857,1,7,4,8,2,0,0,1,0,2,1,0,49;56;44;24;38;52;36;46;26;20;41;40;26;42;22;43;24;42;31;19;31;23,48;53;45;29,37;54,775,175,91,46,46,0,0,1.0,0,0,0,0,,71,0,62.0,3114,25,9,8,5,18,31,341,1,2673
2010,HOU,REG,16,365,574,4370,24,12,32,-226,7,3,4411,1993,222,77.96902591059833,0.574691744511335,1,183,92,59,9,423,2042,20,5,2,118,17.24007275603685,0,54,40,16,3,365,566,4370,24,3,1,4411,1988,222,139.93181934472486,1,183,92,59,9,0,608,185,305,0,0,11,30.0,219.0,94,13,90,59,0,1,0,0,10,-14,5,11,0,90,690,68,13,3,0,16,6,35,236,67,1326,27,30,3,0,57.0,0.9,0,8,11,5,3,0,0,0,0,2,1,0,30;49;47;43;35;24;30;35;38;53;27;21;25;24;38;22;35;33;48;24;42;37;34;54;57;26;33,47;46;52,,964,145,0,43,43,0,0,1.0,1,1,0,0,35,63,0,60.0,2650,19,4,11,5,14,29,233,0,2317
2010,IND,REG,16,450,679,4700,33,17,16,-91,2,1,5895,1894,253,130.54233597675443,4.130018038735629,0,186,81,43,9,393,1483,13,5,3,87,-22.631006218251542,0,31,23,7,3,450,679,4700,33,3,3,5895,1894,253,132.59329115049255,0,186,81,43,9,2,632,211,291,0,0,12,29.0,186.0,66,10,206,55,2,4,0,24,5,-2,11,7,1,79,709,47,11,4,2,15,8,31,214,67,1310,26,28,1,1,48.0,0.9285714285714286,0,8,9,9,0,0,0,0,1,0,0,0,20;38;38;33;20;24;47;42;43;33;48;23;36;37;28;47;23;21;28;47;34;37;30;48;44;43,38,48,912,38,48,51,51,0,0,1.0,1,1,0,0,43,69,0,66.0,2910,23,3,8,8,22,28,300,1,2450
2010,JAX,REG,16,291,469,3356,26,21,37,-289,6,2,3946,1474,161,-3.465852919436679,2.238550274793444,0,143,68,47,6,513,2386,14,8,4,148,29.81472537548064,0,67,44,14,1,291,464,3356,26,3,3,3946,1469,161,57.76896276609392,0,143,67,47,6,1,651,107,201,0,0,8,26.0,189.0,71,13,105,50,0,3,0,0,9,-13,5,43,0,83,675,48,17,6,2,23,12,36,359,80,1903,22,28,5,1,59.0,0.7857142857142857,2,3,6,9,2,0,0,0,1,4,0,0,45;44;48;51;59;49;49;34;40;46;33;35;18;38;47;22;42;26;19;22;34;39,39;43;48;44;46,49,840,220,49,41,41,0,0,1.0,1,1,0,0,59,57,0,63.0,2496,26,5,11,7,15,19,123,0,2233
2010,KC,REG,16,274,475,3189,27,8,32,-221,2,1,3837,1532,167,44.57605193459762,-1.4306091960391094,0,140,72,40,4,556,2627,13,7,3,129,-13.692410636456518,0,72,46,15,4,274,464,3189,27,2,1,3837,1525,167,102.81203825028304,0,140,72,40,4,1,630,131,255,0,0,18,38.0,249.0,81,14,204,98,3,2,0,87,9,-8,9,25,0,90,771,68,10,5,0,15,6,52,524,58,1140,20,26,5,1,53.0,0.7692307692307693,0,6,7,6,1,0,0,0,2,1,2,0,35;26;23;32;45;35;43;24;28;35;43;25;40;23;47;53;38;35;42;30,38;51;39;52;48,43,702,228,43,42,42,0,0,1.0,1,1,0,0,35,89,1,72.0,3941,33,10,6,11,20,42,361,0,3360
2010,LA,REG,16,354,590,3512,18,15,34,-244,6,2,3919,1862,179,-44.42408020200839,-4.420341440638936,0,139,66,36,4,429,1578,9,2,1,84,-63.5380920589749,0,44,34,9,1,354,582,3512,18,2,1,3919,1853,179,9.711293005734928,0,138,66,36,4,0,742,92,138,0,0,22,43.0,290.0,86,14,161,81,0,1,1,0,7,-2,12,114,0,102,877,46,12,1,0,13,6,40,452,74,1614,33,39,4,2,53.0,0.8461538461538461,0,11,12,7,3,0,0,0,1,2,1,0,46;25;37;29;36;30;31;28;28;39;48;25;33;41;42;33;53;28;37;26;28;52;20;43;38;45;37;52;43;30;28;32;27,36;51;45;46,34;21,1170,178,55,26,27,1,0,0.9629629629629628,0,0,0,0,,94,0,63.0,4276,32,6,18,4,21,45,435,1,3761
2010,LAC,REG,16,359,544,4746,30,13,38,-227,4,3,4668,2232,236,170.78418693029462,6.087628854808375,1,205,111,66,14,457,1810,18,13,7,94,-50.15298115018357,1,45,38,13,0,359,531,4746,30,5,4,4668,2232,236,233.39154606475057,1,205,111,66,14,0,662,128,176,0,0,11,47.0,300.0,61,16,240,68,3,1,1,0,9,-24,6,23,0,84,677,61,17,8,0,25,16,40,420,56,1342,27,33,5,1,50.0,0.8181818181818182,0,7,10,9,1,0,0,0,1,0,4,0,41;29;48;47;43;34;41;32;28;34;36;28;33;50;30;20;39;33;48;25;39;20;28;42;45;47;37,38;50;52;50;53,49,977,243,49,48,48,0,0,1.0,0,0,0,0,,52,4,67.0,2430,13,5,3,9,7,28,528,1,1722
2010,LV,REG,16,280,493,3472,18,16,44,-291,10,2,4244,1801,159,-12.70457427200484,-2.505431285838491,0,136,70,45,12,503,2493,19,9,4,113,3.906366824589892,0,61,50,27,6,280,486,3472,18,4,2,4244,1796,159,41.05981572977372,0,136,70,45,12,4,680,90,208,0,0,15,47.0,291.0,91,12,105,66,2,4,2,5,20,-19,12,101,1,148,1279,70,25,7,2,32,10,55,386,68,1532,33,41,8,0,59.0,0.8048780487804879,0,8,13,8,4,0,0,0,1,4,3,0,34;30;38;41;22;22;54;23;39;50;30;27;24;40;31;31;36;22;49;23;41;33;41;30;26;49;35;47;59;38;51;45;38,53;46;41;58;32;45;47;54,,1199,376,0,43,43,0,0,1.0,1,2,1,0,32;33,78,0,68.0,3660,27,7,10,4,11,46,409,0,3171
2010,MIA,REG,16,336,558,3752,17,20,38,-228,1,1,4733,1448,189,-15.255392576398464,-1.4076251887540887,0,167,78,44,4,444,1646,8,12,5,91,-57.053016132653376,0,35,20,5,2,336,552,3752,17,3,2,4733,1446,189,42.037280199290144,0,167,78,44,4,0,690,100,170,0,0,14,38.0,219.0,70,11,66,82,0,5,1,0,13,-46,8,4,1,72,595,67,13,11,1,24,10,28,293,56,1199,30,41,9,2,60.0,0.7317073170731707,1,9,5,11,3,1,0,0,0,6,2,1,32;43;44;20;50;53;41;44;39;23;22;37;40;38;42;24;54;31;19;23;26;42;49;23;44;25;60;47;40;28,46;46;51;49;48;61;53;48;40,53;41,1103,442,94,25,25,0,0,1.0,1,1,0,0,44,73,2,69.0,3369,31,2,9,4,15,43,454,1,2835
2010,MIN,REG,16,305,505,3327,14,26,36,-230,4,2,4353,1565,159,-80.8688900851236,-2.311492105483061,1,142,69,47,3,441,1942,16,7,5,104,-33.538859330717244,0,53,37,11,2,305,503,3327,14,3,3,4353,1565,159,-31.309526475296543,1,142,69,47,3,1,666,101,249,0,0,12,31.0,177.0,76,15,152,64,1,2,0,0,9,-58,10,48,1,100,769,47,8,12,0,20,11,42,361,64,1427,17,18,1,0,48.0,0.9444444444444444,0,7,8,2,0,0,0,0,1,0,0,0,41;28;31;38;28;24;21;35;36;33;24;31;38;21;30;27;48,39,,534,39,0,30,31,0,1,0.967741935483871,1,1,0,0,35,83,0,59.0,3569,32,7,17,5,22,32,241,1,3228
2010,NE,REG,16,331,507,4022,37,5,25,-175,2,1,4024,1921,196,154.1595342567326,2.6883255022455494,0,168,85,54,10,454,1973,19,2,1,119,35.72713265072406,0,49,37,9,0,331,502,4022,37,2,2,4024,1921,196,189.64337941375825,0,168,85,54,10,4,598,245,295,0,0,11,36.0,212.0,66,25,419,80,4,2,0,35,4,-5,13,96,1,83,766,52,5,4,0,9,5,27,361,56,1231,22,25,3,0,43.0,0.88,1,7,11,3,0,0,0,0,1,1,1,0,32;43;23;30;38;24;35;40;35;35;31;36;25;19;41;30;25;29;38;34;26;28,47;56;37,,697,140,0,62,64,2,0,0.96875,1,1,0,0,35,58,0,65.0,2505,19,2,12,5,14,25,179,0,2226
2010,NO,REG,16,450,661,4636,33,22,26,-195,6,2,4970,2059,236,83.58477284291082,5.918103887846596,0,189,81,47,10,380,1519,9,7,4,94,-39.59644456833613,0,40,23,7,2,450,649,4636,33,2,1,4970,2059,236,146.43456904588675,0,189,81,47,10,0,645,152,218,0,0,25,33.0,250.0,71,9,196,69,2,4,1,0,12,9,16,15,0,89,869,70,17,6,2,23,9,27,210,53,1181,25,31,6,0,52.0,0.8064516129032258,1,5,11,6,2,0,0,3,2,1,0,0,46;19;37;32;32;32;25;31;32;27;32;31;23;31;36;50;45;28;48;24;40;47;52;45;38,46;32;29;29;33;27,,883,196,0,43,43,0,0,1.0,1,1,0,0,37,57,0,64.0,2618,21,5,10,6,10,26,310,0,2188
2010,NYG,REG,16,339,539,4002,31,25,16,-117,5,3,4991,1611,192,43.21750294362546,2.5468935270917794,0,161,80,57,7,480,2200,17,12,11,112,-62.708062505170325,1,59,46,23,3,339,534,4002,31,3,2,4991,1611,192,73.62218757029741,0,161,80,57,7,0,614,202,252,0,0,34,45.0,313.0,99,16,110,87,0,4,0,27,8,-29,23,66,0,92,777,47,16,10,1,26,17,43,263,57,1082,19,23,4,0,53.0,0.8260869565217391,0,12,2,3,2,0,0,0,2,1,1,0,32;50;22;45;42;53;26;25;20;43;25;24;22;29;28;28;25;38;20,53;44;38;39,,597,174,0,47,47,0,0,1.0,0,0,0,0,,72,1,69.0,3220,20,11,9,9,7,36,535,2,2505
2010,NYJ,REG,16,288,525,3420,20,14,28,-178,5,1,4878,1327,171,-7.092209412130268,-4.913657161489877,1,137,70,44,11,533,2373,14,12,5,118,-15.635215039052774,0,53,40,11,2,288,518,3420,20,3,1,4878,1320,171,35.28111106733977,1,137,70,44,11,2,599,134,206,0,0,17,40.0,244.0,74,12,214,87,3,3,2,0,13,-6,18,35,0,103,934,65,15,8,3,23,7,56,529,63,1588,30,39,8,1,56.0,0.7692307692307693,1,10,14,3,2,0,0,1,2,3,2,0,23;28;48;49;36;30;19;25;53;22;34;31;56;31;36;30;27;25;37;33;30;27;39;35;42;25;34;26;34;28,30;37;48;24;47;53;44;53,61,993,336,61,37,37,0,0,1.0,1,1,0,0,30,84,0,61.0,3587,42,11,15,4,27,27,299,0,3208
2010,PHI,REG,16,348,561,4215,28,13,49,-310,10,4,4971,1922,189,52.90278545251523,4.183014365630036,1,155,83,61,15,428,2325,18,7,3,116,47.15293841195585,0,73,54,19,6,348,549,4215,28,6,3,4971,1902,189,126.05485798928756,1,155,82,61,15,1,712,69,125,0,0,11,38.0,290.0,66,23,182,94,1,5,0,0,17,-3,11,53,1,129,1101,68,24,9,3,33,12,38,404,62,1269,32,38,5,1,50.0,0.8421052631578947,0,12,10,9,1,0,0,0,2,1,2,0,45;24;49;23;33;45;30;25;46;46;28;22;21;31;44;48;38;24;28;30;45;36;22;36;36;22;39;50;28;34;43;22,53;37;47;37;54,42,1093,228,42,47,47,0,0,1.0,0,0,0,0,,73,0,63.0,3194,28,11,5,2,21,34,309,0,2845
2010,PIT,REG,16,298,479,3890,22,9,43,-289,5,2,4486,1578,175,76.88226298772186,3.6284088418366314,0,155,94,62,11,471,1924,15,8,4,106,-25.52219309674195,2,50,39,16,1,298,468,3890,22,3,2,4486,1578,175,139.86881121760277,0,155,94,62,11,1,595,174,286,0,0,24,47.0,319.0,78,20,246,92,3,3,0,0,11,-19,14,32,0,100,903,59,14,8,1,22,9,37,226,49,1153,29,37,8,0,53.0,0.7837837837837838,3,10,6,8,2,0,0,1,0,5,2,0,52;36;34;36;34;25;27;24;22;39;18;19;25;53;22;45;46;48;41;45;19;23;35;41;42;26;29;41;24,55;40;49;45;51;46;26;41,,971,353,0,38,38,0,0,1.0,1,1,0,0,41,74,0,62.0,3276,22,2,4,11,25,32,294,0,2762
2010,SEA,REG,16,324,544,3533,14,20,35,-194,6,5,4598,1499,159,-39.879974779648634,-1.6335191965549627,2,124,56,39,11,385,1424,13,3,1,81,-49.3583726335678,0,40,34,12,0,324,537,3533,14,3,3,4598,1499,159,17.443043798910804,2,124,56,39,11,4,656,173,251,0,0,16,37.0,246.0,79,12,168,86,2,3,1,10,6,-18,10,0,0,101,890,61,12,6,2,18,11,42,477,66,1558,25,30,5,0,51.0,0.8333333333333334,2,10,7,5,1,0,0,2,0,2,1,0,35;23;23;22;20;31;51;24;26;47;41;34;19;23;19;20;43;43;20;43;24;38;31;38;34,51;29;29;47;43,,772,199,0,31,31,0,0,1.0,0,0,0,0,,78,0,63.0,3254,27,5,14,1,23,35,327,1,2907
2010,SF,REG,16,282,500,3613,19,15,44,-257,7,2,4145,1868,149,-25.857888721098696,-4.403313017383065,1,136,80,53,10,401,1657,10,6,2,85,-34.862454032766806,0,40,28,8,1,282,488,3613,19,3,2,4145,1862,149,49.13305480349303,1,136,80,53,10,2,799,70,192,0,0,13,36.0,243.0,70,15,239,70,3,3,0,0,12,-37,7,13,0,112,934,67,14,8,2,22,8,31,366,61,1187,22,27,4,1,51.0,0.8148148148148148,0,10,6,4,2,0,0,0,1,2,1,0,23;23;51;50;25;24;38;34;26;47;29;38;26;44;26;23;33;44;22;36;47;39,40;52;47;34,37,748,173,37,33,33,0,0,1.0,1,1,0,0,29,91,0,64.0,4203,34,2,11,12,12,54,483,0,3480
2010,TB,REG,16,306,494,3564,26,6,30,-203,5,1,4487,1561,172,70.689608129094,2.145121528655904,0,144,69,49,10,431,2001,9,7,6,97,-21.674732184535113,1,63,44,16,5,306,487,3564,26,6,3,4487,1566,172,106.12640045566452,0,144,69,49,10,1,658,146,198,0,0,12,26.0,143.0,58,19,325,73,3,3,0,0,11,-2,9,6,0,100,837,60,15,10,1,25,13,30,193,57,1386,23,28,3,2,53.0,0.8214285714285714,0,6,10,6,1,0,0,0,0,3,0,0,49;24;33;40;24;31;35;39;53;38;21;32;22;33;25;44;35;30;26;46;43;32;48,40;47;41,53;44,803,128,97,36,36,0,0,1.0,1,1,0,0,31,76,0,64.0,3053,24,10,11,6,17,32,232,0,2701
2010,TEN,REG,16,273,474,3278,24,15,27,-171,6,5,4887,1023,155,27.61488332581189,-0.7850939144136568,1,127,72,44,8,406,1727,13,7,4,73,-56.63108440564812,0,48,36,15,5,273,467,3278,24,4,2,4887,1012,155,79.34896216362884,1,127,72,44,8,2,728,230,290,0,0,17,40.0,272.0,96,17,198,77,1,1,2,0,7,-43,8,25,0,128,1040,45,15,7,1,22,14,27,329,64,1556,24,26,2,0,55.0,0.9230769230769232,0,6,8,8,2,0,0,0,1,0,0,1,43;21;48;22;55;46;52;40;26;33;36;41;38;33;21;40;25;32;40;37;30;30;26;42,35;61,,857,96,0,38,38,0,0,1.0,0,0,0,0,,77,0,68.0,3302,24,8,14,4,16,35,214,0,3008
2010,WAS,REG,16,349,605,4261,21,19,46,-348,10,4,5022,2009,194,-22.404331625434516,-3.996538131677804,2,165,85,51,13,351,1461,9,6,2,72,-38.20775092458274,0,49,38,12,1,349,596,4261,21,8,5,5022,2009,194,43.58923771358155,2,165,85,51,13,1,632,177,383,0,0,19,29.0,176.0,69,14,199,91,1,2,0,0,13,-39,13,42,1,90,647,66,20,9,4,29,12,40,432,73,1680,24,35,10,1,49.0,0.6857142857142857,1,8,4,11,0,0,0,1,3,3,3,0,29;49;41;27;29;24;21;26;26;45;33;39;46;38;46;19;40;42;48;40;42;25;48;31,52;51;48;37;51;47;43;34;24;30,29,854,417,29,28,28,0,0,1.0,3,3,0,0,33;48;31,93,1,56.0,3776,23,17,12,2,17,45,568,1,3168
2011,ARI,REG,16,307,550,3954,21,23,54,-387,9,2,4876,1730,175,-67.98118410171392,-5.892534427303484,0,155,80,55,15,389,1625,12,8,4,83,-14.740825557895226,0,31,23,7,2,307,541,3954,21,4,2,4876,1730,175,12.819638851276029,0,155,80,55,15,4,788,54,214,0,0,12,42.0,304.0,83,10,117,88,0,3,0,0,14,-2,9,2,0,106,1004,55,18,6,1,24,9,46,696,52,1246,19,24,5,0,51.0,0.7916666666666666,0,9,4,5,1,0,0,0,2,2,1,0,44;27;27;51;32;45;27;38;29;37;22;48;23;33;22;29;41;43;28,36;51;49;35;43,,646,214,0,33,33,0,0,1.0,2,2,0,0,22;28,92,0,66.0,4141,26,4,13,5,20,50,610,1,3431
2011,ATL,REG,16,365,594,4365,29,13,26,-173,5,3,5328,1786,215,79.20891431393642,1.8076887194233664,0,169,99,56,10,453,1834,14,4,3,100,-38.5681357694406,0,53,36,11,4,365,582,4365,29,2,1,5328,1786,215,128.460645115091,0,169,99,56,10,0,637,29,291,0,0,13,32.0,229.0,82,19,301,86,2,1,0,0,2,0,10,104,1,93,769,56,10,2,2,12,8,33,315,24,563,27,29,2,0,51.0,0.9310344827586208,2,9,9,5,2,0,0,0,0,2,0,0,48;25;26;33;47;50;42;24;23;47;40;20;36;29;27;19;33;24;37;19;30;33;31;34;51;30;20,41;46,,878,87,0,45,45,0,0,1.0,0,0,0,0,,70,1,59.0,2990,27,2,9,4,24,31,150,0,2760
2011,BAL,REG,16,314,544,3629,21,12,33,-206,9,6,5034,1591,181,31.233818079193057,-1.683134278506316,0,152,70,44,7,459,1996,15,6,4,98,-26.94471725322368,1,45,31,13,5,314,541,3629,21,1,0,5034,1591,181,89.53320969883139,0,152,70,44,7,1,623,112,254,0,0,21,48.0,290.0,90,15,175,112,1,4,0,0,12,-7,11,60,3,92,742,56,20,4,0,24,12,36,345,42,1047,30,39,9,0,51.0,0.7692307692307693,1,9,10,9,1,0,0,0,2,2,5,0,29;30;41;29;21;31;38;38;38;43;48;25;33;40;26;47;25;18;43;51;35;22;39;23;39;21;36;48;43;42,51;51;52;40;50;52;34;41;36,,1042,407,0,40,40,0,0,1.0,1,1,0,0,25,73,0,63.0,3393,21,11,9,9,11,33,392,2,2821
2011,BUF,REG,16,356,578,3857,24,25,23,-154,2,0,4426,1876,180,-14.973930770166689,0.714037722707216,0,146,78,48,8,391,1921,12,10,4,100,3.6875183252664816,1,50,41,17,3,356,569,3857,24,1,1,4426,1876,180,20.79763850886058,0,146,78,48,8,1,632,146,310,0,0,15,28.0,194.0,56,20,341,70,4,1,1,0,10,-16,11,17,2,86,743,55,9,7,1,16,5,26,329,37,853,23,31,7,1,56.0,0.7419354838709677,0,11,5,5,2,0,0,1,1,3,2,0,29;38;25;42;28;43;23;25;49;37;44;41;24;30;56;53;27;37;34;28;25;25;29,44;52;53;26;45;31;45,39,792,296,39,41,41,0,0,1.0,1,1,0,0,28,72,1,66.0,3472,20,4,7,10,8,43,494,0,2778
2011,CAR,REG,16,312,519,4089,21,17,35,-260,3,2,4902,1954,175,52.464595075408745,-0.2598195247454186,2,161,98,66,9,445,2408,26,3,0,139,67.52464252656142,0,74,64,24,3,312,512,4089,21,6,4,4902,1954,175,96.9936980663655,2,161,98,66,9,1,665,54,260,0,0,12,31.0,170.0,50,14,197,74,0,0,2,0,5,-4,10,0,0,113,1013,52,11,2,2,13,6,32,176,39,926,22,28,4,2,45.0,0.7857142857142857,1,7,6,8,0,0,0,0,2,0,2,0,20;33;21;35;32;29;39;38;42;20;45;45;40;29;27;31;40;41;43;21;19;41,52;31;50;36,34;45,731,169,79,44,45,0,1,0.9777777777777776,0,0,0,0,,66,0,56.0,2819,19,0,11,5,15,35,466,3,2253
2011,CHI,REG,16,268,473,3346,18,20,49,-335,7,2,4190,1355,153,-60.71683474402725,-2.2106878459453583,0,149,80,43,7,456,2015,10,7,4,97,-35.7388912811104,1,58,47,18,4,268,466,3346,18,7,3,4190,1355,153,-2.8905310379189912,0,149,80,43,7,3,759,6,188,0,0,14,33.0,194.0,66,20,177,67,4,4,1,0,13,-8,11,35,3,104,800,63,17,9,3,26,9,30,470,57,1238,28,32,4,0,57.0,0.875,0,10,6,6,6,0,0,0,0,4,0,0,41;23;26;42;38;25;20;24;44;49;51;26;22;25;51;38;22;43;35;50;42;50;53;32;57;35;30;27,41;43;41;49,,1021,174,0,37,37,0,0,1.0,0,0,0,0,,89,0,70.0,3903,21,3,14,4,27,41,223,0,3600
2011,CIN,REG,16,308,535,3507,21,14,25,-167,3,2,4471,1385,160,-3.677669553289491,-2.129870248570269,0,126,70,51,11,455,1778,10,7,2,93,-37.62085342875375,0,42,28,6,1,308,523,3507,21,2,1,4471,1385,160,39.53606563986285,0,126,70,51,11,1,649,29,333,0,0,18,45.0,277.0,107,10,137,75,1,2,1,0,7,0,12,64,2,99,874,56,13,4,2,17,8,53,610,45,1026,33,38,4,1,49.0,0.868421052631579,0,14,5,14,0,0,0,0,2,2,0,0,24;47;45;37;23;22;23;31;21;43;47;20;43;34;48;36;43;27;23;40;26;22;47;49;28;21;41;24;41;32;46;46;23,43;35;48;36,33,1123,162,33,33,34,1,0,0.9705882352941176,1,1,0,0,43,91,0,71.0,4023,24,8,10,9,26,38,273,1,3570
2011,CLE,REG,16,320,570,3300,16,13,39,-210,5,2,4206,1391,173,-58.757190154329635,-4.935604560055903,0,137,54,32,6,415,1531,4,10,3,77,-44.72744418455838,0,29,22,7,1,320,562,3300,16,2,0,4206,1391,173,4.064160187944125,0,137,54,32,6,1,700,44,280,0,0,15,31.0,196.0,62,9,93,71,0,4,0,0,14,-9,11,8,0,95,847,68,14,8,2,22,6,38,423,48,1134,24,29,3,2,54.0,0.8275862068965517,0,7,3,7,7,0,0,1,1,0,1,0,20;20;23;30;48;51;47;52;53;52;50;51;44;32;43;27;32;54;21;20;44;26;45;49,22;38;55,48;24,934,115,72,20,20,0,0,1.0,0,1,1,0,22,89,0,63.0,3570,32,13,20,2,28,26,303,1,3227
2011,DAL,REG,16,376,570,4453,33,12,39,-252,4,3,4366,2063,219,88.93281395789863,4.240565163703152,0,175,87,58,11,408,1807,5,8,3,91,-41.196248009815406,0,38,27,11,3,376,562,4453,33,4,2,4366,2063,219,147.3033845723754,0,175,87,58,11,0,647,71,221,0,0,13,42.0,243.0,92,15,217,59,1,2,0,0,14,-14,9,8,0,114,816,59,16,8,1,24,9,41,293,33,768,32,37,4,1,51.0,0.8648648648648649,1,8,11,10,2,0,0,1,0,1,2,0,34;48;19;41;27;32;41;23;40;41;35;23;48;22;26;30;51;20;20;42;45;36;31;37;39;32;28;50;37;49;49;30,21;53;49;52,47,1126,175,47,39,39,0,0,1.0,3,3,0,0,19;39;28,70,1,68.0,3047,25,9,6,8,17,30,278,0,2609
2011,DEN,REG,16,217,429,2708,20,13,42,-274,8,6,4716,984,130,-64.43466140523113,-6.230198425986756,0,111,59,36,8,546,2632,11,11,7,129,-19.46864145857407,3,80,63,20,1,217,422,2708,20,6,3,4716,984,130,8.107945563525114,0,111,59,36,8,2,755,42,218,0,0,11,40.0,266.0,82,9,152,60,3,4,0,0,11,-4,9,18,0,101,842,64,22,8,2,30,17,47,596,39,956,19,25,5,1,59.0,0.76,0,5,8,3,3,0,0,0,0,4,1,0,28;30;34;27;35;52;39;43;38;37;41;24;37;46;23;59;51;26;38,56;49;43;43;41,28,708,232,28,30,30,0,0,1.0,4,4,0,0,52;37;23;51,101,0,66.0,4783,33,3,13,7,27,51,585,1,4058
2011,DET,REG,16,430,676,5133,41,16,38,-265,3,1,5504,2271,247,94.84600542834391,1.3554973868994384,2,195,100,65,16,360,1534,10,6,1,73,-15.789719511560468,0,41,28,8,3,430,668,5133,41,3,3,5504,2270,247,143.5152107384821,2,195,100,65,16,0,746,27,235,0,0,17,41.0,271.0,75,21,458,75,5,5,1,0,11,-1,13,28,2,130,1090,52,12,8,2,20,7,38,301,37,887,24,29,4,1,51.0,0.8275862068965517,0,9,8,2,5,0,0,0,1,1,2,0,23;28;51;28;28;50;40;32;33;51;31;25;24;43;38;29;50;29;35;31;30;26;50;30,52;47;55;39,42,835,193,42,54,54,0,0,1.0,1,1,0,0,32,83,0,62.0,3621,23,7,19,7,13,37,496,1,2985
2011,GB,REG,16,375,551,5154,51,8,41,-237,5,1,5045,2242,230,237.88563122226032,8.434938746656428,0,193,112,70,16,395,1558,12,4,2,89,-28.813680276335585,0,41,29,8,2,375,539,5154,51,1,0,5045,2242,230,304.67045563870727,0,193,112,70,16,2,669,89,247,0,0,13,29.0,192.0,70,31,468,102,4,2,0,0,7,0,7,32,1,76,591,48,10,4,2,14,6,27,295,41,1005,24,28,4,0,58.0,0.8571428571428571,1,4,14,3,2,0,0,1,0,2,1,0,37;19;34;37;28;32;35;56;30;32;39;45;24;58;47;25;35;32;31;34;38;49;33;22,29;43;54;47,,852,173,0,68,69,0,1,0.9855072463768116,1,1,0,0,31,55,0,71.0,2506,23,3,14,4,10,24,305,1,2121
2011,HOU,REG,16,288,467,3696,20,9,33,-190,6,5,3814,1753,176,55.018400808761406,-0.1720268320251297,0,142,84,55,11,546,2448,18,10,5,131,-34.97185980789836,0,74,52,13,4,288,455,3696,20,1,1,3814,1758,176,118.50053347571932,0,142,84,55,11,1,615,85,201,0,0,13,44.0,287.0,112,17,196,99,1,0,0,6,9,-18,10,2,1,99,852,57,17,3,0,20,11,51,529,29,730,32,38,6,0,54.0,0.8421052631578947,0,14,10,4,4,0,0,0,1,4,1,0,25;29;23;22;36;22;27;27;36;25;54;40;32;29;39;28;21;50;22;53;33;43;46;33;26;34;44;35;31;52;37;22,41;46;37;54;47;49,,1076,274,0,39,40,0,1,0.975,0,0,0,0,,74,0,69.0,3256,19,6,8,8,20,32,307,0,2789
2011,IND,REG,16,302,534,3223,14,14,35,-228,13,7,4315,1343,170,-66.48833564080583,-4.61671489193326,0,135,54,32,6,382,1594,8,7,5,69,-48.69915526479008,0,39,30,7,2,302,525,3223,14,3,3,4315,1343,170,-0.9758691390926598,0,135,54,32,6,0,656,50,508,0,0,14,29.0,192.0,60,8,118,48,2,0,0,0,9,-17,9,60,1,76,549,57,21,3,0,24,15,32,108,31,578,23,27,3,1,53.0,0.8518518518518519,0,7,6,8,2,0,0,0,1,2,0,0,39;27;52;36;21;25;45;53;46;22;42;43;31;31;22;47;40;23;32;47;31;48;20,37;43;42,52,823,122,52,24,24,0,0,1.0,0,0,0,0,,88,1,64.0,4098,21,8,10,3,19,48,550,1,3488
2011,JAX,REG,16,240,469,2510,12,15,44,-331,6,3,3578,1275,122,-129.84817612781305,-11.041089563732228,0,106,53,30,4,489,1970,9,13,3,103,-54.12380030542948,0,51,35,10,3,240,467,2510,12,2,0,3578,1275,122,-61.691558976176026,0,106,52,29,4,1,658,35,309,0,0,19,31.0,213.0,70,17,160,64,0,1,0,57,17,-113,11,98,3,77,680,53,12,15,2,27,8,34,148,47,1055,23,25,2,0,55.0,0.92,1,5,5,7,5,0,0,0,0,1,1,0,48;21;45;55;53;31;19;20;46;45;54;54;22;51;44;42;21;35;39;25;32;47;39,45;55,,888,100,0,24,24,0,0,1.0,0,0,0,0,,99,0,65.0,4147,20,9,15,10,17,48,333,0,3614
2011,KC,REG,16,299,500,3288,13,18,34,-208,4,2,4205,1392,163,-31.896743004502905,-1.4240364664264265,0,136,69,39,7,487,1893,5,5,3,89,-65.90917907428025,0,45,30,13,0,299,496,3288,13,3,1,4205,1392,163,17.649689098523922,0,136,69,39,7,0,688,31,247,0,0,13,29.0,186.0,65,20,283,86,2,3,0,0,7,-6,6,-1,0,110,916,67,12,5,0,17,10,40,475,46,979,24,30,4,2,54.0,0.8,1,7,6,7,3,0,0,0,1,3,0,0,33;33;40;24;51;54;22;36;47;30;43;32;26;41;49;40;21;53;19;32;46;20;23;20,49;44;38;44,49;49,835,175,98,20,20,0,0,1.0,1,1,0,0,30,89,0,68.0,4084,27,5,17,5,26,36,411,1,3573
2011,LA,REG,16,292,549,3258,9,10,55,-388,10,7,4841,1410,159,-127.66446902717644,-8.75754962237705,0,138,64,37,3,409,1667,7,5,2,79,-58.4192394802418,0,47,36,7,2,292,548,3258,9,5,3,4841,1410,159,-20.71479912521728,0,138,64,37,3,1,753,53,195,0,0,16,39.0,261.0,78,12,169,66,1,4,2,0,12,-34,6,17,0,111,889,52,18,9,2,27,13,27,297,55,1280,21,28,6,1,49.0,0.75,0,7,6,8,0,0,0,0,1,3,2,0,49;23;21;25;27;32;36;38;48;37;41;29;34;35;48;46;29;26;43;49;48,47;47;50;45;52;33,42,764,274,42,18,18,0,0,1.0,0,0,0,0,,105,1,65.0,4652,29,9,14,9,28,45,552,2,3920
2011,LAC,REG,16,366,582,4624,27,20,30,-198,7,4,5222,1974,234,102.7422132750464,3.860048163925319,1,193,107,69,8,436,1864,16,7,4,97,-24.394581180647616,0,55,39,13,2,366,567,4624,27,4,0,5222,1974,234,165.29156394627253,1,193,107,69,8,1,625,152,240,0,0,7,32.0,187.0,54,17,260,67,1,1,0,0,10,39,4,37,1,91,753,59,15,5,2,20,8,31,264,43,1100,28,35,7,0,53.0,0.8,0,11,4,9,4,0,0,0,1,3,3,0,40;35;41;27;48;23;38;24;32;28;51;35;44;44;42;26;52;20;28;48;53;25;29;47;45;28;22;51,52;46;55;48;53;37;44,,1026,335,0,44,45,0,1,0.9777777777777776,0,0,0,0,,47,0,71.0,2234,17,5,3,2,12,25,329,0,1865
2011,LV,REG,16,315,524,4119,20,23,25,-157,3,1,5412,1610,186,38.56543467226406,2.313151952642096,0,159,90,63,14,466,2110,16,7,3,110,-14.890229116410794,0,59,43,21,4,315,519,4119,20,4,3,5412,1610,186,67.36051650999983,0,159,90,63,14,1,685,78,200,0,0,7,38.0,229.0,88,18,252,91,0,1,1,19,9,-7,8,6,1,163,1358,68,9,7,0,16,7,32,264,42,996,31,35,2,2,63.0,0.8857142857142857,1,8,5,10,6,1,0,0,0,0,2,0,37;21;63;54;49;28;26;54;55;50;42;48;48;23;29;26;40;47;42;19;37;44;46;51;28;31;36;52;43;27;32,56;59,49;65,1228,115,114,36,36,0,0,1.0,1,2,0,1,65;36,78,0,80.0,3895,27,7,10,9,8,44,593,2,3122
2011,MIA,REG,16,280,469,3425,20,13,52,-334,9,4,4589,1194,166,3.952606612573546,2.4681319696928865,0,148,76,56,7,469,1987,11,13,5,89,-38.1279880601507,0,58,39,11,1,280,465,3425,20,3,3,4589,1194,166,74.09763822846031,0,148,76,56,7,1,742,41,181,0,0,9,41.0,237.0,99,16,256,65,1,3,0,0,14,-28,3,0,0,85,779,61,17,11,2,28,12,46,526,39,942,33,39,5,1,58.0,0.8461538461538461,0,14,6,11,2,0,0,0,1,2,2,0,20;42;34;23;41;38;41;37;51;23;21;38;36;43;40;42;21;28;26;28;27;23;48;33;22;20;26;26;47;44;58;40;44,34;51;49;47;55,22,1131,236,22,32,32,0,0,1.0,0,0,0,0,,78,0,70.0,3751,32,5,9,7,10,47,463,0,3148
2011,MIN,REG,16,286,510,3255,20,17,49,-298,7,3,4503,1396,159,-73.07273827174372,-5.795373912486765,0,137,67,41,7,448,2318,18,7,1,118,31.87206425709003,0,75,57,19,5,286,506,3255,20,5,4,4503,1402,159,-3.1252985861847504,0,137,66,40,7,1,723,41,311,0,0,19,49.0,335.0,86,8,152,53,0,0,1,0,8,-10,15,44,0,109,908,62,13,7,3,20,9,33,277,53,1428,22,28,5,1,53.0,0.7857142857142857,0,7,7,6,2,0,0,0,1,3,1,0,33;22;29;33;41;49;33;26;53;37;52;46;31;40;25;39;44;49;36;23;26;26,43;38;45;52;49,48,793,227,48,38,39,1,0,0.9743589743589745,0,0,0,0,,77,0,60.0,3517,22,5,7,3,19,43,532,1,2925
2011,NE,REG,16,402,612,5257,39,12,32,-173,4,2,5011,2566,262,197.45572853604529,3.992634697964317,0,213,111,72,14,438,1764,18,3,0,107,17.949883005300588,2,39,31,5,0,402,609,5257,39,1,1,5011,2565,262,244.2718880717961,0,213,111,72,14,1,639,81,383,0,0,10,40.0,274.0,99,23,296,63,2,4,0,0,6,-8,11,1,1,87,815,60,8,5,2,13,5,38,389,46,986,28,33,5,0,50.0,0.8484848484848485,1,12,5,9,1,0,0,1,1,2,1,0,20;22;47;23;44;44;24;28;31;26;46;32;45;50;36;27;21;19;45;39;23;24;21;34;45;42;47;20,48;42;27;39;51,,925,207,0,59,59,0,0,1.0,0,0,0,0,,57,0,65.0,2648,24,2,8,3,18,26,220,0,2368
2011,NO,REG,16,475,665,5564,46,14,24,-158,0,0,5093,2472,282,224.6249039289228,7.3222843625328755,2,227,116,70,11,435,2154,17,3,3,117,1.940007774094053,0,56,43,14,0,475,660,5564,46,3,2,5093,2472,282,247.9686230519992,2,227,116,70,11,2,637,23,247,0,0,17,34.0,263.0,84,9,80,91,1,0,0,0,0,-15,7,30,2,99,851,75,5,1,1,6,5,30,306,42,1111,28,34,6,0,53.0,0.8235294117647058,0,11,10,5,2,0,0,0,0,3,3,0,30;38;31;29;53;35;38;39;21;23;46;37;33;24;23;47;21;34;52;48;44;26;39;25;29;22;29;43,53;50;49;42;40;50,,959,284,0,63,63,0,0,1.0,1,1,0,0,26,46,1,64.0,2224,13,7,6,4,10,19,118,0,2026
2011,NYG,REG,16,359,589,4933,29,16,28,-199,6,4,5770,2089,216,89.43524404839545,1.43931822956733,0,194,102,67,18,411,1427,17,6,1,84,-52.4814500461474,4,33,24,4,0,359,584,4933,29,2,2,5770,2089,216,146.6980377455188,0,194,102,67,18,0,654,169,267,0,0,13,48.0,335.0,89,20,157,86,0,3,2,0,10,-11,11,79,1,94,795,61,13,5,0,18,8,28,171,52,1209,19,24,3,2,50.0,0.7916666666666666,0,12,3,3,1,0,0,0,0,2,0,1,30;26;26;23;25;29;22;23;25;48;42;38;50;23;26;40;21;36;28,61;44;40,38;50,581,145,88,43,43,0,0,1.0,0,0,0,0,,82,0,62.0,3745,25,9,11,6,15,41,407,0,3218
2011,NYJ,REG,16,310,547,3542,26,18,40,-245,4,4,4446,1557,173,-57.729515895390705,-3.846909514179936,0,145,70,41,3,443,1692,14,8,4,92,-26.408731909272937,0,34,24,7,0,310,541,3542,26,3,2,4446,1557,173,5.7875147421728625,0,145,70,41,3,2,672,43,225,0,0,19,35.0,198.0,74,19,378,76,2,6,3,18,7,-39,12,45,1,102,849,50,15,10,2,25,16,44,426,62,1633,19,25,6,0,51.0,0.76,0,5,6,5,3,0,0,1,0,2,2,1,34;50;38;45;23;21;40;28;35;30;49;50;21;45;45;51;39;28;31,50;24;52;61;40;44,,703,271,0,44,44,0,0,1.0,0,0,0,0,,92,0,63.0,3926,32,7,16,6,31,32,241,0,3565
2011,PHI,REG,16,330,554,4276,22,25,32,-166,5,2,5379,1683,197,37.87625910387852,0.4893333188046369,0,176,101,64,10,450,2276,20,9,4,134,31.46228777685075,0,82,51,20,3,330,542,4276,22,3,3,5379,1683,197,77.2788804954178,0,176,101,64,10,0,704,51,181,0,0,10,50.0,316.0,101,15,192,67,1,4,1,13,9,5,9,137,3,107,853,73,15,8,2,23,13,30,212,39,815,24,27,3,0,51.0,0.8888888888888888,0,10,9,4,1,0,0,0,2,0,0,1,34;22;21;38;21;32;32;33;35;28;24;23;26;47;36;33;43;22;40;28;43;51;35;20,63;39;33,,767,135,0,46,46,0,0,1.0,0,0,0,0,,66,1,60.0,2830,19,2,8,9,16,31,176,0,2474
2011,PIT,REG,16,341,539,4333,21,15,42,-279,7,5,5009,1854,221,86.96203326340337,2.9786649806983423,0,181,100,60,10,434,1903,13,5,4,96,-18.28257793296322,0,49,29,9,3,341,537,4333,21,4,4,5009,1854,221,147.20766594308566,0,181,100,60,10,1,590,107,279,0,0,10,35.0,230.0,74,11,99,73,0,0,2,0,3,-10,4,18,1,101,854,52,14,2,0,16,13,33,347,35,877,23,31,7,1,51.0,0.7419354838709677,2,8,6,6,1,0,0,0,1,5,1,0,20;48;44;38;26;19;21;41;42;39;33;21;23;36;30;39;21;49;51;21;49;19;29,41;36;46;44;50;48;45,30,759,310,30,36,36,0,0,1.0,1,1,0,0,38,59,1,66.0,2683,18,2,9,6,13,29,245,0,2318
2011,SEA,REG,16,299,509,3444,15,14,50,-339,8,5,4604,1496,153,-33.85551415265206,0.0638665880509717,0,138,64,51,9,443,1756,15,8,4,89,-51.72727794476172,0,43,31,8,3,299,501,3444,15,1,0,4604,1496,153,66.4240020778189,0,138,64,51,9,1,695,58,298,0,0,13,33.0,232.0,75,22,462,89,4,3,1,17,12,-16,9,43,0,138,1047,50,12,10,1,22,9,42,464,46,1142,25,30,3,2,52.0,0.8333333333333334,2,5,9,7,2,0,0,0,1,0,1,1,39;30;52;51;43;20;47;25;45;32;22;38;39;35;30;19;36;49;42;23;48;33;19;43;26,61;51;38,41;24,886,150,65,34,34,0,0,1.0,0,1,1,0,61,95,0,77.0,4431,34,3,17,8,20,47,541,2,3730
2011,SF,REG,16,277,451,3193,18,5,44,-263,4,2,3439,1443,150,28.716202832585463,-0.626794112447117,1,135,59,41,6,498,2044,14,5,2,101,-42.01537757429591,0,56,49,16,4,277,449,3193,18,3,1,3439,1443,150,91.109262999981,1,135,59,41,6,2,657,72,172,0,0,19,42.0,283.0,95,23,284,106,1,1,1,0,7,0,15,15,0,113,1014,67,10,4,2,14,5,44,544,39,1060,44,52,5,3,55.0,0.8461538461538461,2,16,13,6,7,0,0,0,0,3,2,0,27;24;31;18;55;23;53;37;37;27;55;31;37;29;26;52;34;45;20;36;52;39;28;22;43;29;45;52;36;19;28;34;46;22;27;22;22;38;53;29;44;39;36;42,44;49;50;52;48,45;46;30,1544,243,121,34,34,0,0,1.0,0,0,0,0,,78,1,68.0,3970,28,1,11,9,17,39,315,0,3475
2011,TB,REG,16,365,588,3838,17,24,32,-188,5,3,4405,1682,180,-45.71027456812231,-1.2037927475297885,2,154,65,37,6,346,1458,9,8,5,74,-43.05197831814402,0,35,32,7,1,365,580,3838,17,6,4,4405,1698,180,-5.762557980316422,2,154,66,37,6,0,703,77,171,0,0,13,22.0,143.0,52,14,195,61,3,7,1,0,11,-34,10,20,1,123,1007,57,20,10,2,30,16,29,231,46,1024,26,28,2,0,55.0,0.9285714285714286,0,5,6,13,2,0,0,0,0,1,1,0,38;31;36;49;26;28;46;24;48;42;42;38;33;40;48;25;55;23;32;43;50;47;46;44;42;41,46;55,,1017,101,0,23,23,0,0,1.0,0,0,0,0,,67,0,65.0,3023,24,5,9,3,14,36,266,0,2697
2011,TEN,REG,16,353,584,4113,22,14,24,-190,4,1,4715,1896,185,17.077918959149528,-1.7433866392821074,0,156,84,51,14,376,1438,8,5,3,71,-44.56148598527014,0,40,33,14,1,353,581,4113,22,5,4,4715,1897,185,45.97912903023199,0,156,84,51,14,3,751,29,243,0,0,15,28.0,180.0,64,11,179,76,1,1,0,3,8,0,12,2,0,104,960,51,13,4,1,17,8,47,490,32,832,29,32,3,0,53.0,0.90625,0,5,9,9,6,0,0,0,1,1,0,1,25;43;39;33;46;39;29;51;50;43;38;36;49;46;31;52;38;48;27;44;43;53;21;51;51;35;21;43;33,66;34;42,,1158,142,0,34,34,0,0,1.0,0,0,0,0,,86,0,64.0,3747,31,10,10,7,23,36,221,0,3386
2011,WAS,REG,16,346,591,4058,19,24,41,-285,9,6,5270,1732,204,-32.19184951037814,-1.2772895703525018,1,174,98,57,7,399,1592,8,4,1,78,-24.62717112528783,0,39,29,9,0,346,581,4058,19,4,4,5270,1732,204,42.23688728608404,1,174,98,57,7,0,592,106,384,0,0,17,41.0,251.0,81,13,127,78,1,5,0,7,13,-17,8,12,0,91,897,70,16,9,1,25,11,37,328,56,1239,31,41,5,5,59.0,0.7560975609756098,0,14,5,8,4,0,0,0,1,2,2,0,26;23;34;46;27;50;38;50;26;31;49;59;26;47;23;40;25;33;23;46;43;24;25;36;43;25;26;53;25;47;27,39;50;49;49;52,30;36;49;23;36,1096,239,174,25,26,0,1,0.9615384615384616,0,0,0,0,,66,0,63.0,2799,28,3,9,1,21,32,250,0,2529
2012,ARI,REG,16,337,608,3383,11,21,58,-378,8,6,4862,1363,168,-187.4283778195968,-8.500307359971291,0,135,62,36,3,352,1204,10,6,3,58,-75.3151613585965,0,31,22,9,3,337,605,3383,11,2,1,4862,1363,168,-81.37890261318896,0,135,62,36,3,1,729,42,204,68,320,13,38.0,228.0,85,22,306,78,2,7,0,82,9,0,11,155,1,102,857,59,17,8,2,25,13,54,441,40,930,25,28,2,1,61.0,0.8928571428571429,0,6,9,8,1,1,0,0,0,2,0,0,21;31;38;47;47;27;46;35;49;49;61;28;20;48;28;38;27;32;48;35;51;49;35;35;31,40;47,38,956,87,38,25,25,0,0,1.0,1,1,0,0,46,112,0,70.0,5209,46,7,13,8,36,48,415,0,4634
2012,ATL,REG,16,422,615,4719,32,14,28,-210,2,1,5004,2065,246,140.8080071679022,5.65888093876057,0,190,82,46,10,378,1397,12,4,2,70,-58.83130543394616,0,35,26,7,2,422,611,4719,32,3,1,5004,2061,246,181.45064385944244,0,190,82,46,10,0,701,24,196,70,245,15,29.0,182.0,70,20,246,82,1,0,0,0,3,-2,11,69,1,55,415,40,8,1,2,9,4,26,205,27,640,33,38,5,0,55.0,0.868421052631579,1,8,10,10,4,0,0,1,1,3,0,0,34;21;30;41;37;42;41;33;40;53;41;20;55;43;29;30;45;46;36;32;37;20;51;28;48;31;45;29;55;38;19;20;28,43;37;43;22;48,,1198,193,0,44,44,0,0,1.0,2,2,0,0,40;55,60,2,63.0,2847,22,3,4,4,23,26,241,0,2526
2012,BAL,REG,16,334,560,3996,22,11,38,-257,5,3,5498,1624,182,10.243736701065696,-0.1663128624288298,1,151,87,62,12,444,1901,17,4,1,98,-12.47174447836801,0,48,35,10,3,334,556,3996,22,0,0,5498,1624,182,73.909342813887,1,151,87,62,12,3,676,147,305,80,355,10,37.0,250.0,87,13,196,86,2,2,0,0,8,2,12,45,0,121,1127,56,9,5,1,14,5,43,404,60,1636,30,33,3,0,56.0,0.9090909090909092,0,8,8,10,4,0,0,0,0,3,0,0,46;40;39;56;51;48;27;45;28;26;39;38;51;54;43;48;34;26;39;43;38;38;45;23;45;23;21;30;29;49,47;41;45,,1162,133,0,42,42,0,0,1.0,2,2,0,0,27;38,83,0,60.0,3911,28,8,6,7,13,49,383,0,3388
2012,BUF,REG,16,309,511,3430,24,17,30,-161,8,6,3972,1805,176,4.373920605321221,-1.6919334622169524,0,141,68,44,7,442,2217,12,7,6,103,-6.737750880071822,0,61,48,15,5,309,509,3430,24,7,4,3972,1805,176,47.06179228329404,0,141,68,44,7,3,649,120,288,60,227,21,36.0,196.0,66,12,178,79,1,1,1,0,6,-15,9,8,0,104,871,61,19,4,0,23,17,26,445,42,1136,21,24,3,0,50.0,0.875,1,3,10,6,1,0,0,0,1,1,1,0,37;31;25;31;42;22;38;39;41;32;34;42;19;33;31;29;50;35;40;41;42,37;50;46,,734,133,0,39,39,0,0,1.0,1,1,0,0,25,80,0,66.0,3542,25,21,7,3,14,35,517,2,2965
2012,CAR,REG,16,284,490,3927,19,12,36,-244,5,1,4562,1746,171,55.306715150574824,-1.368484377246542,0,165,97,58,11,462,2088,21,8,4,123,1.575585064058477,0,62,45,17,4,284,485,3927,19,3,0,4562,1744,171,103.41600935514349,0,164,97,58,11,0,676,23,361,63,283,17,39.0,284.0,68,11,181,64,3,4,1,0,10,-8,12,11,1,98,835,64,17,5,2,22,10,27,276,39,867,16,21,4,1,51.0,0.7619047619047619,0,5,6,4,1,0,0,0,0,3,1,0,21;32;34;31;22;43;45;23;24;41;31;33;51;20;31;42,43;40;48;54,50,524,185,50,43,44,1,0,0.9772727272727272,0,0,0,0,,76,1,63.0,3267,20,4,8,7,20,37,318,1,2809
2012,CHI,REG,16,287,485,3298,21,16,44,-299,9,4,4830,1231,163,-35.6592117286879,-0.6893730452976936,0,148,64,39,6,470,1970,11,4,2,99,-25.12509232166836,1,54,39,11,2,287,484,3298,21,3,1,4830,1231,163,27.11309418050025,0,148,64,39,6,1,693,16,224,77,299,26,41.0,289.0,66,24,488,96,8,3,0,5,12,-6,20,26,1,102,811,59,15,5,0,20,8,44,333,47,929,27,33,3,3,54.0,0.8181818181818182,0,9,8,8,2,0,0,0,1,2,0,0,35;26;45;54;22;37;43;21;32;31;39;21;41;40;25;22;51;24;47;46;46;34;34;33;40;28;20,33;48;43,47;39;20,937,124,106,40,40,0,0,1.0,1,1,0,0,41,81,0,64.0,3399,34,7,18,6,25,25,84,0,3195
2012,CIN,REG,16,335,540,3807,28,16,46,-229,4,4,4681,1695,173,2.5077894817475643,1.273229453423974,0,149,73,39,14,430,1745,11,4,2,95,-6.054161512748819,0,35,27,13,3,335,529,3807,28,6,3,4681,1695,173,69.40625671524994,0,149,73,39,14,1,646,51,389,80,388,16,50.0,351.0,93,14,164,74,2,2,0,3,8,-11,16,53,1,99,857,58,14,5,1,19,10,47,488,41,928,30,35,5,0,55.0,0.8571428571428571,2,8,9,9,2,0,0,0,0,3,2,0,34;19;39;37;47;35;35;42;24;44;48;28;49;41;28;55;20;19;24;25;33;25;52;24;32;41;43;47;32;38,41;46;50;48;56,,1060,241,0,43,43,0,0,1.0,1,1,0,0,43,76,0,69.0,3540,33,9,19,7,14,27,210,0,3190
2012,CLE,REG,16,328,566,3668,16,18,36,-233,4,2,4258,1860,185,-39.57353750670795,-4.227224615438977,0,156,74,50,6,396,1593,12,7,0,71,-15.115092206431164,0,34,30,7,0,328,562,3668,16,4,3,4258,1900,185,8.913291385912963,0,155,73,50,6,1,708,59,321,58,279,16,37.0,231.0,68,17,230,81,2,4,0,0,13,-21,12,39,0,113,1005,60,14,8,1,22,8,41,606,50,1269,29,31,1,1,53.0,0.935483870967742,0,8,8,6,7,0,0,0,1,0,0,0,43;42;22;50;25;51;50;52;32;41;41;38;32;28;29;33;41;51;37;28;32;41;35;23;24;34;27;53;51,39,28,1086,39,28,29,29,0,0,1.0,0,0,0,0,,90,0,58.0,3766,29,14,12,4,26,34,343,1,3343
2012,DAL,REG,16,434,658,4992,29,19,36,-263,3,3,5782,1976,237,91.26918574397078,2.9930833853208103,2,201,89,55,9,355,1265,8,6,3,76,-35.173447437433,1,26,19,6,1,434,650,4992,29,4,2,5782,1976,237,147.11181667692907,2,201,89,55,9,1,634,53,347,55,224,14,34.0,211.0,77,7,147,54,1,3,0,0,10,-12,9,56,2,117,853,71,12,8,0,20,10,34,420,36,741,29,31,2,0,51.0,0.935483870967742,1,5,13,7,3,0,0,0,0,0,2,0,33;32;26;22;39;42;43;34;19;49;28;38;51;23;32;30;44;32;38;30;33;51;39;37;40;50;21;47;48,51;54,,1051,105,0,37,37,0,0,1.0,3,4,1,0,51;38;40;21,68,1,63.0,2975,28,13,8,3,15,29,279,1,2636
2012,DEN,REG,16,402,588,4671,37,11,21,-137,2,2,4885,1875,232,160.1070379526045,7.1339949073954525,1,191,97,64,7,481,1832,12,8,6,112,-59.95730667829237,0,47,35,7,0,402,584,4671,37,3,3,4885,1885,232,187.88701700335784,1,191,96,63,7,2,667,32,254,82,416,19,52.0,364.0,97,16,347,75,5,5,2,0,6,0,8,77,1,100,805,45,15,7,2,22,14,48,445,28,646,26,32,6,0,53.0,0.8125,1,7,10,5,3,0,0,0,1,4,1,0,26;32;23;53;21;43;53;33;33;43;53;27;19;30;32;34;31;43;34;20;33;27;36;27;41;42,43;55;47;33;47;45,,889,270,0,55,55,0,0,1.0,0,0,0,0,,67,0,67.0,3105,27,3,10,4,17,33,203,0,2822
2012,DET,REG,16,445,740,5139,22,17,29,-212,3,3,6458,2095,272,47.23769929214753,-2.0913702474065023,1,216,109,67,10,391,1613,17,7,5,84,-31.723544331027128,0,37,26,4,1,445,730,5139,22,7,5,6458,2095,272,85.3332245250889,1,216,109,67,10,0,698,45,239,87,378,11,33.0,230.0,100,11,135,61,0,6,1,0,5,-7,6,0,0,103,944,80,14,10,3,24,16,35,302,34,681,32,36,4,0,53.0,0.8888888888888888,1,3,10,16,2,0,0,0,0,3,1,0,41;45;38;41;40;48;47;53;33;26;40;31;46;34;19;45;42;41;30;27;46;48;33;52;31;46;34;41;34;38;20;44,40;47;47;51,,1234,185,0,38,38,0,0,1.0,1,1,0,0,45,76,0,58.0,3149,24,8,8,1,26,33,328,2,2801
2012,GB,REG,16,374,558,4342,40,8,51,-293,5,4,4516,2084,213,116.56832753733713,5.67913674749434,1,173,83,55,9,433,1702,9,4,2,85,-35.536106004274004,0,37,25,8,1,374,544,4342,40,2,1,4516,2086,213,199.39618642452336,1,173,83,55,9,2,627,87,295,69,352,8,46.0,296.0,86,18,246,92,1,4,0,0,8,-6,5,46,1,103,923,58,11,5,0,16,8,36,395,43,1074,21,33,12,0,54.0,0.6363636363636364,0,5,5,9,2,0,0,0,2,3,7,0,48;35;54;29;40;47;23;48;25;33;39;28;30;47;31;49;41;26;48;51;40,52;51;58;32;44;50;38;55;53;51;43;42,,812,569,0,50,50,0,0,1.0,0,0,0,0,,70,1,65.0,3043,30,7,8,5,26,24,179,0,2764
2012,HOU,REG,16,354,554,4046,22,13,28,-216,4,1,4415,1787,205,79.60567342002831,0.0326434282657227,0,171,76,46,8,508,2123,19,5,3,114,-25.61289072735692,0,58,40,15,2,354,549,4046,22,0,0,4415,1787,205,129.46014235553736,0,171,76,46,8,2,679,41,231,84,338,17,44.0,269.0,110,15,333,116,3,2,1,8,7,-2,14,40,0,108,873,58,9,3,1,12,4,38,414,44,953,31,38,6,1,51.0,0.8157894736842105,1,8,11,7,4,0,0,0,0,1,5,0,35;40;19;31;37;41;33;27;42;22;51;33;29;20;42;42;27;25;45;32;50;29;35;27;46;33;51;33;51;37;37,52;50;47;51;50;52,46,1102,302,46,45,45,0,0,1.0,1,1,0,0,32,88,0,66.0,4150,28,10,10,5,15,48,483,1,3567
2012,IND,REG,16,339,628,4374,23,18,41,-246,9,5,6383,1656,208,12.27567650863565,-4.395021083478403,0,188,99,65,11,440,1671,11,5,1,110,-10.124964817933249,1,45,30,5,0,339,618,4374,23,4,1,6383,1656,208,84.19262240355509,0,188,99,65,11,2,684,4,272,64,281,6,32.0,189.0,68,12,155,65,4,1,0,0,10,-3,3,4,0,94,801,59,20,1,2,21,9,28,312,43,957,26,33,5,2,53.0,0.7878787878787878,1,8,4,9,4,0,0,0,2,1,2,0,26;45;53;37;24;50;28;20;50;47;38;20;44;23;47;43;31;41;47;25;19;53;40;26;48;36,37;36;53;48;58,37;54,961,232,91,37,37,0,0,1.0,1,1,0,0,53,73,1,64.0,3520,26,10,9,8,14,32,375,1,2985
2012,JAX,REG,16,328,586,3746,20,17,50,-327,5,3,4996,1544,157,-83.31731202893306,-5.0717028872720125,2,132,73,48,8,358,1369,5,7,3,76,-39.20757249405936,1,31,21,6,1,328,580,3746,20,3,2,4996,1544,157,-5.571551482602738,2,132,73,48,8,1,808,32,202,51,180,12,20.0,128.0,62,12,122,59,0,4,0,57,9,-2,11,0,0,101,955,57,12,8,2,20,9,34,248,53,1114,25,28,3,0,50.0,0.8928571428571429,1,4,8,11,1,0,0,0,0,2,1,0,19;26;47;44;47;26;21;31;50;40;45;38;22;32;40;43;40;33;41;36;31;37;41;35;42,44;55;43,,907,142,0,18,19,0,1,0.9473684210526316,0,0,0,0,,91,1,73.0,4353,31,6,11,5,29,40,495,2,3758
2012,KC,REG,16,273,475,2937,8,20,40,-224,7,4,3919,1261,144,-118.06390441029276,-3.033476306900958,0,134,55,36,3,500,2395,9,11,9,118,-24.963966415634467,0,64,47,13,5,273,466,2937,8,2,2,3919,1261,144,-57.926436358791534,0,134,55,36,3,0,714,34,144,71,260,14,27.0,161.0,51,7,119,65,0,4,1,0,8,-12,6,80,1,92,733,67,16,10,1,26,17,43,381,49,1059,28,34,6,0,52.0,0.8235294117647058,0,4,12,10,2,0,0,1,3,2,0,0,39;33;25;45;34;38;43;31;30;31;38;30;42;52;49;41;22;46;34;33;34;22;49;42;52;47;47;23,40;39;33;27;43;33,,1052,215,0,17,17,0,0,1.0,1,1,0,0,31,83,0,71.0,3887,45,8,19,7,22,27,362,2,3385
2012,LA,REG,16,332,557,3783,22,14,35,-233,5,1,4584,1540,189,7.723592415377346,-1.9252446539905093,4,149,69,43,8,410,1714,5,5,2,79,-34.31552880813452,1,46,33,10,3,332,545,3783,22,5,2,4584,1540,189,64.74934341676591,4,149,68,43,8,0,779,31,183,91,382,12,51.0,318.0,89,17,382,63,4,4,1,0,12,-1,4,6,1,130,978,59,16,8,4,24,8,37,245,38,799,23,31,8,0,60.0,0.7419354838709677,1,4,4,7,6,1,0,0,2,0,5,1,48;29;46;39;33;42;56;46;58;48;60;24;53;48;32;50;43;27;19;53;54;39;25,52;37;66;58;35;58;57;51,,972,414,0,26,26,0,0,1.0,1,1,0,0,54,82,0,68.0,3756,22,19,6,4,12,41,402,0,3274
2012,LAC,REG,16,338,528,3606,26,15,49,-311,13,7,3961,1796,184,-2.8154090489922505,2.740910782916272,0,157,62,41,3,411,1461,4,5,2,81,-54.84451319705807,0,33,20,4,1,338,513,3606,26,2,1,3961,1796,184,95.87271282837214,0,157,62,41,3,2,633,155,261,61,303,18,38.0,244.0,73,14,336,72,5,4,1,0,11,-3,14,1,2,103,796,51,20,4,2,24,11,33,320,40,957,25,27,2,0,51.0,0.925925925925926,2,8,6,7,2,0,0,0,0,0,2,0,23;28;19;41;45;26;41;24;47;45;20;32;43;31;25;34;47;30;20;19;51;39;51;27;30,55;54,,838,109,0,39,39,0,0,1.0,0,0,0,0,,81,3,66.0,3914,30,5,14,7,15,40,362,0,3412
2012,LV,REG,16,376,629,4292,24,16,27,-208,5,4,5300,2027,200,6.752594091834756,-1.380830745284374,2,175,83,52,10,376,1420,4,4,2,72,-75.07913322164396,0,29,24,8,3,376,624,4292,24,6,2,5300,2027,200,56.2314788723232,2,175,83,52,10,0,664,70,264,70,297,9,25.0,185.0,85,11,91,55,0,4,0,34,11,-53,8,4,0,108,939,60,12,10,1,22,10,34,173,42,935,31,34,3,0,57.0,0.9117647058823528,1,9,10,5,6,0,0,0,0,0,1,2,51;19;25;27;32;43;38;24;52;22;21;33;31;40;36;35;29;32;29;32;47;40;55;51;20;50;57;30;41;21;31,64;61;51,,1094,176,0,25,25,0,0,1.0,2,2,0,0,43;40,81,1,68.0,3826,21,4,7,9,16,45,450,0,3196
2012,MIA,REG,16,293,504,3425,13,13,37,-243,5,3,4341,1271,158,-19.38581880915974,-3.0104271694271265,2,147,69,42,3,440,1802,15,13,6,93,-31.6828702192913,0,42,33,13,2,293,500,3425,13,4,2,4341,1271,158,28.55430905696247,2,147,69,42,3,3,731,44,228,75,292,15,42.0,242.0,96,10,99,66,0,2,0,0,9,-8,6,21,0,82,724,57,19,6,3,25,13,31,346,40,1082,23,30,6,1,53.0,0.7666666666666667,0,3,9,9,2,0,0,0,0,3,3,0,39;21;41;32;27;46;42;33;39;42;37;31;40;43;44;33;42;28;53;53;30;31;45,47;48;51;53;50;41,46,872,290,46,29,29,0,0,1.0,1,1,0,0,43,76,0,67.0,3779,30,6,6,10,11,43,484,1,3095
2012,MIN,REG,16,300,483,2935,18,12,32,-184,5,4,3344,1610,163,-8.861507988147062,-2.3840600146381243,1,125,53,28,3,486,2634,16,9,6,113,7.172387415294745,1,74,61,33,8,300,479,2935,18,3,1,3344,1610,163,49.0557565472604,1,125,53,28,3,2,733,35,279,74,357,16,44.0,284.0,88,10,224,76,3,1,0,0,8,-12,12,3,0,90,830,49,13,8,2,21,11,32,287,44,1171,35,38,2,1,56.0,0.9210526315789472,0,10,8,7,10,0,0,0,0,2,0,0,20;42;55;38;51;29;52;49;27;42;36;26;20;27;27;37;51;36;55;48;23;23;33;40;50;38;42;53;51;56;41;39;54;37;29,46;42,30,1377,88,30,36,36,0,0,1.0,1,1,0,0,29,72,0,59.0,3180,18,4,13,2,12,41,341,0,2799
2012,NE,REG,16,402,641,4844,34,9,27,-182,1,0,5531,2237,256,186.62781792475596,1.478768654802244,0,201,90,57,8,523,2184,25,6,3,151,23.26362984633556,0,60,45,11,2,402,634,4844,34,5,3,5531,2237,256,222.594357483514,0,201,90,57,8,2,667,20,318,71,301,30,37.0,213.0,71,20,371,78,2,1,1,0,4,-3,21,82,4,97,840,52,12,2,3,14,7,42,506,38,807,29,35,6,0,53.0,0.8285714285714286,0,8,10,9,2,0,0,0,2,4,0,0,25;31;46;34;51;53;37;49;20;30;23;25;35;35;43;48;26;43;48;27;31;43;32;20;32;41;25;49;38,42;49;42;36;39;49,,1040,257,0,66,66,0,0,1.0,0,1,1,0,42,60,1,62.0,2585,28,1,11,6,19,23,154,0,2311
2012,NO,REG,16,423,671,5187,43,19,26,-190,4,1,5473,2163,267,116.15252937814172,1.0423878313020896,0,212,106,66,13,370,1577,10,0,0,64,-10.774227067489132,1,32,24,11,3,423,655,5187,43,7,3,5473,2163,267,164.9578628522828,0,212,106,66,13,1,696,24,328,58,246,11,30.0,194.0,81,15,369,90,4,0,0,4,6,1,11,1,0,104,911,54,13,0,3,13,5,25,190,51,1266,18,22,4,0,53.0,0.8181818181818182,0,9,4,2,3,0,0,0,2,1,1,0,21;22;53;40;20;27;26;31;47;21;52;32;25;25;36;37;20;53,38;48;52;36,,588,174,0,57,57,0,0,1.0,1,2,1,0,48;20,74,0,70.0,3707,20,15,10,6,12,31,391,0,3196
2012,NYG,REG,16,323,539,3967,26,15,20,-142,4,1,5132,1406,187,56.602434252741816,0.7544138709480843,0,156,73,50,10,409,1862,18,6,5,103,-1.211378923165038,1,60,40,13,2,323,535,3967,26,0,0,5132,1406,187,94.24965838861333,0,156,73,50,10,1,637,188,308,63,287,16,33.0,231.0,64,21,496,67,1,1,0,0,7,1,14,105,1,72,578,60,8,5,0,13,6,20,144,63,1648,33,39,5,1,50.0,0.8461538461538461,0,11,14,7,1,0,0,0,2,1,2,0,22;37;24;36;24;47;49;30;36;27;25;29;40;34;30;22;32;27;39;41;37;26;43;37;50;23;23;31;43;39;40;35;39,54;51;43;36;30,40,1117,214,40,46,46,0,0,1.0,0,1,1,0,54,58,0,68.0,2757,22,4,5,6,5,38,353,0,2284
2012,NYJ,REG,16,272,493,3178,14,19,47,-287,9,7,4398,1124,162,-81.02455784186743,-5.24488993477626,0,135,65,40,6,494,1896,12,9,3,102,-24.26153268785274,0,44,29,5,1,272,488,3178,14,7,5,4398,1124,162,-12.911807866150705,0,135,65,40,6,2,677,24,278,67,235,14,30.0,170.0,67,11,117,58,2,3,1,0,13,-14,12,82,1,83,708,53,22,10,1,32,18,23,238,50,1308,21,27,3,3,54.0,0.7777777777777778,0,7,6,5,3,0,0,0,0,2,1,0,25;39;38;33;20;33;21;54;21;43;43;38;51;51;32;44;22;40;47;23;28,44;46;52,35;26;30,746,142,91,30,30,0,0,1.0,1,1,0,0,33,84,2,61.0,3848,27,11,10,8,24,31,375,1,3313
2012,PHI,REG,16,367,618,4075,18,15,48,-284,9,4,5281,1830,190,-20.899679115339595,0.3061646352643552,0,173,87,51,6,413,1874,10,18,10,111,-54.928963135008715,0,59,41,14,2,367,598,4075,18,4,3,5281,1815,190,67.44381257835853,0,173,87,51,6,1,708,54,190,75,312,13,30.0,198.0,64,8,31,72,0,2,0,0,13,-59,5,4,0,98,813,69,25,12,2,37,22,30,310,60,1259,27,31,4,0,49.0,0.8709677419354839,0,8,8,11,0,0,0,1,1,1,1,0,42;23;36;40;20;48;35;26;26;32;49;33;22;37;40;41;42;36;41;45;43;43;28;22;20;38;30,45;58;31;28,,938,162,0,25,26,1,0,0.9615384615384616,0,0,0,0,,71,1,66.0,3336,15,5,4,7,15,40,542,1,2654
2012,PIT,REG,16,354,574,4012,27,14,37,-225,3,2,4949,1846,202,57.330357509328806,0.7351596603173346,1,175,78,49,7,412,1537,8,8,6,80,-56.85732399774909,0,45,32,8,0,354,563,4012,27,10,5,4949,1843,202,113.39549548053424,1,174,78,49,7,0,578,107,283,57,237,15,37.0,196.0,76,10,127,80,1,4,0,0,13,-14,10,25,0,92,938,66,20,13,4,33,16,41,300,43,1086,28,31,3,0,52.0,0.9032258064516128,0,7,8,12,1,0,0,1,0,0,2,0,21;35;45;45;33;20;34;34;29;28;52;42;47;42;48;27;30;35;31;23;22;46;41;42;49;32;40;41,54;24;53,,1014,131,0,34,34,0,0,1.0,3,3,0,0,34;23;42,78,1,79.0,3400,27,9,13,6,20,30,306,1,2974
2012,SEA,REG,16,259,405,3234,27,10,33,-203,4,2,4064,1271,153,90.68779950592554,5.3404626431898095,0,131,69,45,11,536,2579,16,7,3,129,6.888025349702138,0,75,52,14,2,259,401,3234,27,2,1,4064,1271,153,137.11981735442544,0,131,68,45,11,3,595,48,310,54,251,18,36.0,247.0,80,18,255,78,2,1,0,93,7,-19,13,49,1,110,890,46,11,5,1,16,8,42,355,29,787,24,27,2,1,52.0,0.8888888888888888,1,7,10,5,1,0,0,0,0,0,1,1,27;47;39;21;25;31;30;22;36;44;34;52;35;23;40;31;31;28;32;19;33;23;43;49,51;61,50,795,112,50,46,48,0,2,0.9583333333333334,0,0,0,0,,65,0,73.0,2963,30,9,7,3,17,29,252,0,2651
2012,SF,REG,16,289,436,3551,23,8,41,-253,3,1,3814,1480,172,85.14923191442426,4.861385822987612,0,145,73,54,8,492,2491,17,11,3,128,18.83688215086424,0,81,53,17,2,289,431,3551,23,5,2,3814,1480,172,138.61541568589442,0,145,73,54,8,0,670,71,233,64,295,15,38.0,270.0,70,14,216,76,2,3,1,0,15,-9,11,145,2,109,960,78,14,12,3,26,8,36,378,49,1216,29,42,10,3,63.0,0.6904761904761905,1,8,11,7,1,1,0,0,1,5,4,0,40;43;63;36;48;29;29;36;40;19;42;38;28;43;33;32;37;32;27;23;33;30;37;20;28;33;54;43;26,55;40;43;52;41;50;51;39;44;40,43;33;21,1022,455,97,44,44,0,0,1.0,0,0,0,0,,67,0,66.0,3226,36,2,7,4,18,36,249,1,2897
2012,TB,REG,16,311,566,4144,27,17,26,-161,8,1,5680,1656,188,25.185199657442,-3.9911051662322232,1,158,87,57,16,416,1837,13,3,2,89,-5.257732940363339,0,51,34,12,5,311,559,4144,27,0,0,5680,1656,188,77.50819895834285,1,158,87,57,16,1,683,83,199,95,366,11,27.0,193.0,62,18,419,82,3,3,0,30,9,-12,8,5,0,101,819,57,12,4,1,16,6,36,324,31,630,28,33,4,1,57.0,0.8484848484848485,0,7,3,12,6,0,0,0,0,1,3,0,36;20;40;45;52;28;50;57;47;27;28;40;38;40;45;51;40;22;42;48;31;50;55;29;49;48;22;42,55;42;54;56,35,1122,207,35,39,39,0,0,1.0,0,0,0,0,,76,1,64.0,3440,22,8,6,6,16,40,440,0,2880
2012,TEN,REG,16,318,540,3577,17,16,39,-254,4,3,4783,1398,166,-38.109125260928536,-2.68317839231349,1,138,76,42,7,378,1687,10,6,5,70,-36.89541017341222,0,45,34,13,3,318,537,3577,17,8,4,4783,1392,166,15.076883354415088,1,138,76,42,7,4,712,67,331,78,293,13,39.0,241.0,88,19,358,69,4,2,1,42,6,-6,5,78,1,106,847,47,18,3,3,21,12,31,475,63,1489,25,31,5,1,53.0,0.8064516129032258,0,6,13,5,1,0,0,0,0,4,1,0,28;24;23;31;38;26;22;38;47;40;39;30;39;37;38;53;38;40;39;33;37;40;31;25;48,41;48;45;42;57,46,884,233,46,35,35,0,0,1.0,1,1,0,0,40,81,2,71.0,3855,30,13,9,5,15,39,405,0,3350
2012,WAS,REG,16,291,442,3666,24,8,33,-244,4,0,3805,1643,171,95.68658884045637,4.328207867348798,0,149,84,53,8,519,2709,22,13,5,144,37.64095072229831,1,88,62,16,2,291,434,3666,24,4,1,3805,1643,171,151.0065303797791,0,149,84,53,8,0,586,109,369,49,241,12,31.0,202.0,77,21,257,93,3,4,0,0,17,-2,9,60,3,115,970,68,17,9,3,26,6,36,335,38,892,24,30,6,0,50.0,0.8,0,4,5,14,1,0,0,0,3,1,1,1,37;41;37;45;36;41;23;50;20;43;45;48;45;47;25;25;48;33;48;49;34;44;45;42,62;41;57;31;31;37,,951,259,0,50,51,0,1,0.9803921568627452,2,2,0,0,41;34,68,2,61.0,2984,22,3,4,3,19,39,320,0,2604
2013,ARI,REG,16,363,574,4291,24,22,41,-289,6,3,5284,1756,205,10.817030994019255,3.805094490696103,0,175,88,49,9,422,1540,12,7,4,84,-48.296146123687286,1,42,29,10,1,363,562,4291,24,3,2,5284,1756,205,74.71127118970293,0,175,88,49,9,0,758,28,128,87,426,11,47.0,337.0,115,20,251,102,4,4,2,18,10,9,10,48,1,97,744,52,18,4,3,22,9,34,198,27,540,30,36,5,1,52.0,0.8333333333333334,0,9,7,11,3,0,0,1,1,1,2,0,30;47;23;43;33;42;27;42;50;49;52;22;39;38;35;21;21;32;48;50;21;25;25;47;41;39;46;26;49;43,50;50;25;37;43,28,1106,205,28,37,37,0,0,1.0,1,1,0,0,41,78,0,60.0,3566,35,3,13,6,20,36,321,0,3125
2013,ATL,REG,16,445,659,4541,26,17,44,-298,3,3,4468,2138,227,38.28415113903888,2.843117277011459,1,181,73,44,9,321,1247,11,1,1,64,-23.908715022571908,0,27,19,6,2,445,649,4541,26,8,5,4468,2138,227,103.05227062275677,1,181,73,44,9,0,652,47,323,58,256,13,32.0,231.0,59,10,176,58,2,3,0,0,4,0,11,64,1,91,788,52,13,4,2,17,11,30,250,27,659,24,27,3,0,53.0,0.8888888888888888,0,9,7,5,3,0,0,0,1,0,2,0,23;38;52;20;33;23;45;25;23;24;30;28;53;46;49;39;24;49;36;20;51;35;42;37,35;52;52,,845,139,0,39,39,0,0,1.0,1,1,0,0,36,68,2,63.0,3166,26,1,9,2,23,33,251,0,2875
2013,BAL,REG,16,363,619,3914,19,23,48,-324,8,2,5781,1754,189,-43.78032331970722,-1.5709785711123545,2,148,70,45,14,423,1328,7,2,2,68,-87.0824772733226,1,32,22,5,1,363,614,3914,19,1,0,5781,1751,189,29.95999611898242,2,147,70,45,14,2,639,42,370,75,331,14,40.0,257.0,84,16,160,98,1,1,0,0,9,-20,7,7,0,112,942,62,11,4,0,15,6,43,609,44,1163,38,41,3,0,61.0,0.926829268292683,0,10,12,10,5,1,0,0,1,1,1,0,25;30;28;45;43;35;24;42;50;25;44;23;46;38;32;51;36;46;52;21;30;26;33;53;43;34;38;45;48;29;24;32;49;53;61;38;22;34,50;44;37,,1428,131,0,26,26,0,0,1.0,1,1,0,0,46,90,1,69.0,4138,27,12,9,9,14,46,419,0,3539
2013,BUF,REG,16,299,522,3373,16,15,48,-270,7,4,4506,1508,149,-69.31410797939093,-3.709893339171805,2,133,66,46,9,546,2307,15,12,3,113,-8.89458906278338,0,56,40,11,5,299,519,3373,16,5,4,4506,1508,149,-7.424145926313596,2,133,66,46,9,0,604,189,377,85,452,12,57.0,395.0,99,23,289,91,2,7,0,0,17,-10,6,88,1,110,952,46,22,10,3,32,12,39,243,23,469,33,36,3,0,55.0,0.9166666666666666,0,13,6,10,4,0,0,0,0,1,2,0,55;20;48;37;23;43;26;27;27;22;52;51;39;20;31;37;26;30;20;40;42;43;29;40;46;42;40;45;21;22;26;51;37,42;50;54,,1158,146,0,32,32,0,0,1.0,1,1,0,0,31,96,0,66.0,4124,26,14,6,9,22,45,477,1,3467
2013,CAR,REG,16,292,473,3379,24,13,43,-336,1,1,4238,1613,169,33.1253804500164,0.8516172046834958,0,153,65,33,7,483,2026,14,4,1,122,7.889188811818807,0,54,40,10,2,292,467,3379,24,3,1,4238,1613,169,104.5838979486606,0,153,65,33,7,0,643,35,293,90,480,11,59.0,409.0,105,20,234,67,4,3,0,0,5,-8,10,-3,0,80,671,51,6,6,1,12,6,30,316,28,612,24,27,2,1,55.0,0.8888888888888888,0,9,4,5,6,0,0,0,0,2,0,0,27;25;39;53;22;51;37;31;50;29;55;20;53;43;52;46;23;22;45;24;35;22;40;40,48;49,35,884,97,35,42,42,0,0,1.0,0,0,0,0,,70,0,72.0,3344,25,6,10,5,13,36,335,0,2909
2013,CHI,REG,16,373,579,4450,32,13,30,-169,6,4,5030,1763,215,97.99728023332878,4.830148285418226,4,188,79,53,11,404,1828,13,4,2,102,-6.600688001320368,1,58,42,13,5,373,570,4450,32,5,3,5030,1763,215,152.61204303211298,4,188,79,53,11,1,712,27,227,64,276,19,31.0,189.0,48,19,428,62,5,1,0,0,11,-10,9,42,1,85,708,68,18,3,0,21,10,18,256,70,1614,26,29,3,0,58.0,0.896551724137931,0,11,6,6,3,0,0,0,1,1,0,1,58;20;47;32;34;28;25;27;40;52;47;49;24;27;25;32;20;46;38;30;40;27;34;23;23;50,34;66;47,,898,147,0,45,46,0,1,0.9782608695652174,1,1,0,0,38,68,1,65.0,2763,27,11,15,2,25,15,111,0,2612
2013,CIN,REG,16,364,587,4318,33,20,29,-182,3,3,5023,2080,205,68.73937487701512,1.139790119810237,0,171,90,57,15,481,1755,14,7,3,101,-29.80710017068133,0,36,22,5,0,364,576,4318,33,6,4,5023,2080,205,112.11216771153966,0,171,90,57,15,1,655,51,333,57,270,13,43.0,279.0,105,20,200,96,4,3,0,40,9,38,11,110,2,102,1000,60,15,5,1,20,10,47,424,39,980,18,22,4,0,54.0,0.8181818181818182,0,2,6,7,3,0,0,0,1,2,1,0,41;25;25;43;39;50;46;43;48;54;31;54;32;41;38;46;39;38,52;34;47;42,,733,175,0,52,53,0,1,0.981132075471698,2,2,0,0,43;54,75,0,75.0,3330,27,14,8,4,22,27,254,1,2996
2013,CLE,REG,16,379,681,4372,26,20,49,-325,9,4,5651,1991,200,-62.815684053827965,-3.8274789671726825,1,171,85,52,14,348,1383,4,2,2,77,-13.795837566017385,0,32,20,9,2,379,670,4372,26,2,1,5651,1975,200,22.40401421394764,1,171,85,52,14,1,673,21,375,64,249,8,40.0,185.0,83,14,274,84,3,3,0,0,6,-12,7,58,1,104,920,78,13,4,2,17,9,38,418,40,931,21,26,4,1,51.0,0.8076923076923077,0,7,5,7,2,0,0,0,1,1,2,0,39;21;51;38;51;30;24;44;40;46;44;44;22;20;28;49;43;37;35;27;21,37;46;53;58,49,754,194,49,33,33,0,0,1.0,0,1,1,0,58,85,1,59.0,3713,28,6,10,6,25,38,357,0,3236
2013,DAL,REG,16,375,586,4226,33,12,35,-272,2,1,4673,2007,213,62.85886148703782,0.2781110333985295,1,178,80,48,7,336,1504,12,5,1,80,4.278756232049742,0,39,30,9,4,375,580,4226,33,8,4,4673,2007,213,105.83205821321393,1,178,80,48,7,1,726,66,254,67,332,13,34.0,246.0,64,15,257,66,2,2,0,2,9,-8,13,114,3,102,867,56,13,5,1,18,8,31,386,45,1147,28,30,2,0,53.0,0.9333333333333332,2,2,8,10,6,0,0,0,1,0,1,0,30;38;45;51;30;53;19;43;48;30;38;53;53;44;41;44;37;35;19;47;23;43;50;50;25;44;43;36,35;56,,1112,91,0,47,47,0,0,1.0,1,1,0,0,35,77,0,62.0,3467,30,2,5,6,27,37,339,0,3008
2013,DEN,REG,16,461,675,5572,55,10,20,-128,5,3,5263,2649,293,257.5039651862252,6.247052334582627,0,227,100,68,13,461,1873,16,10,6,107,-22.87193821122176,0,48,34,9,1,461,670,5572,55,4,2,5263,2652,293,292.0115113179331,0,227,100,68,13,3,691,51,241,88,351,16,41.0,290.0,92,17,141,97,1,8,0,17,9,1,9,74,1,117,1000,54,14,13,3,27,16,44,343,39,974,25,26,1,0,64.0,0.9615384615384616,2,4,5,8,5,1,0,0,0,0,1,0,42;47;53;41;40;53;48;50;28;31;47;19;54;36;27;25;64;19;32;42;32;25;44;34;54,52,,987,52,0,75,75,0,0,1.0,1,1,0,0,28,65,1,60.0,2893,23,1,8,3,25,28,274,0,2559
2013,DET,REG,16,371,634,4650,29,19,23,-168,3,2,5241,2270,221,55.888073760595454,-3.322049482676229,2,179,110,62,10,445,1792,15,19,10,106,-50.13426020510404,0,47,36,8,0,371,623,4650,29,4,3,5241,2270,221,90.462236718369,2,179,110,62,10,2,646,26,240,72,329,11,33.0,249.0,90,15,211,88,1,1,2,0,11,-43,7,4,1,110,925,58,18,10,2,28,15,38,392,34,816,19,24,3,2,53.0,0.7916666666666666,1,5,6,4,3,0,0,0,1,2,0,0,33;42;32;28;23;31;41;43;53;51;36;20;35;19;27;40;37;25;53,47;45;31,47;34,669,123,81,42,43,0,1,0.9767441860465116,0,0,0,0,,72,1,72.0,3399,22,5,7,10,18,32,250,0,2949
2013,GB,REG,16,366,570,4538,25,16,45,-270,5,2,4343,2232,201,52.76344005101309,2.957456136072004,0,162,92,65,11,459,2136,17,7,4,118,8.248223671537405,0,54,37,11,5,366,555,4538,25,3,1,4343,2232,201,119.76694285641732,0,162,92,65,11,1,656,88,294,73,292,16,44.0,238.0,63,11,36,66,0,3,0,0,9,4,11,71,3,86,801,70,14,5,2,19,9,30,339,39,791,33,37,4,0,57.0,0.8918918918918919,1,13,8,6,5,0,0,0,0,2,2,0,28;41;19;26;26;52;31;42;45;45;31;50;31;26;30;20;45;30;23;26;35;24;57;27;20;54;40;33;25;57;22;33;27,44;52;53;42,,1121,191,0,42,42,0,0,1.0,0,0,0,0,,64,0,62.0,2854,22,9,11,5,19,20,261,0,2493
2013,HOU,REG,16,371,633,4183,19,22,42,-370,8,2,5156,1652,198,-75.14400819261388,-3.1441131171780894,0,168,83,53,9,414,1743,7,5,3,90,-28.31393839554293,1,45,27,7,1,371,621,4183,19,5,3,5156,1652,198,-8.725180328861157,0,168,83,53,9,1,669,68,216,65,231,10,31.0,183.0,105,7,86,68,1,0,1,62,10,-10,4,0,0,112,1138,77,19,2,2,21,9,42,360,51,1257,26,35,8,1,51.0,0.7428571428571429,1,7,5,12,1,0,0,0,0,4,4,0,41;27;29;47;22;42;41;20;35;48;21;47;43;48;51;26;30;49;20;43;34;31;49;45;35;19,51;50;50;46;45;49;43;55,40,943,389,40,26,26,0,0,1.0,1,1,0,0,41,88,0,65.0,4128,34,2,12,7,24,43,530,1,3458
2013,IND,REG,16,350,582,3952,23,10,32,-227,5,2,4739,1986,191,24.017359105442633,-1.47932153743929,4,155,77,45,10,409,1743,15,3,1,88,-0.2113511764715401,0,44,30,11,2,350,577,3952,23,2,0,4739,1986,191,89.6484671944192,4,155,77,45,10,1,679,31,305,58,276,19,42.0,248.0,81,15,186,77,1,4,2,61,6,6,12,39,0,66,576,42,10,4,4,14,4,33,326,43,1011,35,40,4,1,52.0,0.875,0,6,10,15,4,0,0,0,1,1,2,0,30;38;43;41;22;46;28;41;49;30;50;51;27;52;42;30;35;48;30;50;27;47;48;45;37;49;37;43;40;46;45;30;23;26;39,52;51;44;34,42,1365,181,42,34,34,0,0,1.0,0,0,0,0,,76,1,65.0,3499,27,8,15,7,17,29,396,1,2963
2013,JAX,REG,16,349,592,3751,16,21,50,-310,3,0,3911,2078,176,-91.5674651226234,-3.9513359339828167,0,153,71,44,6,378,1260,7,5,3,71,-66.3050556507782,0,27,17,7,2,349,585,3751,16,6,3,3911,2078,176,-30.202067308339995,0,153,71,44,6,0,772,12,216,58,270,15,31.0,225.0,78,11,172,71,1,0,3,0,12,-24,10,36,1,96,797,61,10,8,1,18,6,30,142,41,1060,23,25,1,1,55.0,0.92,0,3,12,4,4,0,0,0,0,0,0,1,27;33;53;48;34;50;30;30;23;38;32;44;30;53;44;36;25;40;39;32;55;36;37,60,49,869,60,49,22,23,0,1,0.9565217391304348,0,0,0,0,,95,0,61.0,4338,31,6,12,8,22,47,330,0,3848
2013,KC,REG,16,333,546,3561,24,8,41,-221,4,3,3555,1904,179,26.942234110599603,-2.4123877398321563,0,145,73,45,7,442,2056,17,8,3,110,-7.301812046444141,0,59,49,13,1,333,535,3561,24,4,2,3555,1904,179,89.98503387822741,0,145,73,45,7,4,760,32,132,68,326,13,47.0,309.0,76,21,488,99,5,2,0,0,8,-11,15,66,2,101,774,65,14,7,3,21,10,59,695,44,1316,22,28,5,1,51.0,0.7857142857142857,0,6,9,6,1,0,0,0,1,2,2,0,40;33;31;34;38;51;29;24;33;48;33;22;42;35;40;27;41;39;20;25;33;46,51;52;34;47;41,57,764,225,57,52,52,0,0,1.0,0,0,0,0,,88,1,65.0,4034,35,4,15,12,19,38,246,0,3548
2013,LA,REG,16,301,506,3360,22,11,36,-235,7,3,3976,1645,165,-21.10699087744571,-3.846476370724248,1,129,72,41,5,426,1752,10,6,4,82,-53.60377080284777,2,45,31,11,4,301,503,3360,22,3,3,3976,1645,165,24.875375031851796,1,129,72,41,5,1,756,32,174,98,395,21,53.0,326.0,94,14,256,75,2,4,1,18,7,-2,15,160,3,123,1009,48,16,4,3,20,10,43,378,37,835,26,28,2,0,54.0,0.9285714285714286,0,7,10,8,1,0,0,0,0,1,1,0,36;25;38;48;29;40;32;37;42;28;42;33;28;27;32;29;40;43;34;44;31;35;54;25;48;36,50;44,,936,94,0,34,34,0,0,1.0,1,1,0,0,48,78,0,64.0,3609,19,11,10,4,23,30,79,0,3450
2013,LAC,REG,16,378,544,4478,32,11,30,-150,1,1,4218,2066,230,173.44334986829443,7.986283416502944,0,192,88,60,6,486,1965,9,5,3,103,-15.532900483959086,0,40,26,7,2,378,535,4478,32,4,4,4218,2058,230,216.0551923066851,0,194,88,60,6,0,652,134,206,57,275,11,34.0,237.0,63,11,143,67,1,2,0,10,4,-4,6,27,0,95,765,63,8,6,0,14,10,22,166,32,707,34,37,1,2,50.0,0.918918918918919,1,9,13,9,2,0,0,0,1,0,0,0,49;44;33;46;44;36;42;23;35;31;33;34;50;20;19;26;40;27;50;29;30;30;48;36;27;43;38;35;27;48;28;33;22;36,37,38;37,1192,37,75,42,42,0,0,1.0,1,1,0,0,46,56,0,61.0,2417,30,6,11,1,19,19,158,0,2239
2013,LV,REG,16,298,519,3629,17,20,44,-289,6,2,4185,1723,168,-40.55087696036974,-3.4954315623429815,0,152,83,48,8,437,2000,16,7,4,90,-18.504723191374353,0,41,29,18,3,298,508,3629,17,1,1,4185,1723,168,31.146120641339916,0,152,83,48,8,1,722,85,233,75,351,19,38.0,260.0,78,9,83,40,1,4,0,0,15,-25,13,136,2,116,912,60,15,12,1,27,11,25,206,54,1201,21,30,9,0,53.0,0.7,0,6,4,8,3,0,0,0,2,3,4,0,38;46;30;29;29;47;50;24;53;33;24;52;48;24;42;45;41;40;34;20;42,48;35;52;51;54;32;48;52;42,,791,414,0,37,37,0,0,1.0,0,0,0,0,,84,2,66.0,4107,23,9,11,11,11,42,438,1,3449
2013,MIA,REG,16,357,594,3966,24,19,58,-399,6,4,5690,1535,205,-2.927463101682278,-0.0246114182492746,0,165,72,47,11,349,1440,8,5,3,61,-43.955796203395074,0,34,24,8,4,357,582,3966,24,0,0,5690,1535,205,94.05411409907316,0,165,72,47,11,0,757,59,245,63,308,10,42.0,272.0,95,18,204,78,2,2,1,0,8,-32,6,0,0,70,598,71,9,7,1,16,7,34,264,42,893,26,34,7,1,54.0,0.7647058823529411,1,4,10,8,3,0,0,0,1,2,4,0,45;49;36;54;46;50;34;37;25;48;52;36;44;40;30;22;37;32;47;23;34;43;18;30;27;32,57;51;46;34;53;41;52,39,971,334,39,33,33,0,0,1.0,0,0,0,0,,85,0,74.0,4150,33,15,8,7,13,42,407,0,3603
2013,MIN,REG,16,325,546,3645,18,19,44,-218,6,4,4720,1584,173,-55.73239659690069,-2.219460124724379,0,138,74,54,7,423,2081,23,9,5,105,17.467643558195512,0,59,40,16,5,325,535,3645,18,3,1,4720,1584,173,19.69663903162069,0,138,74,54,7,3,729,50,342,82,373,12,41.0,274.0,88,12,78,60,0,3,0,31,8,-9,8,61,1,70,695,39,17,6,2,23,13,22,335,66,1646,26,30,4,0,54.0,0.8666666666666667,0,7,12,5,2,0,0,0,0,1,3,0,52;28;28;22;43;30;54;37;22;36;23;39;40;32;45;36;47;29;35;32;30;34;39;40;21;38,44;53;57;55,,912,209,0,43,44,1,0,0.9772727272727272,1,1,0,0,34,75,0,65.0,3316,23,2,14,3,20,36,318,1,2938
2013,NE,REG,16,380,628,4343,25,11,40,-256,5,2,5304,2014,225,71.49838269031706,-1.3510699322227515,2,173,89,49,8,470,2065,19,10,6,110,-27.485315706821005,0,49,35,12,2,380,618,4343,25,2,1,5304,2014,225,143.46998646775583,2,173,89,49,8,0,631,24,426,66,299,11,47.0,305.0,96,17,220,78,2,6,0,11,15,-10,12,49,1,69,625,61,16,8,0,24,9,36,387,39,935,38,41,3,0,54.0,0.926829268292683,1,8,13,11,5,0,0,0,0,2,1,0,48;33;35;21;30;53;46;33;48;22;49;42;19;35;54;23;39;44;34;48;20;32;42;26;31;31;53;53;33;50;22;23;45;42;43;35;29;35,43;55;48,,1401,146,0,44,44,0,0,1.0,2,2,0,0,35;31,77,0,65.0,3523,29,7,15,12,14,29,221,0,3062
2013,NO,REG,16,446,651,5162,39,12,37,-244,6,2,5205,2440,244,145.59499495640367,5.36273522751513,0,197,101,67,15,391,1473,10,1,1,87,-26.385869978842138,0,40,27,7,0,446,644,5162,39,1,0,5205,2435,244,207.75746108112813,0,197,101,67,15,0,613,16,290,75,370,13,49.0,336.0,95,12,169,68,0,3,0,0,3,-2,7,43,0,95,817,80,8,4,1,12,7,32,194,22,506,24,32,7,1,55.0,0.75,2,6,5,10,1,0,0,1,2,4,0,0,48;31;22;44;41;27;31;29;47;19;36;48;28;39;55;43;21;42;31;41;19;45;40;24,43;43;47;38;43;37;26,36,851,277,36,48,48,0,0,1.0,2,2,0,0,27;31,61,0,61.0,2859,25,13,7,5,12,24,180,0,2579
2013,NYG,REG,16,325,567,3875,18,29,40,-287,4,1,5372,1490,176,-59.53432665751099,-3.078187712069069,0,156,78,54,7,381,1332,11,12,7,77,-79.57333375056254,1,38,28,4,1,325,560,3875,18,4,3,5372,1490,176,-6.4647973758728945,0,156,78,54,7,1,659,181,283,61,266,15,33.0,206.0,90,17,270,80,2,4,0,21,9,-47,12,23,0,91,786,53,16,10,2,26,15,34,246,44,933,23,26,3,0,52.0,0.8846153846153846,0,8,7,7,1,0,0,0,1,1,1,0,20;36;24;41;35;23;36;40;44;33;46;27;23;40;28;21;23;39;41;52;45;34;38,38;44;50,,789,132,0,31,31,0,0,1.0,1,1,0,0,45,91,0,68.0,4271,25,12,7,7,17,48,655,3,3476
2013,NYJ,REG,16,266,480,3270,13,22,47,-338,4,3,4326,1345,154,-70.14806218309914,-4.238978106232368,0,139,71,47,6,493,2158,12,8,2,105,-28.77030353142158,0,50,37,14,2,266,478,3270,13,1,1,4326,1345,154,6.125533249159019,0,139,71,47,6,1,638,46,368,83,338,10,40.0,227.0,83,13,167,62,1,0,1,0,8,-33,2,0,0,108,837,56,10,5,0,15,7,25,224,45,1021,33,36,3,0,54.0,0.9166666666666666,0,8,10,12,3,0,0,0,1,2,0,0,43;30;48;37;47;34;45;47;22;36;43;25;39;37;37;42;45;47;50;39;21;47;45;27;20;41;23;51;54;33;21;35;26,48;49;35,,1237,132,0,27,27,0,0,1.0,2,2,0,0,43;42,88,1,84.0,4018,24,12,7,5,21,43,488,0,3430
2013,PHI,REG,16,310,508,4406,32,9,46,-296,6,4,4996,2038,197,89.86374426690486,2.5419033792337427,2,173,109,80,18,500,2566,19,5,2,133,5.913605560254168,1,74,57,19,5,310,494,4406,32,3,2,4996,2035,197,174.20175858447195,2,173,109,80,18,0,777,47,219,70,344,13,37.0,271.0,69,19,294,96,1,1,2,0,6,-15,12,11,1,95,846,42,10,9,3,19,10,26,171,37,790,23,28,5,0,51.0,0.8214285714285714,0,8,7,7,1,0,0,0,1,3,0,1,48;25;48;32;29;35;25;40;27;29;36;41;24;31;25;41;24;32;35;51;33;49;47,46;48;46;60;39,,807,239,0,45,45,0,0,1.0,0,0,0,0,,82,1,70.0,3681,33,9,18,5,22,28,223,1,3358
2013,PIT,REG,16,377,586,4306,28,14,43,-289,6,5,4958,2057,207,65.0958350944708,3.2197448101686073,0,166,91,61,10,394,1383,9,6,3,81,-63.19443056745237,1,30,16,7,1,377,579,4306,28,3,2,4958,2027,207,139.65284806039716,0,167,92,62,10,1,639,99,297,56,258,16,34.0,198.0,72,10,203,70,3,1,1,67,6,0,10,87,0,80,677,61,12,4,0,16,10,32,409,43,962,30,32,2,0,48.0,0.9375,0,9,13,8,0,0,0,0,2,0,0,0,44;27;36;44;26;28;46;33;48;32;34;28;38;42;47;30;36;37;23;25;34;21;47;32;25;45;26;31;30;32,34;32,,1027,66,0,39,39,0,0,1.0,1,1,0,0,42,75,1,70.0,3125,17,8,11,5,16,35,313,0,2712
2013,SEA,REG,16,267,420,3508,27,9,44,-272,8,5,3995,1517,160,79.6669757871197,6.010379130362298,0,136,77,52,10,509,2188,14,6,2,116,-33.26427799175938,0,71,49,11,1,267,409,3508,27,4,1,3995,1517,160,160.41414977576733,0,136,77,52,10,0,590,51,353,66,332,17,43.0,297.0,99,28,385,91,3,3,2,0,12,-23,11,20,1,128,1183,54,18,8,4,26,10,52,579,33,698,33,35,1,1,53.0,0.9428571428571428,0,10,9,11,3,0,0,1,0,0,0,0,27;40;30;37;21;48;39;45;42;36;41;46;31;29;51;42;36;27;39;43;44;53;50;26;26;20;31;49;44;24;27;28;35,24,48,1207,24,48,44,44,0,0,1.0,2,2,0,0,45;27,74,2,69.0,3159,28,2,16,5,30,21,82,0,2977
2013,SF,REG,16,244,417,3210,21,8,39,-231,3,3,3950,1339,148,58.44059003837302,-1.3885146219945013,0,131,67,46,10,505,2201,18,7,5,115,-37.47997150772608,0,68,51,20,3,244,411,3210,21,3,1,3950,1339,148,119.4828459303888,0,131,67,46,10,0,685,97,189,68,308,12,38.0,283.0,81,18,278,82,2,5,1,0,7,14,11,44,3,103,845,67,14,6,3,20,10,35,312,32,726,32,36,4,0,56.0,0.8888888888888888,0,12,6,10,4,0,0,1,0,1,1,1,27;33;21;38;24;35;26;44;44;53;43;25;55;29;29;49;32;43;24;23;48;52;22;47;43;21;35;49;30;27;56;40,48;53;71;24,,1167,196,0,44,44,0,0,1.0,1,1,0,0,40,79,0,62.0,3804,27,3,8,9,21,38,330,0,3294
2013,TB,REG,16,291,514,3181,22,12,47,-361,4,4,4714,1136,157,-54.75162760168198,-2.252726938560424,0,127,60,39,7,420,1612,6,7,2,75,-38.73699713523597,0,47,29,9,2,291,494,3181,22,1,0,4714,1136,157,46.34778196133508,0,127,60,39,7,0,655,93,259,72,310,15,35.0,255.0,85,21,338,73,3,2,1,11,8,-38,10,34,0,121,1136,70,8,10,1,18,9,24,268,34,811,23,29,6,0,54.0,0.7931034482758621,0,3,12,4,4,0,0,0,2,2,2,0,37;30;50;38;27;36;41;35;47;48;33;24;35;30;46;38;27;53;53;32;35;32;54,47;38;55;35;50;48,,881,273,0,31,31,0,0,1.0,0,0,0,0,,87,0,62.0,3846,19,14,12,6,20,35,393,0,3333
2013,TEN,REG,16,328,533,3710,22,16,37,-214,6,2,4799,1655,172,34.69799812268391,1.1614475356761946,0,149,68,48,10,462,1894,16,8,2,103,-12.471040649243225,0,46,34,11,0,328,526,3710,22,4,1,4799,1661,172,91.25803328659912,0,149,68,48,10,0,733,20,226,66,296,14,36.0,227.0,75,13,113,86,1,5,0,0,17,-44,12,86,2,101,900,58,11,16,1,27,9,31,240,44,1096,25,29,4,0,55.0,0.8620689655172413,0,10,8,5,2,0,0,0,1,2,1,0,26;44;27;47;20;37;26;22;38;25;31;39;37;25;38;33;22;23;45;24;45;52;42;55;37,48;43;32;50,,860,173,0,41,41,0,0,1.0,0,0,0,0,,78,1,63.0,3386,32,7,9,2,25,35,210,0,3136
2013,WAS,REG,16,355,611,4057,20,19,43,-306,9,5,5192,1843,198,-25.843926310680956,-3.8766524553895993,1,176,78,39,6,453,2164,14,11,5,112,-11.045611688287853,1,61,48,16,1,355,599,4057,20,5,4,5192,1843,198,48.2252966775597,1,176,78,39,6,0,619,104,352,67,287,12,36.0,238.0,72,16,247,62,4,3,0,0,15,-36,9,82,1,99,802,69,19,11,0,30,15,35,225,51,1018,21,26,3,2,50.0,0.8076923076923077,0,5,10,5,1,0,0,0,0,2,1,0,43;21;25;20;32;33;38;47;20;40;36;35;33;50;33;37;36;22;47;31;49,40;50;49,25;59,728,139,84,33,33,0,0,1.0,0,0,0,0,,84,1,63.0,3526,26,18,9,0,18,39,655,3,2871
2014,ARI,REG,16,320,568,3990,21,12,28,-182,3,1,6028,1604,191,18.740342135723775,-4.51864625415275,1,167,85,58,11,397,1308,6,4,2,67,-65.70044513291015,1,32,24,6,0,320,561,3990,21,5,2,6028,1604,191,58.771838728195256,1,167,85,58,11,1,710,51,161,82,361,9,35.0,244.0,83,18,321,62,3,2,0,62,9,0,7,23,1,91,707,51,12,4,2,16,5,26,277,22,417,29,33,4,0,51.0,0.8787878787878788,0,5,12,10,2,0,0,0,2,1,1,0,22;44;49;37;32;33;51;32;35;33;48;33;49;37;41;28;43;23;44;44;33;39;23;44;51;46;27;32;36,53;49;36;34,,1089,172,0,27,27,0,0,1.0,0,0,0,0,,90,2,67.0,3815,35,7,8,6,37,32,284,0,3411
2014,ATL,REG,16,418,632,4758,28,15,31,-205,4,2,4896,2099,233,73.11575078734307,1.5204073314108015,1,200,101,61,9,372,1498,11,4,2,75,-45.94399624130458,0,34,24,7,2,418,623,4758,28,7,4,4896,2099,233,124.41077783490624,1,200,101,61,9,1,645,41,337,55,211,13,22.0,140.0,63,16,113,66,1,1,0,75,8,-3,12,125,1,97,840,64,14,2,0,16,8,18,239,50,1174,29,32,2,1,54.0,0.90625,0,10,4,8,7,0,0,0,0,0,2,0,40;51;52;46;20;20;52;54;37;43;44;33;34;42;26;44;53;20;23;21;45;28;50;28;22;44;50;32;21,59;57,53,1075,116,53,40,40,0,0,1.0,1,1,0,0,52,67,0,66.0,3063,27,6,3,4,28,26,250,0,2733
2014,BAL,REG,16,344,554,3986,27,12,19,-167,1,0,4623,1751,194,72.34755290800261,-0.7293849107291963,0,170,83,50,7,448,2019,16,5,2,113,-25.763741140059658,1,63,43,24,3,344,541,3986,27,4,3,4623,1751,194,100.04797376871409,0,170,83,50,7,2,645,24,372,74,407,16,49.0,362.0,118,11,135,75,1,3,1,45,7,-12,11,51,0,111,870,68,9,8,2,17,8,32,292,38,1077,29,34,4,1,55.0,0.8529411764705882,0,10,11,4,4,0,0,0,0,0,4,0,38;30;23;22;20;38;21;32;30;52;27;46;49;38;38;45;50;53;46;31;55;33;21;29;31;22;33;25;28,55;57;54;54,64,1006,220,64,42,42,0,0,1.0,1,1,0,0,32,60,0,73.0,2841,26,11,8,4,14,23,166,0,2595
2014,BUF,REG,16,363,579,3856,23,13,39,-242,4,3,4173,2077,186,-6.710149598166307,-1.8330583518201655,1,143,81,52,8,402,1482,7,5,2,65,-58.21653767102459,1,27,19,7,3,363,572,3856,23,7,3,4173,2077,186,51.75655921752975,1,143,81,52,8,3,618,146,304,88,354,14,54.0,308.0,99,19,322,75,0,4,1,14,9,-10,11,53,1,124,1031,54,17,5,4,22,10,37,354,33,770,34,38,3,1,58.0,0.8947368421052632,0,9,12,7,6,0,0,0,1,1,1,0,50;33;27;27;27;31;32;38;45;31;45;25;58;31;53;36;29;26;21;33;21;46;53;49;34;34;35;44;27;51;35;48;54;48,31;50;47,53,1277,128,53,31,32,1,0,0.96875,2,2,0,0,27;58,86,0,67.0,3692,31,11,11,6,20,38,246,0,3326
2014,CAR,REG,16,327,545,3828,23,12,42,-317,6,4,5321,1427,199,14.271482280248003,-1.0831092325625595,1,171,86,43,4,473,2036,10,9,4,117,-29.101412233353702,0,56,38,7,1,327,540,3828,23,3,1,5321,1427,199,86.37418387621949,1,170,86,43,4,1,640,15,315,64,278,22,40.0,268.0,80,14,350,73,2,6,0,0,14,-24,12,39,0,83,756,55,16,9,0,25,11,30,239,37,805,29,35,5,1,53.0,0.8285714285714286,0,7,12,9,1,0,0,0,1,3,1,0,28;33;29;53;38;40;40;37;44;39;44;36;33;31;26;46;31;23;30;35;37;41;29;49;38;45;23;21;48,48;38;46;50;49,63,1047,231,63,34,34,0,0,1.0,0,1,0,1,63,72,2,72.0,3236,26,6,13,5,20,28,435,1,2701
2014,CHI,REG,16,396,609,4035,30,19,41,-243,7,6,4474,2161,194,-34.89196256392273,-0.0559829690150524,4,164,65,41,8,355,1441,8,6,1,91,-11.417854594694727,1,40,32,5,0,396,608,4035,30,3,3,4474,2161,194,28.88177845244411,4,164,65,41,8,1,671,30,292,66,271,18,39.0,228.0,79,14,141,53,1,1,0,0,7,-29,10,19,0,113,997,52,14,5,2,19,10,21,109,55,1290,12,16,4,0,48.0,0.75,0,5,3,4,0,0,0,0,1,2,1,0,41;37;24;45;23;45;25;28;35;48;25;35,35;47;54;43,,411,179,0,33,35,0,2,0.9428571428571428,0,0,0,0,,71,1,61.0,3107,20,9,7,3,19,33,335,1,2712
2014,CIN,REG,16,323,503,3551,20,17,23,-130,2,2,3887,1812,164,-1.0490658682582303,0.7752709196498863,1,143,62,35,8,492,2147,19,8,3,122,-10.005278051108403,0,57,37,14,4,323,493,3551,20,7,3,3887,1812,164,43.79712464706619,1,143,62,35,8,0,657,17,411,60,212,7,20.0,125.0,75,20,161,96,1,2,3,0,8,-5,6,0,0,102,812,57,17,3,3,20,9,40,439,45,1241,26,33,6,1,49.0,0.7878787878787878,0,6,10,10,0,0,0,0,2,1,3,0,49;22;28;46;38;31;29;23;44;38;42;32;33;31;43;22;42;31;49;44;44;34;37;49;23;39,38;49;55;52;36;50,45,943,280,45,39,39,0,0,1.0,0,1,1,0,36,73,0,69.0,3419,27,8,14,6,15,30,226,1,3073
2014,CLE,REG,16,274,502,3678,12,16,31,-213,2,1,5030,1544,179,-21.35671435942164,-7.1784232527017595,0,158,88,56,11,477,1728,17,7,4,88,-59.59538339482376,0,42,28,10,0,274,499,3678,12,0,0,5030,1544,179,31.847548598355814,0,158,88,56,11,0,660,31,433,62,309,15,30.0,186.0,70,21,333,96,2,4,1,0,9,-12,8,34,1,116,932,61,7,9,0,16,7,27,181,37,801,25,32,6,1,52.0,0.78125,0,6,12,6,1,0,0,0,2,2,1,1,39;25;32;29;38;42;40;40;22;52;33;26;49;29;43;32;33;37;32;37;22;39;43;31;38,50;44;38;60;37;40,36,883,269,36,30,30,0,0,1.0,1,1,0,0,37,93,0,59.0,4119,25,5,11,9,26,42,295,0,3644
2014,DAL,REG,16,328,476,4008,37,11,30,-224,3,2,4275,1787,205,148.42937231258986,5.734017997537196,0,165,84,54,12,508,2354,16,9,6,106,-20.05933301874296,0,61,48,19,5,328,471,4008,37,4,4,4275,1787,205,183.76120350961443,0,165,84,54,12,0,664,63,245,59,219,15,27.0,156.0,79,18,228,71,2,5,0,0,7,-18,13,35,1,105,839,56,13,9,1,22,14,30,275,33,790,25,29,3,1,56.0,0.8620689655172413,0,6,6,8,5,0,0,0,0,1,2,0,29;48;44;51;48;29;40;51;33;49;42;56;31;49;21;52;54;38;28;35;27;49;36;32;23,53;48;52,35,995,153,35,56,56,0,0,1.0,1,1,0,0,49,57,1,64.0,2586,21,11,4,2,15,25,240,0,2306
2014,DEN,REG,16,399,607,4779,40,15,17,-118,2,1,5121,1912,227,122.59116820600664,2.993943449573137,2,187,94,67,11,443,1785,15,6,2,98,-27.37392743193739,0,51,38,13,1,399,603,4779,40,4,1,5121,1912,227,153.08646682768705,2,187,94,67,11,0,692,50,196,80,337,15,41.0,252.0,93,18,213,91,2,3,1,0,11,-10,7,22,1,120,1045,46,12,4,0,16,5,41,296,32,802,24,29,5,0,50.0,0.8275862068965517,2,9,7,5,1,0,0,0,1,2,2,0,21;20;24;44;41;37;20;28;38;22;24;30;33;37;50;19;26;19;49;44;49;36;35;21,53;53;41;33;49,,767,229,0,56,56,0,0,1.0,0,0,0,0,,69,0,65.0,3048,25,6,7,4,19,33,371,1,2597
2014,DET,REG,16,365,604,4284,22,12,45,-254,5,2,4819,2236,210,32.462212252129035,-4.607983830116563,1,181,90,54,11,396,1422,11,7,2,72,-54.33739334948026,0,37,26,6,1,365,590,4284,22,3,1,4819,2236,210,115.02974578672872,1,181,90,54,11,0,680,18,202,100,438,11,42.0,295.0,119,20,388,75,1,3,1,0,12,-5,7,40,1,118,989,43,15,6,1,21,8,32,284,25,612,25,38,11,2,52.0,0.6578947368421053,0,10,5,6,4,0,0,0,0,7,4,0,28;27;30;51;52;21;22;20;48;26;50;50;28;48;20;49;46;40;46;23;29;30;33;39;30,43;49;49;41;52;44;47;50;50;44;53,42;37,886,522,79,32,32,0,0,1.0,1,1,0,0,48,68,0,71.0,3138,29,2,10,5,21,30,311,1,2727
2014,GB,REG,16,349,536,4447,38,6,30,-186,7,2,4325,2092,222,156.3456206095893,2.641075855145571,1,179,83,59,15,435,1917,14,7,3,104,-26.88282202115503,0,67,45,11,2,349,531,4447,38,1,1,4325,2092,222,212.6244983860165,1,179,83,59,15,2,671,87,275,65,317,12,41.0,261.0,96,18,396,88,3,1,1,0,12,-16,9,51,1,92,775,59,14,5,0,19,7,29,333,29,555,27,33,3,3,55.0,0.8181818181818182,0,7,11,5,4,0,0,0,0,2,1,0,23;31;20;55;53;43;30;34;31;49;27;20;52;27;33;48;32;35;33;28;38;33;53;45;34;42;25,50;40;48,38;53;52,974,138,143,53,55,0,2,0.9636363636363636,0,0,0,0,,49,2,63.0,2159,14,5,8,4,10,22,191,1,1888
2014,HOU,REG,16,295,485,3460,22,13,26,-108,3,2,3988,1543,171,27.347562189668324,-2.2025513214369616,0,144,68,49,9,551,2161,12,6,3,108,-41.06441747219665,0,54,36,11,4,295,480,3460,22,6,4,3988,1543,171,46.05698548218389,0,144,68,49,9,1,658,80,314,72,337,17,38.0,251.0,116,20,483,94,4,1,1,5,9,-35,14,132,1,94,834,54,11,8,1,19,9,34,208,20,422,30,35,3,2,55.0,0.8571428571428571,0,6,13,7,4,0,0,0,2,0,1,0,42;33;39;46;27;41;55;50;29;39;38;31;30;29;49;46;37;50;36;25;37;44;44;53;35;25;30;20;39;33,37;39;52,27;43,1132,128,70,40,40,0,0,1.0,0,0,0,0,,83,1,71.0,3847,27,4,13,10,24,32,398,0,3249
2014,IND,REG,16,410,661,5062,42,16,29,-168,9,5,5805,2391,251,81.44167854546941,1.1900541448887938,0,201,110,78,15,415,1612,9,11,6,80,-70.43301890304451,0,41,24,7,1,410,647,5062,42,6,3,5805,2391,251,144.02033325705509,0,201,110,78,15,0,656,34,274,73,329,21,40.0,257.0,86,12,143,75,1,3,0,1,14,-18,14,60,1,105,848,45,24,7,2,31,15,45,312,38,1065,30,31,1,0,53.0,0.967741935483871,0,10,10,7,3,0,0,0,0,1,0,0,25;46;27;48;43;25;31;30;38;34;27;34;23;50;31;23;48;31;48;43;31;53;46;20;32;51;33;29;23;26,46,,1049,46,0,50,50,0,0,1.0,0,0,0,0,,69,0,61.0,3221,30,7,5,3,19,35,205,0,2956
2014,JAX,REG,16,325,557,3451,15,18,71,-450,5,1,4046,1866,154,-145.26883203755736,-6.7204310358325134,1,132,64,43,9,360,1633,9,6,4,86,-29.34027724827224,0,44,30,15,2,325,553,3451,15,2,2,4046,1866,154,-45.83709749059854,1,132,64,43,9,0,744,28,332,82,299,19,45.0,275.0,75,6,80,47,1,2,1,0,7,-6,14,49,2,73,573,69,10,5,0,15,8,37,264,43,1033,20,26,3,3,53.0,0.7692307692307693,0,3,7,7,3,0,0,0,0,1,2,0,49;36;41;43;35;36;30;30;40;25;28;28;43;33;37;53;45;53;45;53,50;42;51,36;55;48,783,143,139,23,23,0,0,1.0,0,1,0,1,55,94,2,69.0,4464,25,7,5,10,20,52,464,0,3800
2014,KC,REG,16,320,493,3428,18,6,49,-246,1,1,2898,1894,184,55.5510768101125,-1.6151385178271027,0,156,69,43,3,420,1918,18,9,4,92,-7.1330646277821135,0,45,34,12,3,320,485,3428,18,9,5,2898,1894,184,108.17363360505838,0,156,69,43,3,2,747,46,152,67,282,13,46.0,253.0,85,6,95,74,1,1,0,0,7,-15,7,0,1,88,681,60,18,4,4,22,11,50,605,51,1430,25,30,5,0,53.0,0.8333333333333334,1,10,6,7,1,0,0,0,1,3,1,0,35;45;22;31;42;28;40;48;53;28;19;36;23;24;25;39;41;35;25;43;23;43;21;27;31,48;37;44;47;50,,827,226,0,38,38,0,0,1.0,0,0,0,0,,71,0,69.0,3164,31,4,13,5,20,29,190,0,2874
2014,LA,REG,16,327,515,3695,20,16,47,-295,9,4,4232,1747,189,-50.316644784945375,-1.4974403771616165,1,151,72,43,7,395,1635,11,7,3,79,-58.99429235376505,0,47,34,7,1,327,506,3695,20,1,1,4232,1729,189,45.252274568268035,1,151,72,43,7,2,720,91,179,86,367,17,40.0,265.0,71,13,276,63,3,5,0,38,16,-44,12,36,0,123,1139,49,16,11,1,27,11,37,482,45,1099,24,30,5,1,56.0,0.8,1,6,10,2,5,0,0,1,2,0,2,0,56;46;36;35;46;38;28;38;37;39;37;29;22;55;53;22;38;34;24;19;51;20;33;52,50;52;38;28;38,46,888,206,46,34,35,1,0,0.9714285714285714,1,1,0,0,38,80,1,61.0,3721,33,10,10,5,27,28,192,0,3429
2014,LAC,REG,16,380,574,4296,31,18,37,-198,4,2,4901,1927,214,72.04761917942784,4.585456866541026,0,183,95,57,9,398,1367,6,5,0,75,-51.79295372955848,0,35,23,6,1,380,567,4296,31,4,2,4901,1927,214,130.20979911030196,0,183,95,57,9,0,623,169,265,60,227,16,26.0,178.0,52,7,65,55,0,2,1,9,10,-18,11,66,3,111,967,58,9,7,1,16,5,23,203,26,577,22,26,3,1,52.0,0.8461538461538461,1,6,8,4,3,0,0,0,1,1,1,0,36;50;43;28;19;37;33;34;23;37;34;30;24;48;23;52;23;48;52;26;30;40,48;37;52,46,770,137,46,40,40,0,0,1.0,1,1,0,0,40,74,1,72.0,3366,23,8,9,7,15,35,366,0,2860
2014,LV,REG,16,365,629,3456,22,16,28,-181,6,3,4949,1544,173,-89.86968717765969,-6.192043011338965,0,137,55,30,7,337,1240,4,9,4,56,-79.37201191589352,0,29,22,6,2,365,619,3456,22,6,3,4949,1544,173,-38.97596381420034,0,137,55,30,7,1,724,62,236,74,276,12,22.0,157.0,56,9,76,58,0,2,0,0,12,-50,5,39,1,116,939,59,16,11,3,27,13,37,261,47,1027,19,22,3,0,57.0,0.8636363636363636,0,2,5,9,3,0,0,0,0,1,2,0,49;37;47;29;53;46;38;48;41;42;25;40;57;53;33;45;36;38;49,53;51;48,,806,152,0,28,28,0,0,1.0,0,0,0,0,,109,0,62.0,4930,31,5,21,3,33,47,513,1,4357
2014,MIA,REG,16,394,595,4066,27,12,46,-337,4,1,4616,1876,226,29.305019724184056,2.1898205048117227,0,181,77,41,4,399,1872,12,8,4,99,-30.06787133739857,1,54,38,13,2,394,593,4066,27,5,1,4616,1876,226,96.66549545327818,0,181,76,41,4,0,738,48,204,74,294,13,39.0,211.0,74,14,299,54,2,5,3,90,13,-10,11,50,1,81,635,62,19,8,3,27,11,25,204,41,1082,29,37,6,2,53.0,0.7837837837837838,1,12,7,6,3,0,0,0,0,3,3,0,38;24;22;27;34;22;51;41;48;33;19;43;29;26;25;23;23;50;20;38;32;43;44;26;46;34;24;53;37,48;50;45;43;56;53,37;41,975,295,78,41,41,0,0,1.0,0,0,0,0,,58,1,60.0,2628,21,5,3,3,11,36,349,0,2219
2014,MIN,REG,16,322,517,3566,17,18,51,-322,4,0,3943,1836,171,-32.61303158386419,-2.1052723976911283,2,152,74,43,7,413,1804,12,3,1,90,-4.254392932334558,2,41,30,11,3,322,510,3566,17,3,0,3943,1836,171,46.74449731894502,2,152,74,43,7,2,718,28,262,67,296,9,41.0,217.0,92,13,201,61,2,0,0,73,7,-29,6,27,2,100,836,62,9,2,2,11,2,27,297,54,1173,26,35,7,2,55.0,0.7428571428571429,2,4,8,7,5,0,0,0,2,1,3,1,52;46;25;30;40;18;41;55;33;26;40;40;55;33;46;38;50;26;39;51;39;20;18;33;37;44,49;56;38;39;56;53;68,48;26,975,359,74,29,29,0,0,1.0,0,1,1,0,68,75,1,62.0,3318,21,2,9,6,19,39,255,0,2943
2014,NE,REG,16,392,609,4291,34,9,26,-170,4,3,4869,1981,228,102.95668998603986,1.5075243550806792,0,180,84,46,8,438,1727,13,1,0,96,-18.477568887889426,0,41,30,7,1,392,601,4291,34,4,1,4869,1981,228,150.80491480373686,0,180,84,46,8,3,628,60,324,66,332,15,40.0,282.0,82,16,184,66,0,2,0,120,9,-4,9,26,2,120,1080,48,8,5,0,13,4,41,431,31,693,35,37,2,0,53.0,0.945945945945946,1,11,10,12,1,0,0,0,1,1,0,0,47;45;48;47;27;21;20;36;48;19;23;47;35;42;53;40;39;36;23;27;39;49;29;45;35;43;22;22;38;35;36;24;24;44;35,36;47,,1243,83,0,51,51,0,0,1.0,0,0,0,0,,66,1,67.0,3060,25,6,10,6,15,29,267,0,2673
2014,NO,REG,16,456,659,4952,33,17,30,-188,5,3,5072,2173,258,99.09286441302228,3.4443295641261855,0,201,96,52,10,406,1818,16,6,3,101,-14.285153567764665,0,47,36,10,2,456,649,4952,33,8,6,5072,2173,258,142.4775842278731,0,201,96,52,10,0,700,22,262,63,255,11,34.0,188.0,68,12,120,57,0,1,2,0,7,-22,5,0,0,80,670,65,19,3,2,22,13,19,134,21,543,19,22,3,0,50.0,0.8636363636363636,0,6,9,3,1,0,0,0,0,2,1,0,31;50;27;30;30;29;44;27;48;36;31;29;37;40;31;20;34;37;25,41;42;51,,636,134,0,46,47,0,1,0.9787234042553192,0,0,0,0,,58,0,63.0,2690,19,6,10,5,13,24,99,0,2491
2014,NYG,REG,16,383,607,4470,30,14,30,-198,8,4,5023,1981,218,64.64183932520103,0.8816721940876446,0,180,89,53,10,449,1603,13,1,0,83,-57.08259835200135,0,35,26,4,2,383,599,4470,30,6,6,5023,1981,218,99.97041625757124,0,180,89,53,10,0,618,159,279,64,330,15,47.0,313.0,96,17,236,75,0,2,0,0,7,-30,8,32,1,101,896,59,17,4,0,21,14,29,224,44,1025,24,26,1,1,53.0,0.9230769230769232,1,6,9,4,4,0,0,0,0,1,0,0,39;29;31;29;49;50;26;38;41;43;33;20;19;36;52;42;32;29;37;52;38;20;36;53,43,29,874,43,29,44,44,0,0,1.0,0,0,0,0,,80,1,71.0,3640,25,5,15,6,17,37,391,1,3129
2014,NYJ,REG,16,287,498,3206,16,15,47,-260,4,2,4128,1506,154,-63.29402659934494,-3.4448328478207726,0,118,57,40,9,507,2280,11,10,5,112,-30.931582795904312,0,61,43,10,2,287,482,3206,16,3,0,4128,1506,154,23.675194396702707,0,118,57,40,9,0,569,132,344,61,318,9,45.0,310.0,108,6,36,56,0,4,1,0,11,-27,7,2,0,109,932,62,14,11,5,25,9,43,273,58,1342,32,39,5,2,55.0,0.8205128205128205,0,13,7,9,3,0,0,0,0,4,1,0,45;42;52;43;28;22;42;27;30;22;47;46;27;55;39;23;30;27;40;45;36;33;22;24;44;51;26;23;37;26;23;39,45;48;45;53;45,58;52,1116,236,110,23,23,0,0,1.0,0,2,0,2,58;52,78,1,69.0,3580,23,11,10,9,23,25,250,0,3150
2014,PHI,REG,16,384,621,4581,27,21,32,-225,5,3,5585,2104,218,48.43070468073216,-0.9524837525841456,0,186,90,63,13,474,1992,16,10,6,109,-58.24028490039603,0,54,44,12,2,384,612,4581,27,5,5,5585,2105,218,90.90350670000682,0,186,90,63,13,7,780,38,206,91,411,24,49.0,357.0,80,12,145,82,2,3,0,38,9,-32,16,103,2,115,995,50,14,11,1,25,15,41,531,32,874,32,36,4,0,54.0,0.8888888888888888,0,10,14,4,4,0,0,0,2,2,0,0,51;28;31;23;36;38;33;51;26;27;31;45;54;20;45;39;33;33;36;26;35;30;50;31;22;26;25;47;43;22;32;39,38;49;34;46,,1108,167,0,54,54,0,0,1.0,1,1,0,0,36,76,0,68.0,3331,34,5,13,7,22,29,238,1,2953
2014,PIT,REG,16,411,612,4997,33,10,33,-172,3,3,5230,2282,243,162.29943292075347,5.577245213326916,4,204,99,56,15,423,1752,10,7,3,98,-46.06460154931026,0,42,29,9,3,411,601,4997,33,4,4,5230,2281,243,194.91082502660777,4,204,99,56,15,1,599,75,301,57,282,12,33.0,194.0,83,11,242,54,4,1,1,0,5,-56,10,39,1,103,834,61,9,7,0,16,11,32,321,35,758,29,32,3,0,53.0,0.90625,0,12,6,10,1,0,0,1,0,0,2,0,36;34;41;25;43;42;24;45;25;24;20;44;30;40;53;27;49;23;49;31;47;22;44;38;38;23;23;29;25,50;23;54,,994,127,0,45,45,0,0,1.0,1,1,0,0,41,61,1,74.0,2668,20,3,9,4,18,27,221,0,2367
2014,SEA,REG,16,287,454,3492,20,7,42,-242,5,0,3715,1881,160,41.75864261132764,4.008393300076325,0,141,74,54,8,525,2762,20,9,2,144,34.42787600238695,0,83,61,17,6,287,432,3492,20,3,2,3715,1881,160,107.09674072506677,0,141,74,54,8,1,602,39,267,80,343,18,36.0,226.0,85,13,319,65,2,1,1,25,14,-20,10,0,0,130,1009,65,12,11,1,23,7,36,252,39,820,31,37,4,2,58.0,0.8378378378378378,0,10,10,9,2,0,0,0,0,2,2,0,35;20;20;28;40;43;33;33;48;24;35;58;29;34;30;40;28;24;27;27;32;52;40;21;36;35;46;44;38;42;45,46;52;50;47,46;49,1087,195,95,41,41,0,0,1.0,0,0,0,0,,61,1,66.0,2688,28,9,7,6,22,17,195,1,2373
2014,SF,REG,16,292,487,3407,20,10,52,-344,3,3,4737,1393,165,3.442206039439598,-2.3523209847448285,0,136,63,49,5,470,2176,10,10,7,104,-55.19507517085769,0,62,48,14,2,292,484,3407,20,2,1,4737,1393,165,85.2865532831551,0,136,63,49,5,0,671,62,184,73,304,10,35.0,196.0,79,23,315,83,2,2,0,0,6,-6,6,35,1,116,937,76,11,7,0,18,12,35,227,45,1104,25,31,5,1,55.0,0.8064516129032258,0,6,8,5,6,0,0,0,1,1,2,1,27;24;29;51;46;31;31;55;52;27;30;54;22;34;45;35;31;37;44;41;40;52;20;53;37,37;51;55;47;60,45,948,250,45,33,33,0,0,1.0,1,1,0,0,35,72,1,71.0,3369,28,4,3,7,22,36,336,1,2893
2014,TB,REG,16,301,531,3623,21,20,52,-326,9,3,5488,1154,162,-30.40943357559492,-1.6034062109687777,0,135,80,51,9,353,1375,7,5,3,72,-44.84436322258644,0,34,21,8,3,301,523,3623,21,5,4,5488,1154,162,29.21971102235816,0,135,80,51,9,0,711,127,295,84,316,16,36.0,210.0,75,14,155,64,3,5,0,3,14,-29,11,14,0,118,939,54,18,11,2,29,13,23,249,36,819,20,24,2,2,55.0,0.8333333333333334,0,2,7,6,5,0,0,0,0,1,1,0,36;50;27;55;47;54;45;40;51;32;38;32;39;32;42;54;48;43;39;27,45;55,24;31,831,100,55,31,31,0,0,1.0,0,0,0,0,,78,1,56.0,3154,17,6,12,2,26,32,185,1,2929
2014,TEN,REG,16,299,513,3738,20,16,50,-326,7,3,4701,1671,159,-69.45352882514305,-2.7986263343603306,0,148,82,50,8,356,1447,6,5,3,75,-30.904071735933737,0,37,21,7,1,299,505,3738,20,4,2,4701,1671,159,20.373432047954964,0,149,82,50,7,0,752,10,290,88,342,5,39.0,222.0,67,12,122,69,1,2,1,0,12,-24,4,105,1,111,961,55,15,8,1,23,10,30,207,48,1121,19,22,3,0,51.0,0.8636363636363636,0,5,7,5,2,0,0,0,0,3,0,0,36;31;46;47;47;36;25;21;42;36;35;20;20;40;33;51;50;23;31,40;44;42,,670,126,0,27,27,0,0,1.0,0,0,0,0,,88,1,79.0,4118,28,7,6,7,25,43,350,0,3628
2014,WAS,REG,16,364,547,4461,18,18,58,-414,10,5,4223,2543,186,-17.546492955953262,0.9390965104103088,0,154,90,57,20,401,1691,15,9,2,88,-36.43268683947334,0,49,39,11,0,364,544,4461,18,6,5,4223,2543,186,72.96200083950718,0,154,90,57,20,0,635,96,290,65,293,14,36.0,241.0,78,7,38,48,0,3,0,0,17,-3,12,19,0,119,1115,54,23,8,2,31,13,29,208,36,783,24,27,3,0,49.0,0.8888888888888888,0,11,6,7,0,0,0,0,1,1,1,0,36;42;49;44;27;28;43;31;31;27;22;44;40;36;26;27;46;25;29;35;38;25;26;25,33;47;50,,802,130,0,31,32,0,1,0.96875,3,3,0,0,22;40;26,77,1,77.0,3659,22,6,12,7,10,42,397,1,3122
2015,ARI,REG,16,353,562,4775,35,13,27,-159,4,2,6084,1782,237,142.46525964098925,4.347065540877256,0,205,96,66,15,452,1917,16,8,4,92,-27.7469323119212,0,50,43,12,5,353,550,4775,35,4,3,6084,1782,237,187.80871441924677,0,205,96,66,15,1,707,35,151,86,348,22,35.0,258.0,107,19,263,69,4,6,2,0,8,-7,14,52,2,94,758,55,16,7,4,23,11,39,289,32,770,28,31,3,0,47.0,0.9032258064516128,1,12,9,6,0,0,0,0,0,1,2,0,43;22;21;27;42;38;29;31;39;21;21;37;35;33;43;43;24;32;26;41;33;29;27;23;47;28;38;19,47;55;51,,892,153,0,53,58,5,0,0.913793103448276,1,1,0,0,32,60,1,58.0,2575,22,2,8,6,19,25,295,0,2160
2015,ATL,REG,16,410,621,4602,21,17,32,-223,8,3,4788,1856,230,72.34844252021891,-0.0467203472962835,1,192,87,49,9,420,1606,13,8,6,95,-73.04481076041117,0,48,31,8,1,410,617,4602,21,4,2,4788,1856,230,129.6925114210605,1,192,87,49,9,0,667,53,237,46,185,12,19.0,117.0,75,15,220,61,1,0,0,0,12,-41,8,105,3,100,969,49,17,9,1,26,13,27,255,26,667,25,31,5,1,54.0,0.8064516129032258,1,6,7,8,3,0,0,0,1,4,0,0,41;39;44;47;42;32;42;28;27;21;24;44;36;19;31;28;47;52;29;34;33;46;37;54;51,38;48;47;46;43,45,928,222,45,34,34,0,0,1.0,0,0,0,0,,58,1,69.0,2735,24,3,4,4,19,28,272,0,2383
2015,BAL,REG,16,426,676,4449,21,21,24,-178,2,2,5083,2186,211,-18.648257388418457,-0.6711166335227794,1,175,90,54,8,383,1478,8,6,2,89,-54.86254719132224,0,38,29,7,1,426,668,4449,21,3,1,5083,2138,211,28.38095977212695,1,175,90,54,8,2,647,22,286,79,283,8,37.0,220.0,94,6,51,65,1,2,0,68,5,-22,8,41,1,122,1153,65,9,4,1,13,7,40,450,34,857,33,40,7,0,52.0,0.825,0,10,9,10,4,0,0,0,0,1,6,0,52;44;22;21;37;31;21;40;42;52;23;22;36;44;48;29;48;45;39;25;20;47;49;35;38;31;28;30;37;50;28;50;49,50;51;45;58;51;51;55,,1213,361,0,29,29,0,0,1.0,3,3,0,0,52;39;47,74,0,62.0,3387,29,15,7,5,12,35,176,0,3111
2015,BUF,REG,16,295,465,3600,23,9,42,-257,7,2,4737,1294,155,43.53203010535892,2.6147097575431792,0,135,70,51,12,509,2432,19,8,2,122,8.106519793128054,2,70,53,19,4,295,462,3600,23,6,3,4737,1290,155,101.23467575160994,0,135,70,51,12,0,610,97,247,45,165,9,21.0,125.0,75,17,253,93,2,5,1,0,15,-11,8,50,1,143,1249,61,21,7,3,28,10,31,232,41,772,23,27,4,0,52.0,0.8518518518518519,0,5,8,7,3,0,0,0,1,1,2,0,41;45;26;51;51;31;38;26;43;47;41;29;52;33;27;36;38;40;32;32;20;37;42,54;30;48;50,,858,182,0,34,40,6,0,0.85,0,0,0,0,,82,0,65.0,3797,22,9,10,3,20,40,353,0,3384
2015,CAR,REG,16,300,501,3873,35,10,33,-284,1,1,5180,1494,197,85.86609990519874,0.2849979979754945,0,170,81,53,10,526,2282,19,8,5,136,6.919146563638752,0,64,42,11,3,300,494,3873,35,3,3,5180,1494,197,133.7235143506974,0,170,81,53,10,0,650,42,336,86,386,22,44.0,302.0,110,24,301,84,4,0,0,0,3,47,15,27,1,103,887,62,7,5,0,12,9,30,282,22,407,30,36,2,4,52.0,0.8333333333333334,1,10,4,13,2,0,0,0,0,1,1,0,43;47;28;20;47;24;27;27;35;29;39;42;52;20;49;22;48;19;42;48;25;49;43;25;50;38;43;33;47;49,53;43,43;53;43;34,1110,96,173,56,59,2,1,0.9491525423728814,2,2,0,0,52;43,70,0,65.0,3175,20,6,3,5,19,37,288,1,2787
2015,CHI,REG,16,334,523,3843,21,12,34,-183,5,5,4327,1837,177,5.255541195294274,1.5404708812691572,1,143,75,56,10,468,1854,13,5,2,108,-27.4487426756843,1,44,24,6,0,334,519,3843,21,4,0,4327,1841,177,76.43457412420683,1,143,75,56,10,0,683,36,180,56,302,6,35.0,237.0,93,8,103,53,0,3,0,0,9,-12,9,0,0,99,909,62,13,7,2,20,9,31,242,33,892,33,39,6,0,55.0,0.8461538461538461,1,8,10,7,7,0,0,0,2,2,2,0,28;50;44;40;23;51;19;54;49;44;30;27;23;38;29;55;33;35;37;36;46;37;37;21;40;51;51;26;27;50;39;49;34,51;47;34;40;36;50,,1253,258,0,28,29,0,1,0.9655172413793104,1,1,0,0,49,73,1,72.0,3233,29,6,11,4,22,30,226,1,2927
2015,CIN,REG,16,334,505,4104,31,9,32,-181,2,2,4432,1803,191,125.68454852987516,4.634053180314074,0,153,85,63,13,467,1805,18,8,5,99,-54.65101583478565,1,46,31,5,0,334,495,4104,31,3,1,4432,1803,191,181.2548406227004,0,153,85,63,13,0,690,25,307,71,345,10,42.0,288.0,110,21,202,87,1,1,0,0,9,-54,7,46,0,111,917,66,7,11,1,18,8,43,350,34,700,23,28,4,1,52.0,0.8214285714285714,0,6,5,10,2,0,0,0,1,2,1,0,32;35;21;31;42;47;39;44;45;44;28;42;39;43;21;44;40;20;46;27;22;52;52,36;44;54;45,42,856,179,42,48,49,0,1,0.979591836734694,1,1,0,0,42,68,1,67.0,3116,22,4,11,6,15,32,203,0,2793
2015,CLE,REG,16,371,609,4156,20,12,53,-374,13,8,4871,1956,192,-37.22303268052066,-0.734351173043251,2,179,82,48,12,380,1529,5,5,4,81,-39.195723808453366,0,40,25,10,2,371,601,4156,20,6,3,4871,1953,192,67.73248023108955,2,179,82,48,12,1,672,14,324,62,246,14,29.0,157.0,71,11,210,54,2,3,0,-1,9,-4,10,47,0,120,1083,57,23,5,1,28,18,29,325,41,1041,28,32,0,4,47.0,0.875,0,11,10,7,0,0,0,0,0,0,0,0,26;24;41;36;28;33;40;43;43;37;32;26;25;44;27;23;31;21;47;26;34;37;45;36;29;39;33;29,,51;47;42;51,935,0,191,22,24,2,0,0.9166666666666666,1,1,0,0,32,70,0,67.0,3270,25,7,7,4,15,37,381,1,2809
2015,DAL,REG,16,334,528,3677,16,22,33,-206,3,1,4053,1769,175,-46.13478794334687,-0.7663259846167297,1,154,72,40,4,408,1890,8,7,4,94,-10.008070782013837,0,51,39,17,3,334,519,3677,16,4,4,4053,1769,175,-11.676417121798917,1,154,72,40,4,1,612,83,329,69,318,6,31.0,229.0,76,8,62,54,1,2,1,80,7,-4,3,5,0,112,879,71,14,4,1,18,11,33,183,28,704,30,32,2,0,54.0,0.9375,0,9,10,6,5,0,0,0,0,1,1,0,21;32;20;28;30;38;51;23;30;48;33;35;52;27;41;44;42;53;30;21;48;38;34;20;54;27;38;50;46;22,48;50,,1076,98,0,25,25,0,0,1.0,1,1,0,0,54,69,0,61.0,3117,27,16,6,1,22,24,162,0,2935
2015,DEN,REG,16,368,606,4216,19,23,39,-246,4,1,5534,1852,201,-26.848570396328753,-1.825808797845777,0,173,82,41,11,411,1718,13,5,3,85,-44.97923971470357,0,46,33,11,2,368,604,4216,19,4,3,5534,1852,201,23.80395312418919,0,173,82,41,11,1,709,27,221,86,391,22,52.0,351.0,123,14,321,83,4,3,1,0,8,-3,13,19,1,115,1063,76,11,5,0,16,8,29,283,27,588,30,35,5,0,57.0,0.8571428571428571,0,12,8,5,5,0,0,0,0,3,2,0,57;56;43;33;54;48;33;47;39;25;20;52;29;25;39;34;50;24;29;24;21;23;41;35;29;20;23;37;48;35,51;47;52;49;45,,1073,244,0,35,36,1,0,0.9722222222222222,1,1,0,0,34,85,0,62.0,3704,22,12,16,5,16,36,247,0,3357
2015,DET,REG,16,420,632,4463,33,14,44,-251,2,2,4132,2495,236,24.723327870647523,-0.1959041767181691,0,178,93,52,8,354,1335,7,7,3,71,-38.17785450290883,0,36,21,7,0,420,622,4463,33,3,3,4132,2495,236,92.9593477634697,0,178,93,52,8,0,737,36,214,94,368,17,43.0,279.0,104,9,103,62,1,3,2,0,6,-5,9,28,1,104,930,57,12,5,2,17,10,30,209,44,1220,22,24,2,0,59.0,0.9166666666666666,0,3,8,6,5,0,0,0,1,0,1,0,26;41;40;39;32;27;52;35;49;51;29;41;51;48;51;34;42;36;38;37;34;59,38;54,,892,92,0,36,39,2,1,0.9230769230769232,1,1,0,0,27,80,0,66.0,3679,25,4,10,3,20,43,263,0,3356
2015,GB,REG,16,348,573,3825,31,8,47,-322,8,4,4633,1952,173,-7.410608368179486,-1.060299498709381,4,142,83,55,6,436,1850,8,8,4,100,-24.836679081330516,0,53,33,9,1,348,565,3825,31,4,1,4633,1952,173,90.02135347406777,4,143,84,55,6,0,705,36,224,79,346,12,43.0,256.0,95,16,198,72,2,3,0,0,13,-16,6,21,1,105,906,67,20,4,2,24,9,31,167,36,881,24,28,3,1,56.0,0.8571428571428571,1,7,4,8,4,0,0,0,0,2,1,0,37;54;18;44;21;44;31;35;23;28;56;44;42;47;40;42;52;22;50;24;21;33;28;43,44;52;41,49,879,137,49,36,36,0,0,1.0,0,1,1,0,52,81,0,62.0,3557,18,14,6,6,14,41,174,0,3263
2015,HOU,REG,16,358,619,4079,29,12,36,-246,9,4,5939,1356,210,5.543261859931349,-4.246827663932638,1,172,74,46,8,472,1731,7,5,2,90,-58.25913614032939,1,43,34,7,1,358,614,4079,29,3,2,5939,1356,210,68.75433389179557,1,172,74,46,8,0,619,67,309,78,358,12,45.0,311.0,106,14,180,90,2,4,0,0,14,0,11,72,1,107,910,63,19,3,0,22,8,52,377,18,430,23,27,4,0,51.0,0.8518518518518519,1,6,8,6,2,0,0,0,0,1,3,0,34;47;43;39;19;36;49;41;38;24;22;20;34;37;45;22;46;32;22;36;29;51;51,43;53;56;50,,817,202,0,32,36,4,0,0.8888888888888888,0,0,0,0,,96,0,64.0,4533,24,2,8,11,15,60,612,0,3701
2015,IND,REG,16,355,619,3928,26,19,37,-224,5,2,5285,1647,195,-24.842735584531123,-4.196501550394178,1,147,74,46,7,396,1438,6,6,5,77,-77.46362533454878,0,37,23,7,0,355,604,3928,26,2,1,5285,1647,195,50.816723382058186,1,147,74,46,7,0,652,30,328,72,342,13,35.0,251.0,85,17,196,77,4,4,1,0,7,-1,8,31,1,108,931,55,14,5,1,19,11,39,268,43,1047,25,27,2,0,55.0,0.925925925925926,0,7,6,8,4,0,0,1,0,0,1,0,54;32;27;48;42;47;34;24;50;43;55;43;49;27;26;44;35;25;21;32;29;38;49;52;35,52;29,,961,81,0,32,35,2,1,0.9142857142857144,2,2,0,0,27;43,85,0,63.0,4052,28,7,13,6,23,36,386,3,3546
2015,JAX,REG,16,355,607,4428,35,18,51,-320,9,3,5586,1841,215,2.1673543335658207,-3.0107058770644683,1,158,99,72,11,354,1473,5,9,4,68,-64.88090929418895,0,44,29,8,1,355,601,4428,35,2,1,5586,1841,215,91.69773346088505,1,158,99,72,11,1,748,21,249,82,323,14,36.0,237.0,76,9,120,73,1,4,0,0,13,-51,9,55,2,105,880,64,14,11,2,25,10,31,361,31,721,26,30,3,1,58.0,0.8666666666666667,0,9,8,6,3,0,0,0,0,2,1,0,22;27;58;28;40;20;32;31;45;39;35;21;45;53;31;32;20;36;22;51;27;28;46;42;43;34,44;53;48,26,908,145,26,32,39,7,0,0.8205128205128205,1,1,0,0,53,80,0,63.0,3700,26,3,6,4,22,45,462,0,3158
2015,KC,REG,16,310,473,3493,20,7,46,-238,2,0,3167,1933,155,27.513570398516272,-0.0839852198926213,2,136,67,42,10,436,2044,19,5,2,116,5.571381168478954,0,53,38,13,2,310,463,3493,20,5,4,3167,1936,155,83.17123019769697,2,136,67,42,10,0,710,33,165,77,325,13,47.0,290.0,86,22,477,93,4,4,1,0,7,-1,7,72,2,104,878,66,11,5,1,16,8,45,355,35,791,30,37,6,1,53.0,0.8108108108108109,0,7,10,9,4,0,0,0,0,2,3,1,27;48;35;22;40;51;34;40;29;51;35;48;30;22;27;33;48;49;34;33;50;28;24;49;38;37;40;53;32;40,51;66;54;48;54;46,27,1127,319,27,39,41,2,0,0.951219512195122,0,1,1,0,66,75,0,62.0,3333,37,9,14,5,21,26,170,0,3063
2015,LA,REG,16,273,473,2931,11,11,18,-126,4,2,3806,1565,126,-84.26526021480669,-6.166951644879121,1,119,52,35,10,429,1956,16,11,5,92,-58.5425000428937,0,56,45,19,7,273,468,2931,11,3,2,3806,1565,126,-52.68063461810033,1,119,52,35,10,1,745,24,330,97,348,20,41.0,236.0,116,13,182,71,1,3,1,0,11,-16,13,103,2,122,1007,54,14,8,1,22,10,39,300,34,830,21,31,7,3,61.0,0.6774193548387096,1,2,10,5,2,1,0,0,1,1,3,2,33;37;52;49;27;30;42;39;38;61;35;45;53;26;38;35;19;42;33;32;44,53;63;63;35;48;52;52,50;40;48,810,366,138,27,29,1,1,0.9310344827586208,0,0,0,0,,96,0,68.0,4601,41,8,17,6,25,40,289,1,4192
2015,LAC,REG,16,442,667,4855,30,13,40,-264,2,2,4838,2629,230,74.24617151116739,2.9861972325650163,2,199,87,53,8,393,1358,4,7,4,79,-76.27448869421747,0,28,19,9,1,442,659,4855,30,7,3,4838,2622,230,133.48399766532722,2,199,87,53,8,0,634,117,211,67,303,11,32.0,222.0,75,11,152,62,1,3,0,0,6,-5,9,1,0,117,942,78,14,6,3,20,11,20,84,28,583,26,32,6,0,54.0,0.8125,0,4,7,11,4,0,0,0,0,5,0,1,32;25;40;32;46;45;34;40;54;36;32;40;44;42;49;31;22;52;28;51;30;28;47;45;50;42,47;60;48;42;48;48,,1017,293,0,28,32,3,1,0.875,1,1,0,0,34,72,1,68.0,3261,15,4,8,2,14,44,432,0,2789
2015,LV,REG,16,373,605,4129,34,14,33,-250,5,2,4743,1849,193,-9.781290429274977,-2.594803429879682,1,161,83,53,10,370,1457,7,7,3,74,-41.62655356005948,0,33,27,10,2,373,601,4129,34,5,1,4743,1849,193,52.29298795661373,1,161,83,53,10,0,758,40,198,82,307,14,38.0,211.0,78,14,73,90,1,3,2,12,12,-13,11,76,0,139,1102,50,19,8,5,27,10,42,272,53,1268,21,26,4,1,56.0,0.8076923076923077,0,7,5,5,4,0,0,0,0,3,1,0,23;46;48;23;35;29;41;50;29;32;31;52;47;48;56;24;23;30;50;31;29,40;52;49;43,38,777,184,38,38,39,1,0,0.9743589743589745,0,0,0,0,,83,1,70.0,3697,40,9,21,4,19,30,201,0,3416
2015,MIA,REG,16,365,588,4231,24,12,45,-420,8,3,5154,1876,194,0.4103286796660521,0.9999737451285792,1,177,82,57,13,344,1496,11,4,2,72,-33.000191759396365,1,41,34,12,1,365,581,4231,24,2,1,5154,1876,194,74.14053651191922,1,177,82,57,13,1,743,39,273,88,368,8,31.0,225.0,89,13,184,71,3,2,0,0,12,-15,3,40,0,134,1090,55,14,9,4,23,7,41,424,43,958,13,16,3,0,53.0,0.8125,1,3,4,4,1,0,0,0,0,2,0,1,22;48;41;30;53;48;42;22;36;33;20;38;19,42;63;46,,452,151,0,33,36,3,0,0.9166666666666666,0,0,0,0,,92,0,70.0,4380,30,9,8,10,15,50,526,0,3654
2015,MIN,REG,16,294,454,3246,14,9,45,-318,5,2,3273,1808,153,-5.987777484615307,2.7522371534038994,0,131,79,41,6,474,2211,18,9,4,113,3.796129294830816,1,64,38,14,6,294,443,3246,14,4,1,3273,1808,153,63.339620748394154,0,131,79,41,6,3,698,100,186,69,318,11,43.0,283.0,111,13,215,65,2,2,0,44,10,-2,9,83,1,88,797,56,15,6,3,21,8,34,311,42,1190,34,39,4,1,54.0,0.8717948717948718,0,9,13,6,6,0,0,0,1,1,2,0,37;28;23;24;38;33;24;45;45;37;53;51;35;22;43;48;36;34;40;20;38;34;29;39;44;54;53;32;52;22;53;27;39;32,44;38;53;51,39,1264,186,39,33,37,4,0,0.8918918918918919,2,2,0,0,36;40,66,0,61.0,2746,23,3,8,5,21,29,152,0,2494
2015,NE,REG,16,404,629,4812,36,7,38,-225,5,2,4935,2444,229,127.55207590305136,-0.330051691390765,0,199,94,59,12,383,1404,14,2,0,87,-12.693780753458832,0,40,22,4,0,404,624,4812,36,3,2,4935,2444,229,180.36938120401683,0,199,94,59,12,0,634,69,305,71,378,22,49.0,358.0,94,12,176,85,0,3,1,0,6,0,9,26,2,96,859,58,12,2,1,14,7,47,473,25,469,33,36,3,0,57.0,0.9166666666666666,0,6,11,12,4,0,0,0,0,2,1,0,46;21;50;25;46;20;46;49;57;34;40;35;38;46;24;52;36;21;21;31;54;35;35;47;43;49;43;38;42;32;35;44;34,54;48;46,,1269,148,0,52,52,0,0,1.0,1,1,0,0,54,73,1,67.0,3358,31,11,6,3,14,39,347,1,2951
2015,NO,REG,16,460,667,5205,32,12,32,-235,4,2,5208,2535,247,120.20925621110624,2.794833944304137,0,205,107,72,13,397,1491,16,3,1,98,-31.697809578200744,1,43,25,6,2,460,663,5205,32,6,4,5208,2538,247,159.3404771848973,0,205,107,72,13,2,662,33,297,54,266,18,30.0,198.0,64,9,87,69,0,3,0,4,9,0,13,44,1,130,1112,71,15,2,0,17,8,32,275,28,605,18,26,6,2,57.0,0.6923076923076923,0,5,7,3,3,0,0,0,2,2,2,0,37;23;45;33;31;51;29;21;31;50;30;57;23;45;22;37;41;30,42;30;51;48;38;52,46;28,636,261,74,44,46,1,1,0.9565217391304348,2,2,0,0,50;30,67,0,58.0,3006,25,15,4,6,16,26,215,0,2671
2015,NYG,REG,16,392,623,4500,36,14,27,-157,6,3,4709,2113,208,62.41986116923445,-0.979986467012545,0,160,81,53,16,403,1609,5,4,2,76,-46.43590058460178,1,39,24,8,0,392,615,4500,36,5,2,4709,2113,208,118.07843664806605,0,161,81,53,16,2,645,214,322,50,218,18,23.0,137.0,84,15,206,87,2,3,1,9,13,-17,12,77,2,102,779,62,11,12,3,23,7,36,367,39,971,30,32,2,0,53.0,0.9375,1,6,12,8,3,0,0,0,0,2,0,0,50;40;30;19;38;44;35;36;48;47;22;41;24;47;34;35;35;53;44;37;38;53;29;20;35;35;27;22;30;48,48;48,,1096,96,0,44,45,1,0,0.9777777777777776,0,0,0,0,,76,0,64.0,3380,33,2,17,6,21,30,300,0,2960
2015,NYJ,REG,16,362,604,4170,33,16,22,-113,2,2,5545,1889,210,73.83009702011127,-1.259376551720787,0,189,94,56,9,448,1868,11,7,2,99,-41.214747631782714,0,56,38,13,2,362,602,4170,33,6,3,5545,1889,210,97.92770285936189,0,189,94,56,9,0,602,53,321,57,281,15,38.0,270.0,116,18,191,77,0,1,0,0,6,-32,12,26,0,96,787,48,13,4,3,17,8,49,422,37,771,27,33,6,0,55.0,0.8181818181818182,0,6,10,9,2,0,0,0,0,5,1,0,34;35;46;53;22;48;35;39;20;30;55;40;38;29;40;41;24;24;31;47;27;42;36;40;30;49;39,48;40;49;53;45;40,,994,275,0,42,43,1,0,0.9767441860465116,1,1,0,0,31,79,1,68.0,3448,27,15,9,4,14,37,470,2,2898
2015,PHI,REG,16,405,623,4341,23,18,37,-254,6,2,4245,2255,193,-8.604878421846788,-0.7821611507285026,0,164,84,53,14,442,1743,15,10,8,110,-42.227795778370506,0,47,32,12,2,405,620,4341,23,5,2,4245,2255,193,43.964689114762585,0,164,83,53,14,3,768,40,266,77,325,18,37.0,243.0,83,15,280,82,3,1,1,24,11,-55,11,130,1,104,819,52,16,10,2,26,13,39,443,27,565,21,26,5,0,53.0,0.8076923076923077,0,5,9,5,2,0,0,0,2,1,2,0,29;46;30;39;29;26;41;37;39;52;29;24;31;53;37;43;45;41;30;36;34,44;33;50;32;50,,771,209,0,42,44,2,0,0.9545454545454546,0,0,0,0,,86,2,64.0,4038,29,1,12,8,23,42,215,0,3663
2015,PIT,REG,16,391,590,4822,26,21,33,-219,2,1,5890,1940,207,67.62887780454476,4.9534116603740275,8,180,101,61,21,388,1724,16,5,1,91,-11.13792362581536,0,47,32,15,3,391,584,4822,26,2,2,5890,1940,207,114.5549633785136,8,180,101,61,21,1,688,76,284,81,397,16,47.0,303.0,96,17,282,81,2,4,0,1,9,0,13,3,0,94,868,63,11,5,0,16,7,28,231,29,701,35,42,7,0,51.0,0.8333333333333334,1,11,9,12,2,0,0,0,0,7,0,0,44;24;21;41;45;36;47;47;48;51;28;24;36;32;34;38;18;24;34;25;44;25;22;29;51;42;42;47;45;31;24;41;34;39;21,44;46;49;41;41;47;48,,1234,316,0,32,34,2,0,0.9411764705882352,0,0,0,0,,59,0,79.0,2511,28,5,12,2,21,19,165,0,2306
2015,SEA,REG,16,333,489,4061,34,8,46,-271,3,2,4144,1849,190,129.0088794010115,7.792352004197695,0,153,85,60,9,500,2268,10,7,4,128,-31.764402398523195,1,61,42,12,2,333,472,4061,34,3,1,4144,1849,190,216.29127819031544,0,154,85,60,9,2,602,17,335,71,293,18,37.0,255.0,103,14,205,75,0,2,0,0,6,-36,8,58,3,117,1007,50,12,6,4,18,8,42,450,34,868,29,31,1,1,54.0,0.935483870967742,0,9,7,7,6,0,0,0,0,1,0,0,25;27;35;54;31;21;45;48;51;52;24;30;50;43;49;46;26;24;31;46;33;23;49;27;30;26;52;33;52,40,47,1083,40,47,40,44,2,2,0.9090909090909092,0,0,0,0,,68,0,73.0,3035,24,4,8,7,20,29,386,1,2509
2015,SF,REG,16,322,526,3646,16,12,53,-330,3,1,3902,1923,154,-58.14689586175746,-3.3693506064869108,1,135,69,46,12,390,1544,7,8,1,83,-21.80701015430707,0,42,30,6,2,322,525,3646,16,4,1,3902,1923,154,14.282351771708724,1,135,69,46,12,0,728,105,253,59,275,5,28.0,196.0,77,9,125,58,1,4,0,18,12,-18,3,16,0,113,823,55,14,7,4,21,5,30,226,42,993,24,27,1,2,54.0,0.8888888888888888,0,9,6,6,3,0,0,0,0,1,0,0,30;25;47;33;43;22;53;31;26;42;35;54;26;44;27;25;53;33;44;40;26;28;38;23,45,28;41,848,45,69,20,21,0,1,0.9523809523809524,1,1,0,0,23,92,0,62.0,4017,31,13,8,5,22,44,283,0,3634
2015,TB,REG,16,312,535,4042,22,15,27,-190,3,1,5340,1476,201,48.395813801191494,-0.0207041039666295,1,179,97,57,9,455,2162,12,9,6,99,-29.15192863283919,0,50,42,20,5,312,525,4042,22,3,2,5340,1476,201,91.54332717255896,1,179,97,57,9,0,668,113,337,71,312,19,38.0,232.0,87,11,93,66,1,8,0,0,13,-19,12,97,2,142,1180,59,13,13,0,26,13,29,288,21,506,29,40,11,0,58.0,0.725,0,10,10,4,5,0,0,1,1,5,4,0,55;35;22;30;58;42;35;45;47;22;45;21;38;23;31;25;28;21;53;52;28;38;30;23;39;53;32;24;39,52;41;33;57;29;43;43;46;54;47;52,,1034,497,0,31,34,3,0,0.9117647058823528,1,1,0,0,31,56,0,60.0,2348,15,3,7,4,15,27,140,0,2128
2015,TEN,REG,16,342,551,3893,25,17,54,-390,10,8,4858,1619,195,-61.00959418086284,0.0990392232029038,3,167,81,49,6,371,1485,10,9,4,66,-52.97720722653666,0,33,25,10,2,342,543,3893,25,2,2,4858,1619,195,57.44889019034526,3,167,81,49,6,0,667,11,291,64,290,11,39.0,271.0,71,11,164,58,1,2,0,0,9,-16,8,3,1,93,779,67,19,6,0,25,16,38,307,33,680,14,16,2,0,51.0,0.875,0,3,3,7,1,0,0,0,0,0,2,0,38;21;21;41;37;35;44;51;29;45;47;49;49;49,55;53,,556,108,0,29,31,1,1,0.935483870967742,0,0,0,0,,88,0,61.0,4175,34,11,6,1,23,47,605,1,3550
2015,WAS,REG,16,386,555,4294,30,11,27,-199,5,3,4459,1956,208,104.4906205497105,5.5074316075256275,2,167,87,52,9,429,1566,9,10,4,81,-70.95665420951221,0,32,22,10,2,386,555,4294,30,7,2,4459,1956,208,151.8160240375367,2,167,87,52,9,3,591,78,374,57,271,22,37.0,260.0,82,11,181,60,1,3,1,0,10,-4,15,30,1,105,827,51,18,8,6,26,11,32,153,40,999,26,30,3,1,54.0,0.8666666666666667,0,7,9,8,2,0,0,0,0,2,1,0,45;46;44;37;20;38;33;28;52;54;30;35;23;35;23;40;22;41;33;45;36;46;47;28;27;33,46;53;43,51,941,142,51,40,41,1,0,0.975609756097561,0,0,0,0,,70,1,64.0,3184,21,5,14,7,14,30,258,1,2786
2016,ARI,REG,16,383,646,4425,28,17,41,-289,8,3,6204,1747,229,19.327089693249395,-0.8289555536480401,1,194,84,51,6,399,1732,20,11,5,97,-33.14029407170747,0,48,31,10,4,383,636,4425,28,5,3,6204,1747,229,88.19401110443647,1,194,84,51,6,0,728,31,199,103,436,21,46.0,360.0,103,14,263,68,2,2,2,0,14,-49,14,72,1,104,889,63,18,9,2,27,11,38,230,25,544,21,28,6,1,60.0,0.75,1,5,6,6,2,1,0,1,0,2,3,0,22;40;60;25;21;36;46;45;39;19;34;34;25;54;28;56;42;43;32;34;47,47;24;53;41;55;53,39,782,273,39,43,47,3,1,0.9148936170212766,2,3,1,0,47;34;43,78,2,62.0,3269,25,4,10,2,29,33,310,0,2919
2016,ATL,REG,16,374,537,4960,38,7,37,-235,3,2,4637,2267,239,172.4939335555993,6.725005316284467,1,199,111,69,17,421,1928,20,3,1,108,0.0047720956088243,1,51,39,15,4,374,530,4960,38,1,1,4637,2267,239,235.43767212700823,1,199,111,69,17,0,647,41,303,58,274,17,34.0,228.0,81,12,279,89,3,0,0,0,4,-5,10,36,2,104,847,53,6,2,0,8,4,24,273,23,484,34,37,2,1,59.0,0.918918918918919,0,12,7,9,6,0,0,0,0,0,2,0,34;34;29;21;20;21;28;53;46;33;25;33;42;27;31;36;40;29;41;50;38;43;46;45;22;22;59;50;41;51;48;29;50;22,58;53,30,1239,111,30,56,57,1,0,0.9824561403508772,0,0,0,0,,48,0,68.0,2243,21,1,5,1,18,23,221,0,2002
2016,BAL,REG,16,439,679,4343,20,16,33,-243,4,2,5042,2090,205,-31.265738911528327,-0.3552433333002535,4,164,72,40,11,367,1463,10,4,1,79,-24.793175057310957,0,41,30,8,1,439,665,4343,20,2,1,5042,2090,205,31.860270797177428,4,164,72,40,11,1,623,30,304,70,288,14,31.0,223.0,80,18,178,71,0,6,0,23,11,-7,10,4,1,125,1111,74,14,5,2,19,7,32,246,28,636,38,39,0,1,57.0,0.9743589743589745,0,4,10,14,10,0,0,0,0,0,0,0,50;37;52;49;41;43;42;37;53;24;43;31;23;39;35;50;49;44;49;42;25;40;46;52;57;54;36;55;50;38;37;53;47;41;38;46;23;30,,34,1601,0,34,27,27,0,0,1.0,0,0,0,0,,80,0,68.0,3665,37,18,10,5,14,33,375,1,3190
2016,BUF,REG,16,286,474,3250,17,7,46,-214,2,2,4480,1190,155,20.165317539858087,0.8622892606751851,2,127,54,35,8,492,2630,29,11,3,146,43.77742129822451,2,77,63,27,5,286,459,3250,17,0,0,4480,1190,155,97.38414682833192,2,128,54,34,8,0,602,137,337,59,285,11,39.0,253.0,79,12,207,74,1,0,0,0,9,-26,6,89,2,112,960,57,10,5,1,15,5,28,314,39,829,19,25,6,0,54.0,0.76,1,8,5,4,1,0,0,0,0,5,1,0,39;19;45;34;43;44;23;40;29;23;31;26;54;20;27;21;34;28;34,49;47;49;54;46;45,,614,290,0,40,45,4,1,0.8888888888888888,0,0,0,0,,75,0,58.0,3183,20,18,7,3,8,39,262,0,2861
2016,CAR,REG,16,306,563,3962,21,19,36,-277,2,2,5711,1471,194,-26.785400887122226,-4.557922291173642,2,174,86,49,9,453,1814,16,6,4,99,-31.3604053792029,1,47,36,10,1,306,553,3962,21,1,1,5711,1471,194,43.8875802267394,2,173,86,49,9,0,671,29,331,73,324,18,47.0,270.0,93,17,204,70,1,2,1,79,3,0,10,59,2,98,850,73,9,4,0,13,10,29,202,37,828,30,38,8,0,54.0,0.7894736842105263,0,4,9,14,3,0,0,0,2,3,3,0,44;36;39;31;49;41;48;54;42;43;52;21;38;37;42;32;49;42;41;44;45;23;35;23;23;41;31;40;31;54,50;54;43;48;38;45;58;36,,1171,372,0,31,34,1,2,0.9117647058823528,0,1,1,0,50,76,0,76.0,3480,31,1,14,8,13,40,383,1,2937
2016,CHI,REG,16,347,559,4139,19,19,28,-170,8,5,5153,1654,212,7.397014502923124,0.1181659395577477,0,178,89,49,4,380,1735,10,8,3,93,-37.862160134958685,0,52,39,13,2,347,550,4139,19,5,2,5153,1654,212,66.14462692413326,0,178,89,49,4,1,705,58,214,62,270,11,37.0,230.0,75,8,73,70,1,2,1,0,13,-24,3,21,1,110,967,62,15,11,1,26,12,27,215,42,897,18,23,4,1,54.0,0.782608695652174,0,7,7,3,1,0,0,0,1,1,2,0,34;25;35;49;24;36;24;32;39;30;28;54;40;45;38;26;22;29,31;50;49;51,22,610,181,22,31,32,1,0,0.96875,0,0,0,0,,68,0,67.0,2957,24,5,5,5,31,22,282,1,2575
2016,CIN,REG,16,364,563,4206,18,8,41,-264,4,1,4416,1820,204,63.68831079074759,2.812222765270634,0,163,70,53,13,446,1769,17,5,2,100,-10.034059794278486,0,39,26,6,3,364,542,4206,18,4,4,4416,1820,204,124.52038286332724,0,163,70,53,13,0,658,44,356,57,230,6,33.0,185.0,104,17,138,85,0,7,1,0,10,-17,3,10,0,88,726,64,12,8,1,20,9,38,246,39,1003,28,35,7,0,47.0,0.8,0,13,9,6,0,0,0,0,1,3,3,0,33;21;47;25;33;21;34;42;22;43;22;47;25;36;25;38;23;36;32;33;26;38;44;23;22;43;23;24,52;50;40;45;51;36;43,,881,317,0,29,35,6,0,0.8285714285714286,0,1,1,0,43,78,0,72.0,3613,23,4,8,8,20,38,369,0,3084
2016,CLE,REG,16,338,567,3693,15,14,66,-429,8,5,4852,1694,181,-36.70367194272993,-1.3729232747281324,2,155,71,44,9,350,1712,13,12,5,83,-35.28605982442319,0,54,43,12,3,338,558,3693,15,2,0,4852,1694,181,90.02900915223834,2,155,71,44,9,0,690,26,336,52,243,6,26.0,177.0,81,10,146,67,1,2,0,0,11,-51,3,2,0,95,736,63,17,9,4,26,11,30,200,34,634,21,27,6,0,51.0,0.7777777777777778,0,6,7,7,1,0,0,0,0,5,1,0,35;46;48;38;51;45;45;37;28;41;27;31;24;20;25;30;35;40;49;27;34,52;41;42;46;41;49,,756,271,0,23,25,1,1,0.92,0,0,0,0,,83,0,65.0,3761,22,4,9,2,23,45,376,0,3345
2016,DAL,REG,16,325,483,3799,25,6,28,-168,6,4,3877,1645,191,113.29318937399732,3.861807050311739,0,161,74,39,8,499,2396,24,8,2,142,22.67213967106411,0,72,58,17,3,325,479,3799,25,4,3,3877,1645,191,154.1802201194599,0,161,74,39,8,0,642,63,299,77,282,18,34.0,197.0,90,9,75,64,0,1,0,0,13,-10,11,1,0,105,879,50,15,7,0,22,9,28,198,24,492,27,32,5,0,56.0,0.84375,0,9,8,7,3,0,0,0,0,2,3,0,23;56;25;54;22;31;49;22;44;22;32;38;23;49;37;53;46;30;21;46;39;27;40;38;33;49;23,47;47;55;56;52,,972,257,0,46,46,0,0,1.0,0,0,0,0,,58,1,66.0,2661,25,10,5,4,17,22,192,0,2389
2016,DEN,REG,16,339,570,3914,20,11,40,-229,5,2,5004,1576,181,15.52678973406265,-0.5372909490052644,1,158,72,40,8,410,1484,11,5,2,76,-67.35255812955872,0,42,23,4,1,339,556,3914,20,8,7,5004,1576,181,59.621707246371415,1,158,72,40,8,0,708,44,258,51,224,16,41.0,228.0,114,14,367,83,3,5,0,0,10,-1,13,57,1,119,985,65,18,6,0,24,14,37,316,21,481,29,34,5,0,55.0,0.8529411764705882,0,9,10,7,3,0,0,0,0,2,2,1,23;43;33;35;20;38;24;35;46;45;29;46;22;32;28;22;55;44;50;28;37;33;44;32;41;34;33;52;22,54;56;42;62;48,,1026,262,0,32,33,0,1,0.9696969696969696,0,0,0,0,,89,0,68.0,4068,28,6,12,6,25,40,271,0,3677
2016,DET,REG,16,388,594,4327,24,10,37,-216,3,2,4421,2227,217,73.99657127971116,0.1185458564552767,1,167,76,52,10,350,1310,9,2,2,76,-32.49416024343113,0,35,25,6,1,388,580,4327,24,1,0,4421,2227,217,141.89923047683007,1,167,76,52,10,2,679,53,227,55,233,8,26.0,161.0,68,10,96,63,1,3,2,32,3,-2,4,0,0,100,861,57,7,2,1,9,5,20,246,35,793,31,36,5,0,58.0,0.8611111111111112,0,10,4,10,7,0,0,0,1,4,0,0,43;42;27;42;50;50;21;29;34;43;27;47;34;47;53;58;27;43;29;48;40;27;29;32;27;52;29;54;48;33;54,43;49;49;47;39,,1219,227,0,31,33,1,1,0.9393939393939394,2,2,0,0,43;40,62,0,63.0,3010,23,3,7,3,14,35,210,0,2740
2016,GB,REG,16,403,620,4445,40,8,35,-246,5,2,5387,2043,222,124.3293165934968,2.8307738419658586,1,170,82,57,10,374,1701,11,5,3,91,-5.062696948825161,1,50,34,13,2,403,614,4445,40,6,3,5387,2043,222,181.98943195131656,1,170,82,57,10,0,659,61,207,75,381,9,39.0,285.0,83,17,209,88,0,5,0,0,10,-4,8,43,0,100,827,64,14,7,2,21,9,26,235,32,631,26,30,3,1,53.0,0.8666666666666667,1,6,13,5,1,0,0,0,1,1,1,0,25;20;36;46;44;33;25;37;43;34;32;40;29;34;27;29;38;36;33;32;38;34;18;32;48;53,48;36;51,31,896,135,31,44,47,3,0,0.9361702127659576,1,1,0,0,32,56,0,65.0,2420,19,11,7,4,18,16,151,0,2189
2016,HOU,REG,16,347,583,3418,15,16,32,-242,4,2,4974,1374,173,-57.53683234871118,-3.289085360602242,0,139,56,34,4,456,1859,8,8,2,102,-45.98693918054728,0,49,34,10,1,347,577,3418,15,2,1,4974,1374,173,0.9588640019110736,0,139,56,34,4,1,632,49,295,61,257,7,31.0,198.0,89,11,132,70,1,3,1,0,8,-11,6,60,0,87,868,67,15,5,2,20,8,39,427,30,557,35,41,6,0,53.0,0.8536585365853658,1,12,11,8,3,0,0,0,0,3,3,0,28;28;38;32;24;31;43;53;45;38;30;27;33;43;43;29;33;36;51;32;28;19;45;21;52;24;41;34;39;45;43;27;25;22;26,57;48;51;49;50;45,,1208,300,0,22,25,2,1,0.88,1,1,0,0,33,72,0,62.0,3423,30,5,3,3,13,48,477,1,2886
2016,IND,REG,16,370,584,4491,32,15,44,-289,4,3,4849,1800,220,57.68345641935878,1.3992232846295145,2,178,97,63,8,409,1628,13,5,3,93,-33.458239839705776,0,38,25,4,0,370,572,4491,32,3,1,4849,1800,220,144.97402899998275,2,178,97,63,8,1,696,11,253,50,226,15,33.0,211.0,82,8,100,60,0,2,0,0,7,-15,9,14,1,102,883,56,10,6,3,16,7,22,182,32,804,27,31,4,0,54.0,0.8709677419354839,0,3,7,10,7,0,0,0,0,2,2,0,50;40;48;52;38;33;53;49;54;53;26;41;46;41;37;36;28;33;28;49;53;36;32;48;50;42;45,42;52;55;48,,1141,197,0,44,44,0,0,1.0,0,0,0,0,,55,1,74.0,2711,19,7,5,9,17,17,139,0,2392
2016,JAX,REG,16,369,626,3925,24,16,34,-197,6,5,5155,1848,207,-45.94678742221106,-4.377769962264102,1,166,76,44,4,392,1631,8,9,5,75,-41.75805884005932,1,41,31,7,3,369,623,3925,24,2,0,5155,1848,207,19.569483815851154,1,166,76,44,4,1,711,28,182,78,276,10,33.0,183.0,77,7,104,55,1,6,0,0,8,-9,6,0,0,129,1178,60,14,9,2,23,13,40,220,37,881,27,34,5,2,56.0,0.7941176470588235,0,7,3,10,7,0,0,0,1,1,3,0,26;39;50;49;22;46;49;30;23;37;44;54;44;27;52;47;45;55;24;26;50;29;48;56;50;47;41,54;54;41;30;54,52;61,1110,233,113,29,32,3,0,0.90625,0,0,0,0,,77,0,78.0,3589,27,5,14,8,19,31,389,1,3040
2016,KC,REG,16,365,546,3914,19,8,32,-174,4,3,3732,2065,197,39.67847521783438,2.390745462877537,2,160,76,46,9,412,1748,15,5,4,86,-27.468060601213285,0,42,31,12,5,365,536,3914,19,4,0,3732,2065,197,97.35749410646108,2,160,76,46,9,3,728,28,184,65,226,16,27.0,157.0,76,18,271,104,4,3,1,0,6,-22,15,114,1,108,833,61,12,6,4,18,9,40,592,40,943,31,35,4,0,54.0,0.8857142857142857,0,8,15,6,2,0,0,1,2,1,0,0,47;33;54;43;35;30;27;22;44;39;41;33;22;44;26;51;24;36;47;36;33;37;22;37;34;34;27;39;35;25;37,49;38;28;39,,1094,154,0,36,39,2,1,0.9230769230769232,2,2,0,0,37;34,76,0,64.0,3427,38,4,6,9,27,30,157,0,3090
2016,LA,REG,16,312,536,3313,14,20,49,-362,8,3,3907,1624,151,-143.21822083871177,-6.880042010320808,0,125,61,43,9,375,1252,9,6,2,68,-63.14108018608949,0,26,16,6,0,312,530,3313,14,4,3,3907,1624,151,-54.913072845184885,0,125,61,43,9,0,708,36,222,82,309,12,31.0,196.0,102,10,71,73,0,3,0,0,12,0,8,77,1,125,1076,44,21,3,3,24,9,49,369,47,1122,19,22,3,0,54.0,0.8636363636363636,0,5,9,3,2,0,0,0,0,1,2,0,39;28;47;53;29;37;32;54;22;36;25;20;38;34;46;44;36;37;36,55;55;48,,693,158,0,23,23,0,0,1.0,0,0,0,0,,98,0,78.0,4680,51,11,11,1,40,35,152,0,4508
2016,LAC,REG,16,349,580,4386,33,21,36,-188,7,5,4913,2020,214,48.584379479255865,0.0763172112035413,0,180,92,57,16,398,1510,10,6,3,90,-43.83234396581019,0,36,27,9,3,349,564,4386,33,6,4,4913,2020,214,114.88594783150408,0,180,92,57,16,0,668,91,221,86,333,14,35.0,230.0,87,18,292,86,3,2,1,0,6,-27,10,99,2,107,780,70,14,8,2,22,14,32,212,28,508,26,32,5,1,47.0,0.8125,0,7,13,6,0,0,0,0,0,2,3,0,29;28;25;42;34;27;30;47;36;37;21;31;32;40;37;33;42;32;23;36;45;32;35;43;35;29,54;45;54;53;45,32,881,251,32,42,46,1,3,0.9130434782608696,1,1,0,0,42,59,0,69.0,2731,18,5,6,5,10,33,282,1,2349
2016,LV,REG,16,379,596,4137,29,7,18,-86,4,3,4594,1885,198,59.35730376330117,-0.2374937897231303,5,172,82,51,8,434,1922,17,8,4,98,-33.49336057477897,0,44,33,19,2,379,589,4137,29,4,0,4594,1885,198,104.82322598251186,5,172,82,51,8,0,668,52,206,47,178,20,25.0,147.0,80,16,147,73,1,0,0,0,6,-17,14,2,0,147,1251,55,10,7,4,17,7,41,380,26,534,29,35,6,0,56.0,0.8285714285714286,1,9,6,10,3,0,0,0,0,1,5,0,47;31;52;20;26;56;48;46;26;32;44;52;31;24;29;35;19;20;23;23;47;41;47;44;33;45;33;21;44,58;50;52;50;52;48,,1039,310,0,37,39,1,1,0.9487179487179488,0,0,0,0,,81,0,72.0,3937,34,11,13,9,15,33,405,1,3352
2016,MIA,REG,16,316,477,3716,27,15,30,-216,5,2,3804,1796,167,40.0559283681116,4.512552282029096,1,137,65,46,15,405,1824,14,10,2,90,-25.53717775590209,0,56,37,12,5,316,467,3716,27,2,2,3804,1796,167,81.34108321897907,1,137,65,46,15,3,656,47,399,63,273,16,32.0,220.0,96,16,186,75,1,6,0,11,16,-6,9,2,0,125,1141,54,13,13,2,26,8,36,328,35,879,16,21,3,2,55.0,0.7619047619047619,0,8,6,1,1,0,0,0,0,2,1,0,41;27;37;24;30;23;30;36;33;33;29;27;24;21;55;27,50;46;46,27;24,497,142,51,41,42,1,0,0.9761904761904762,2,2,0,0,21;27,90,0,66.0,3991,32,7,15,5,26,37,300,0,3591
2016,MIN,REG,16,414,588,4119,20,5,38,-283,8,5,3874,2030,209,40.90495952666238,3.817225806733482,0,153,76,52,8,380,1205,9,3,2,66,-98.56056271510774,1,24,16,6,0,414,585,4119,20,1,0,3874,2030,209,123.48147873217766,0,153,76,52,8,3,646,9,315,63,339,13,41.0,310.0,114,14,253,59,2,5,1,0,9,-5,13,49,2,103,882,48,16,4,0,20,11,34,354,33,902,27,31,3,1,51.0,0.8709677419354839,1,6,10,8,2,0,0,0,1,1,1,0,50;33;45;30;46;28;31;44;19;48;30;33;27;30;28;48;36;33;43;32;40;46;32;51;22;26;21,37;56;46,46,952,139,46,26,33,6,1,0.7878787878787878,0,0,0,0,,74,0,72.0,3155,34,3,14,3,28,26,209,0,2886
2016,NE,REG,16,368,550,4456,32,2,24,-148,4,1,4262,2306,203,165.0699989133868,2.8948609918465107,1,164,88,56,9,482,1872,19,8,2,109,-28.11824019290482,0,43,31,8,3,368,546,4456,32,3,3,4262,2306,203,189.26623286146977,1,164,88,56,9,0,601,22,366,50,297,16,34.0,227.0,74,13,109,72,0,7,3,6,16,-3,10,71,0,93,819,38,17,10,2,27,9,45,309,29,542,27,32,5,0,53.0,0.84375,0,9,7,9,2,0,0,0,2,1,2,0,47;53;32;34;24;25;31;46;31;51;32;30;38;28;29;41;28;48;45;45;45;40;21;29;22;40;26,39;48;50;39;52,,961,228,0,46,49,3,0,0.9387755102040816,0,0,0,0,,72,0,57.0,3217,23,7,14,5,19,27,134,0,2983
2016,NO,REG,16,472,674,5258,38,15,27,-184,4,4,4817,2437,265,116.2698458774526,4.282300160730713,0,190,101,71,11,404,1742,17,2,2,105,-9.462310887486604,2,37,25,8,2,472,664,5258,38,7,2,4817,2438,265,170.17542465148273,0,190,101,71,11,0,665,57,257,56,251,11,30.0,213.0,106,9,109,67,0,3,1,0,6,10,12,6,0,107,969,72,13,4,2,17,9,23,221,28,462,28,34,4,2,57.0,0.8235294117647058,1,7,9,8,3,0,0,0,0,0,3,1,42;20;39;45;57;33;52;22;53;21;41;26;41;30;27;30;40;32;42;34;22;37;39;42;34;21;19;40,50;61;53;55,38;38,981,219,76,49,50,0,1,0.98,0,1,1,0,61,57,0,66.0,2751,22,8,8,5,7,29,237,0,2414
2016,NYG,REG,16,377,598,4027,26,16,22,-148,7,4,4702,2011,190,-6.883122675428238,-1.6218418676649506,0,159,65,46,11,398,1412,6,2,1,73,-60.941049296269995,0,30,22,7,0,377,597,4027,26,7,4,4702,2011,190,31.21791352667606,0,159,65,46,11,1,592,195,313,63,279,15,35.0,242.0,85,17,174,101,1,6,0,78,8,4,8,60,2,88,857,48,15,7,3,22,11,45,275,31,739,21,22,1,0,48.0,0.9545454545454546,1,6,6,8,0,0,0,0,0,0,1,0,48;19;23;29;30;40;47;41;30;21;31;29;46;39;47;35;35;29;41;22;40,53,,722,53,0,31,35,4,0,0.8857142857142857,1,1,0,0,23,93,0,63.0,4297,28,12,20,8,16,37,330,0,3807
2016,NYJ,REG,16,311,550,3645,16,25,35,-179,8,2,4902,1603,166,-56.2795388806911,-4.853319185666549,0,143,77,48,10,418,1802,10,6,3,96,-15.686167575648856,1,49,35,10,0,311,546,3645,16,3,3,4902,1603,166,-18.36699859420273,0,143,77,48,10,1,617,27,325,71,237,14,27.0,179.0,81,8,141,54,0,4,0,0,15,18,4,0,1,93,837,54,15,9,0,24,9,27,149,43,941,27,31,1,3,51.0,0.8709677419354839,0,12,10,3,2,0,0,0,1,0,0,0,45;20;23;28;29;36;28;34;35;48;39;22;24;23;21;28;51;38;36;30;50;48;36;29;30;36;25,34,22;51;54,892,34,127,24,26,2,0,0.9230769230769232,0,0,0,0,,75,1,59.0,3236,24,6,8,4,22,35,319,0,2837
2016,PHI,REG,16,380,609,3798,16,14,33,-213,5,2,4552,1768,192,10.06590739169871,-0.8273221799899574,1,156,68,39,6,438,1813,16,9,4,114,-29.21153259353885,3,58,40,7,0,380,604,3798,16,3,0,4552,1768,192,63.615670441265706,1,156,68,39,6,2,624,35,251,71,313,15,33.0,207.0,90,16,207,77,3,1,1,0,15,-43,10,29,0,113,945,56,12,12,3,24,6,19,246,35,956,35,41,5,1,55.0,0.8536585365853658,0,12,12,7,4,0,0,0,0,3,2,0,22;38;25;29;53;29;38;50;33;49;38;28;35;21;30;55;34;34;26;38;29;25;48;48;50;45;36;41;45;34;27;29;41;22;33,46;44;55;51;49,40,1258,245,40,30,31,1,0,0.967741935483871,0,0,0,0,,63,0,72.0,2888,21,6,11,6,15,25,202,1,2566
2016,PIT,REG,16,381,596,4377,33,15,21,-175,3,2,5180,1983,210,88.7520535165874,1.690206027800037,3,171,94,64,10,409,1760,13,6,1,97,-13.760987789364652,0,51,37,5,2,381,590,4377,33,1,0,5180,1983,210,131.62850263245417,3,171,94,64,10,0,608,105,289,76,330,16,38.0,259.0,92,13,133,80,0,2,1,0,9,-4,10,22,1,113,1068,53,9,7,4,16,3,22,185,28,603,24,28,3,1,49.0,0.8571428571428571,0,2,10,12,0,0,0,0,0,1,2,0,46;49;40;47;32;46;44;39;25;32;33;22;44;34;38;37;39;45;49;49;40;49;30;36,42;54;55,36,945,151,36,37,37,0,0,1.0,0,0,0,0,,68,1,64.0,3100,25,11,9,3,17,28,269,0,2771
2016,SEA,REG,16,368,567,4422,23,12,42,-298,6,0,4849,1836,203,59.83468625401212,4.801660776138306,1,174,90,54,12,403,1591,13,6,3,85,-40.10723934338586,0,40,30,7,4,368,548,4422,23,6,3,4849,1837,203,128.75862408890967,1,174,90,54,12,0,597,28,450,73,324,16,42.0,272.0,103,11,72,70,0,0,1,4,13,-21,8,75,1,117,970,65,13,9,3,22,6,30,249,35,808,33,37,3,1,53.0,0.8918918918918919,0,11,13,8,1,0,0,2,0,1,0,0,39;38;23;33;33;22;33;53;42;44;40;36;44;21;49;27;31;41;23;21;35;43;23;37;31;28;28;48;27;31;32;33;28,29;28;44,45,1117,101,45,29,35,1,5,0.8285714285714286,0,1,1,0,28,71,1,64.0,3126,26,7,11,3,22,28,236,0,2830
2016,SF,REG,16,287,491,3166,21,10,47,-255,7,1,4013,1470,152,-42.01739106312349,-5.37912127535039,0,129,65,35,6,458,2019,15,8,6,116,-19.67919930858081,2,60,39,11,2,287,487,3166,21,7,4,4013,1470,152,11.565185771213548,0,129,65,35,6,0,738,84,280,60,239,15,31.0,154.0,79,10,96,73,0,4,1,0,11,-4,10,24,0,99,831,56,24,5,3,29,15,23,216,38,749,18,21,3,0,53.0,0.8571428571428571,0,4,6,7,1,0,0,0,0,2,1,0,29;39;22;36;33;48;47;28;49;48;46;49;53;33;36;31;28;47,53;44;48,,702,145,0,33,34,1,0,0.9705882352941176,0,0,0,0,,100,0,65.0,4402,28,4,11,4,41,40,345,0,3977
2016,TB,REG,16,355,578,4165,29,18,35,-239,6,5,5819,1404,220,60.38354820125659,2.0189110196200435,4,198,85,43,4,453,1616,8,8,4,80,-66.77562400135061,0,35,25,5,2,355,571,4165,29,1,0,5819,1404,220,140.1158016619649,4,198,85,43,4,0,693,81,185,68,270,16,38.0,234.0,83,17,234,87,4,3,1,76,8,-23,12,73,0,109,926,66,12,7,2,19,9,29,266,21,307,22,31,8,1,43.0,0.7096774193548387,0,5,13,4,0,0,0,0,2,5,1,0,43;35;35;38;38;37;41;30;27;31;22;41;36;27;35;41;39;26;25;34;35;33,45;41;33;46;50;48;31;46,48,749,340,48,32,34,2,0,0.9411764705882352,1,1,0,0,38,70,0,59.0,3215,37,3,9,5,29,24,128,0,2987
2016,TEN,REG,16,307,504,3720,29,11,28,-179,2,2,4750,1329,175,47.216088725642585,1.3422149882969925,0,155,76,53,8,476,2187,16,9,4,115,-19.810561351048396,0,59,38,8,3,307,490,3720,29,2,1,4750,1321,175,92.8624147964529,0,155,76,53,8,0,662,24,224,68,337,4,39.0,269.0,95,12,68,76,0,2,0,0,9,-22,6,0,1,110,1012,57,10,7,1,17,7,30,236,33,629,22,24,2,0,53.0,0.9166666666666666,1,4,6,8,3,0,0,0,0,0,2,0,28;46;34;48;26;40;48;44;32;22;33;51;23;47;19;31;53;41;39;53;42;35,51;58,,835,109,0,39,41,1,1,0.951219512195122,1,1,0,0,53,77,0,71.0,3402,32,4,6,4,27,36,347,2,2975
2016,WAS,REG,16,407,607,4948,25,12,23,-190,5,2,5297,1971,226,118.4109073596698,5.095473871665298,0,186,102,70,13,379,1696,17,7,4,89,-8.721707926293181,0,44,34,10,4,407,593,4948,25,4,2,5297,1971,226,171.6829842121522,0,186,102,70,13,1,651,90,316,72,309,17,38.0,253.0,97,13,186,75,0,1,0,0,10,7,7,7,0,110,909,55,13,6,0,19,9,29,344,27,570,34,42,8,0,53.0,0.8095238095238095,0,12,12,7,3,0,0,0,2,2,4,0,31;40;34;36;29;22;49;33;45;25;37;49;27;32;50;38;20;40;30;37;50;28;37;24;20;47;20;53;43;26;34;29;20;32,56;45;55;34;43;55;38;57,,1167,383,0,36,39,3,0,0.9230769230769232,0,0,0,0,,49,0,61.0,2209,15,7,4,4,7,27,222,0,1907
2017,ARI,REG,16,339,598,3979,21,18,52,-339,7,2,5807,1457,200,-79.08164990382774,-4.246104123523912,1,182,91,55,5,409,1386,6,9,3,66,-81.77302357564938,0,27,17,5,0,339,592,3979,21,3,2,5807,1457,200,-7.616946862073659,1,182,91,55,5,0,730,32,198,84,372,17,37.0,255.0,96,15,258,74,1,0,0,0,12,-6,6,86,1,110,880,58,12,7,1,19,7,41,288,29,592,32,40,6,2,57.0,0.8,1,7,10,10,4,0,0,0,4,2,0,0,24;27;40;30;37;29;43;50;32;28;25;32;43;34;42;48;57;54;47;23;32;35;40;35;19;34;32;21;49;46;53;42,32;42;36;32;38;40,51;45,1183,220,96,23,26,1,2,0.8846153846153846,1,1,0,0,30,88,0,63.0,4159,29,6,13,8,13,48,506,0,3493
2017,ATL,REG,16,343,530,4146,21,12,24,-156,1,1,4770,1861,200,74.83733650024547,3.108884650687876,0,180,89,55,9,430,1847,12,9,4,101,-39.86476548711535,0,50,41,11,2,343,517,4146,21,1,0,4770,1861,200,124.88033686701438,0,180,89,55,9,0,649,33,305,73,339,12,39.0,296.0,81,8,108,65,0,3,0,0,11,-10,8,25,3,102,918,65,11,6,0,17,6,27,201,39,871,34,39,3,2,57.0,0.8717948717948718,1,6,10,9,8,0,0,0,1,1,1,0,48;28;37;51;53;36;48;40;28;50;23;45;37;29;53;50;29;44;19;49;36;38;36;47;28;52;57;37;48;30;42;30;56;33,59;36;45,37;33,1367,140,70,35,35,0,0,1.0,0,0,0,0,,53,0,62.0,2379,19,4,3,2,22,22,179,0,2160
2017,BAL,REG,16,363,567,3235,20,13,27,-205,3,0,3842,1506,168,-43.725443677834654,-1.203992264262283,1,123,51,29,5,460,1856,14,5,3,111,-32.31400918216221,0,49,35,8,1,363,561,3235,20,4,1,3842,1506,168,0.7452604708918135,1,123,51,29,5,2,726,17,215,90,389,16,41.0,280.0,100,22,385,83,3,4,0,0,13,-17,12,82,3,91,749,68,10,9,2,19,4,32,322,34,936,34,37,2,1,57.0,0.918918918918919,0,7,11,11,5,0,0,0,0,0,1,1,25;25;28;42;22;21;44;27;31;50;48;57;47;55;48;30;49;32;39;23;53;31;49;38;46;51;47;31;43;30;39;36;46;34,58;62,46,1317,120,46,39,39,0,0,1.0,0,0,0,0,,84,1,67.0,3765,40,16,13,3,18,34,277,0,3428
2017,BUF,REG,16,288,475,3065,16,10,47,-261,3,2,4127,1303,148,-28.27316128747503,-0.36629870470263,0,117,57,39,4,487,2017,12,8,2,105,-34.946843299156605,0,60,48,17,1,288,468,3065,16,3,2,4127,1303,148,38.95289883583324,0,117,57,39,4,0,654,115,345,70,254,16,26.0,147.0,71,18,275,82,1,3,0,0,10,-13,7,124,2,98,872,63,11,6,1,17,6,24,213,32,640,29,33,4,0,56.0,0.8787878787878788,0,6,9,7,7,0,0,0,0,2,2,0,45;49;55;53;27;24;56;55;31;38;28;25;52;30;35;44;37;50;34;56;49;49;34;41;23;30;23;49;33,46;41;52;50,,1155,189,0,29,29,0,0,1.0,1,1,0,0,30,79,0,60.0,3529,28,10,9,6,16,38,210,0,3199
2017,CAR,REG,16,293,501,3319,22,16,35,-242,3,0,4248,1623,167,-11.221023452867351,-2.9693572804695223,0,144,70,46,5,490,2102,15,10,5,121,-37.86538671834021,1,53,35,10,5,293,492,3319,22,1,0,4248,1623,167,50.01967029320996,0,144,70,46,5,2,591,22,322,69,319,15,50.0,304.0,105,10,78,56,0,4,0,0,13,-17,11,64,1,83,682,64,10,9,0,19,6,40,318,34,760,29,30,1,0,48.0,0.9666666666666668,0,8,11,10,0,0,0,0,0,0,1,0,39;36;20;34;28;20;32;48;32;48;21;44;39;20;46;36;28;31;45;40;40;33;45;41;33;25;28;30;42,55,,1004,55,0,34,37,2,1,0.918918918918919,1,1,0,0,48,71,0,63.0,3269,25,6,10,4,21,30,176,0,3013
2017,CHI,REG,16,291,473,3085,13,12,39,-274,6,4,3487,1350,144,-61.606994263867605,-3.0781958857153215,0,137,62,30,4,422,1788,13,10,4,93,-35.60370339434523,1,53,39,10,5,291,468,3085,13,1,1,3487,1350,144,13.031072582322397,0,137,62,30,4,2,726,20,228,72,330,14,42.0,277.0,101,8,253,69,2,2,1,73,13,-14,14,100,1,115,943,49,13,11,2,24,10,32,337,46,969,16,22,5,1,55.0,0.7272727272727273,1,5,2,6,2,0,0,0,0,4,1,0,54;24;24;40;19;27;44;45;44;49;23;38;34;27;41;55,47;47;48;46;54,52,588,242,52,26,28,1,1,0.9285714285714286,1,1,0,0,40,87,0,69.0,4028,27,8,9,6,15,49,512,1,3396
2017,CIN,REG,16,304,510,3386,25,12,40,-264,3,3,4169,1761,165,-33.58777376191097,-2.042112304050414,0,140,62,34,9,377,1366,6,4,3,72,-56.391704858696585,0,42,24,8,0,304,488,3386,25,6,3,4169,1761,165,42.77886400464257,0,140,62,34,9,0,728,18,346,82,384,4,41.0,278.0,100,11,339,73,3,7,0,0,9,-4,2,0,0,110,1027,61,14,8,2,22,11,47,409,34,670,18,20,1,1,51.0,0.9,0,6,7,4,1,0,0,0,0,1,0,0,39;29;30;46;41;30;29;29;31;49;21;35;41;29;27;35;51;32,48,34,624,48,34,32,34,2,0,0.9411764705882352,0,0,0,0,,88,1,63.0,4101,32,7,12,3,23,43,410,1,3631
2017,CLE,REG,16,312,574,3537,15,28,50,-309,7,5,5188,1743,157,-142.87584097321448,-5.489515926517783,0,135,79,53,5,384,1714,11,5,2,97,-3.641922470474262,1,50,36,7,1,312,566,3537,15,4,4,5188,1743,157,-68.62397333405576,0,135,79,53,5,0,702,31,331,93,354,14,34.0,197.0,78,7,97,73,1,8,0,0,10,-27,6,11,0,110,924,72,16,9,2,25,13,38,221,35,790,15,20,5,0,54.0,0.75,0,5,4,4,2,0,0,0,2,2,1,0,24;38;41;31;47;54;23;23;27;21;39;35;45;48;51,48;52;39;35;43,,547,217,0,25,26,1,0,0.9615384615384616,0,0,0,0,,81,1,67.0,3827,24,6,15,2,13,45,482,0,3305
2017,DAL,REG,16,309,493,3326,22,13,32,-185,4,3,3943,1364,162,-36.4480728892649,-0.4819776194611775,0,123,53,34,8,480,2170,18,1,1,127,33.23809281150032,0,59,39,12,2,309,485,3326,22,1,1,3943,1364,162,20.90211064618846,0,124,53,34,8,1,650,55,281,89,426,20,38.0,321.0,97,10,98,64,1,2,0,86,2,0,10,25,0,97,939,56,7,4,0,11,9,31,275,25,620,22,29,7,0,56.0,0.7586206896551724,1,5,6,7,3,0,0,1,2,2,2,0,21;48;42;36;56;34;43;36;48;27;37;48;27;47;24;21;45;19;34;51;51;39,49;38;53;50;34;48;23,,834,295,0,36,39,3,0,0.9230769230769232,0,0,0,0,,66,0,62.0,2908,34,9,14,5,20,18,75,0,2733
2017,DEN,REG,16,332,566,3668,19,22,52,-335,8,4,4749,1627,180,-89.90077867784461,-2.4830455545288683,2,159,75,55,3,457,1852,8,5,3,92,-36.82411515554114,0,42,29,8,1,332,551,3668,19,3,3,4749,1627,180,-10.762910325954008,2,159,75,55,3,0,617,44,234,75,293,8,33.0,175.0,77,10,237,62,2,8,0,0,11,-5,7,58,2,113,885,66,18,8,3,26,12,41,351,34,768,24,32,6,2,53.0,0.75,0,6,11,4,3,0,0,2,1,2,1,0,20;38;35;28;28;36;46;28;27;34;52;53;24;39;33;36;45;31;31;53;40;40;31;36,50;49;29;35;29;40,53;61,864,232,114,27,27,0,0,1.0,0,0,0,0,,74,2,60.0,3357,24,5,13,3,23,30,258,1,3039
2017,DET,REG,16,374,570,4470,29,11,47,-287,9,6,4561,2123,210,31.854686690630988,0.5419159357526661,2,183,93,61,16,363,1221,10,6,3,58,-82.67939167219504,0,34,19,7,0,374,565,4470,29,2,2,4561,2123,210,130.9074382089701,2,183,93,61,16,2,703,46,242,76,318,16,35.0,228.0,95,19,253,79,3,4,0,0,9,-13,13,96,2,104,968,51,12,9,1,21,11,37,517,32,583,30,35,5,0,58.0,0.8571428571428571,2,4,10,7,7,0,0,0,0,1,4,0,58;56;55;40;35;57;29;37;30;41;48;37;51;34;19;44;19;31;46;27;52;32;32;50;46;48;31;23;28;30,59;56;55;43;50,,1166,263,0,40,41,1,0,0.975609756097561,1,1,0,0,46,73,0,64.0,3190,25,8,8,6,25,26,198,0,2872
2017,GB,REG,16,352,562,3532,25,18,51,-365,3,2,4081,1909,176,-56.56744630724858,-1.27707145274331,1,127,59,38,8,386,1724,13,3,2,99,15.03453342080493,0,37,31,11,1,352,554,3532,25,2,1,4081,1909,176,39.85693741390155,1,127,59,38,8,0,669,81,299,78,328,10,37.0,252.0,85,11,54,64,1,4,0,0,5,-6,10,126,1,96,789,65,10,4,2,14,7,27,289,35,761,15,19,3,1,50.0,0.7894736842105263,0,8,2,4,1,0,0,0,1,0,2,0,40;28;28;27;22;26;46;35;40;24;50;37;22;28;41,59;35;57,38,494,151,38,33,35,2,0,0.9428571428571428,1,1,0,0,27,71,0,62.0,3155,19,8,8,2,24,29,164,0,2951
2017,HOU,REG,16,299,525,3644,28,17,54,-366,14,9,5204,1410,180,-53.62002154452146,-2.708071831238362,1,145,71,53,6,448,1842,8,4,1,86,-29.540478779700457,1,40,30,6,2,299,516,3644,28,2,1,5204,1410,180,62.62000474741026,1,145,71,53,6,0,620,64,308,79,280,13,32.0,200.0,71,11,144,58,2,3,1,0,13,4,5,105,2,124,1050,57,20,5,1,25,11,35,296,27,558,20,25,5,0,55.0,0.8,0,3,8,6,3,0,0,1,2,1,1,0,26;42;39;40;31;36;50;40;33;40;31;34;25;36;37;23;42;55;52;46,39;34;48;27;52,,758,200,0,32,35,3,0,0.9142857142857144,0,0,0,0,,92,0,68.0,4507,32,8,8,5,22,49,608,1,3799
2017,IND,REG,16,285,487,3226,13,9,56,-334,6,2,3678,1646,148,-67.5878054780015,-4.681024826684241,0,125,56,36,9,451,1661,11,7,1,94,-38.5822264176769,0,40,30,8,0,285,472,3226,13,4,3,3678,1646,148,18.325580306077793,0,125,56,36,9,0,644,19,335,66,281,11,25.0,177.0,73,13,215,69,1,1,2,0,12,-21,7,32,0,92,779,66,14,6,2,20,6,27,162,28,590,29,34,4,1,54.0,0.8529411764705882,0,11,7,6,5,0,0,0,2,1,0,1,20;46;29;33;40;52;23;38;51;36;25;52;29;33;29;22;53;48;26;28;42;27;45;39;48;38;30;54;22,38;33;43;60,38,1058,174,38,22,24,2,0,0.9166666666666666,1,1,0,0,51,84,1,61.0,3764,28,16,19,3,27,19,80,0,3624
2017,JAX,REG,16,316,527,3716,21,13,24,-123,6,3,4099,1932,193,32.89932981722703,-3.0296034779493306,3,157,79,42,7,527,2262,18,9,3,101,-23.65242449954135,0,48,36,13,5,316,517,3716,21,4,1,4099,1932,193,80.81266321351544,3,157,79,42,7,1,688,16,200,81,335,17,55.0,356.0,105,21,294,81,2,3,0,0,10,-6,12,263,5,112,936,48,17,7,4,24,10,34,325,25,551,30,35,5,0,56.0,0.8571428571428571,0,6,13,9,2,0,0,0,1,1,3,0,42;25;38;43;23;45;29;30;22;47;41;42;33;32;56;25;34;30;38;39;43;30;23;39;38;51;32;38;45;41,39;52;54;54;41,,1094,240,0,37,41,3,1,0.902439024390244,1,1,0,0,30,87,1,65.0,3835,29,15,8,9,25,30,228,0,3427
2017,KC,REG,16,363,543,4326,26,8,37,-222,1,1,4198,2138,198,89.69097477624453,4.589472174870245,0,169,78,54,14,405,1903,12,3,2,95,-9.264976811768642,0,52,38,15,4,363,528,4326,26,2,0,4198,2138,198,153.9689414659471,0,169,78,54,14,1,650,54,218,71,273,12,31.0,179.0,70,16,201,86,0,4,0,0,10,-27,10,79,3,118,1044,64,4,10,1,14,3,35,220,47,1051,41,45,4,0,53.0,0.9111111111111112,0,8,19,10,4,0,0,0,1,2,1,0,34;39;34;26;32;43;35;42;41;35;49;46;33;53;39;37;25;32;43;51;42;38;31;31;23;45;36;53;29;33;40;31;24;51;31;32;21;29;49;20;30,46;38;52;46,,1488,182,0,40,40,0,0,1.0,1,1,0,0,30,65,0,77.0,2936,29,5,9,5,22,24,164,0,2672
2017,LA,REG,16,320,518,4023,28,7,28,-192,8,3,4054,2103,185,78.04960580789741,-1.3372277190872268,0,152,82,57,13,454,1953,17,8,3,97,-21.7833936626163,0,59,36,12,1,320,510,4023,28,4,3,4054,2103,185,116.12822606684423,0,152,82,57,13,3,651,62,234,72,322,17,48.0,324.0,99,18,401,96,3,7,2,43,12,0,10,11,0,107,922,57,22,7,4,29,14,45,458,40,1001,40,43,3,0,56.0,0.9302325581395348,1,10,11,12,6,0,0,0,2,0,0,1,50;35;44;32;40;48;19;49;44;44;30;28;43;33;35;56;29;23;33;53;34;27;46;47;27;33;50;33;50;46;49;26;56;20;24;41;36;31;23;21,36;63;36,,1488,135,0,48,51,3,0,0.9411764705882352,0,0,0,0,,65,0,70.0,3113,30,16,8,4,12,25,152,0,2881
2017,LAC,REG,16,366,583,4551,28,11,18,-120,5,1,4780,2150,220,106.86068713808346,1.1520651440553848,0,194,93,61,12,419,1595,10,5,1,84,-38.385623325688094,0,47,28,10,1,366,573,4551,28,3,2,4780,2150,220,135.68959255597997,0,194,93,61,12,1,616,179,289,74,309,13,43.0,261.0,86,18,302,79,2,2,0,0,11,5,9,50,2,108,927,59,10,7,2,17,4,28,259,25,474,20,30,7,3,50.0,0.6666666666666666,0,11,6,2,1,0,0,0,2,5,0,0,41;29;28;20;31;32;50;33;28;39;28;22;21;40;22;27;33;21;36;25,43;44;48;46;35;38;47,44;51;50,606,301,145,37,42,4,1,0.8809523809523809,1,2,1,0,44;32,74,0,69.0,3558,27,4,7,9,6,48,319,0,3059
2017,LV,REG,16,347,558,3761,23,14,24,-130,4,1,4655,1686,178,23.031395273870977,-0.5019484357773394,2,141,70,47,10,370,1554,13,8,4,78,-39.24673329683711,0,39,25,10,4,347,552,3761,23,8,6,4655,1686,178,38.159263909653234,2,140,70,47,10,0,633,103,285,64,247,12,31.0,188.0,73,5,10,56,0,7,0,0,13,-9,9,1,0,114,1009,64,25,8,7,33,14,27,155,34,738,16,21,4,1,53.0,0.7619047619047619,0,5,5,3,3,0,0,0,2,2,0,0,20;52;52;43;29;22;38;32;44;26;36;53;39;39;25;40,45;35;39;48,53,590,167,53,33,34,1,0,0.9705882352941176,0,0,0,0,,69,0,65.0,3270,28,6,10,6,15,32,205,0,2945
2017,MIA,REG,16,373,602,3792,24,21,33,-257,3,0,4884,1681,187,-49.8747553124979,-0.3472006797385054,0,161,62,41,5,360,1388,4,5,3,66,-56.14798666582973,1,31,21,10,4,373,588,3792,24,10,4,4884,1681,187,-8.718559619699773,0,161,62,41,5,0,644,58,274,68,301,9,30.0,185.0,89,9,99,57,1,1,2,40,13,-20,6,52,2,137,1154,51,14,9,2,23,8,37,271,40,834,21,23,2,0,54.0,0.9130434782608696,0,6,8,6,1,0,0,0,0,1,1,0,30;28;35;54;41;49;38;39;49;26;31;28;37;30;44;28;41;26;44;28;36,50;48,,762,98,0,26,29,3,0,0.896551724137931,0,0,0,0,,83,0,64.0,3695,30,6,17,5,20,35,220,0,3375
2017,MIN,REG,16,357,527,3929,25,8,27,-176,1,1,4006,1979,196,61.28468065940657,3.769894922420297,1,155,80,53,9,501,1957,15,4,3,100,-65.53568758613842,1,48,32,15,2,357,521,3929,25,4,2,4006,1979,196,109.12531080138405,1,155,80,53,9,0,605,23,289,77,338,8,36.0,227.0,86,14,200,71,1,1,1,40,2,0,5,0,0,100,949,52,10,1,3,11,6,39,372,25,619,32,38,5,1,53.0,0.8421052631578947,0,8,12,6,6,0,0,0,2,1,2,0,24;32;45;42;20;37;26;26;36;34;53;52;51;43;43;34;32;35;34;43;51;53;39;36;30;22;27;53;35;49;20;27,39;48;39;54;55,53,1184,235,53,34,39,3,2,0.8717948717948718,1,1,0,0,26,71,0,56.0,2994,29,7,7,0,33,24,213,1,2781
2017,NE,REG,16,389,587,4619,32,8,35,-201,6,2,5356,1950,232,138.86886062336072,3.667741848079309,2,191,112,63,10,448,1889,16,4,2,107,-19.637341032602205,0,43,33,10,1,389,584,4619,32,2,0,5356,1950,232,204.9829427781093,2,191,112,63,10,1,662,101,225,62,302,9,41.0,279.0,93,12,114,67,0,1,2,0,7,-24,5,0,0,95,835,52,11,2,2,13,4,32,263,28,622,37,40,3,0,62.0,0.925,0,16,9,8,3,1,0,0,0,3,0,0,25;32;28;24;27;41;35;58;27;23;45;48;28;29;21;38;25;36;43;26;25;28;62;51;40;29;50;31;39;46;33;32;46;21;40;34;21,47;43;43,,1287,133,0,45,47,2,0,0.9574468085106383,0,0,0,0,,58,0,60.0,2515,24,5,13,3,14,23,105,0,2350
2017,NO,REG,16,386,536,4334,23,8,20,-145,2,0,3417,2369,201,106.64644942046743,4.6813565751780635,0,163,97,72,11,444,2070,23,5,3,111,6.532268419810829,1,54,39,17,5,386,529,4334,23,5,5,3417,2369,201,126.7969304123909,0,163,97,72,11,2,673,16,254,77,344,17,42.0,287.0,81,20,192,102,2,5,0,39,9,-29,5,8,1,105,962,71,12,7,0,19,10,34,218,36,825,31,36,5,0,53.0,0.8611111111111112,0,10,4,13,4,0,0,0,1,3,1,0,43;21;24;20;46;35;33;50;43;45;41;28;44;45;49;40;23;53;52;29;42;28;50;21;31;34;23;40;29;45;48,49;56;41;43;38,,1155,227,0,47,50,1,2,0.94,1,1,0,0,28,60,0,68.0,2822,26,7,9,2,18,24,249,1,2533
2017,NYG,REG,16,373,608,3680,20,14,35,-201,13,7,4391,1727,178,-76.50182943699616,-3.813491771569102,0,137,55,33,6,394,1549,6,5,1,66,-52.61681331238121,1,35,27,8,2,373,603,3680,20,1,0,4391,1727,178,9.02155090962463,0,137,55,33,6,0,593,206,318,55,219,12,27.0,161.0,64,13,161,73,2,2,1,0,13,-5,6,36,0,91,895,55,17,4,0,21,8,27,148,31,609,18,25,5,2,52.0,0.72,0,8,3,4,3,0,0,0,2,3,0,0,25;25;41;30;25;51;40;50;47;42;26;23;30;52;39;28;23;29,43;47;45;34;33,49;48,626,202,97,20,23,1,2,0.8695652173913043,1,1,0,0,23,95,2,69.0,4189,19,7,16,9,20,43,448,1,3561
2017,NYJ,REG,16,323,510,3501,19,12,47,-319,7,3,3941,1538,157,-19.97912309345127,1.2098899291407677,0,135,65,46,8,427,1702,13,6,3,77,-45.60597090780286,1,46,32,14,5,323,496,3501,19,3,2,3941,1526,157,68.10715092895192,0,135,65,46,8,0,676,36,282,69,250,9,28.0,155.0,95,11,151,62,0,6,0,0,12,-8,9,20,0,119,1035,64,14,11,2,25,12,38,171,34,683,25,30,4,1,57.0,0.8333333333333334,1,6,4,12,2,0,0,0,0,4,0,0,48;52;46;40;40;22;45;26;41;57;28;43;46;45;32;47;31;19;27;47;38;29;26;48;35,45;46;48;40,45,958,179,45,29,29,0,0,1.0,1,1,0,0,41,94,0,70.0,4378,33,8,10,4,23,49,491,1,3807
2017,PHI,REG,16,341,564,3967,38,9,36,-230,7,2,5279,1551,193,70.00297010368294,0.3405720826318795,4,175,68,43,9,473,2115,9,11,5,108,-27.527563930794894,2,64,45,19,3,341,556,3967,38,1,1,5279,1551,193,141.43043749438647,4,175,68,43,9,0,629,45,227,80,297,14,38.0,246.0,113,19,278,92,1,5,0,8,14,-31,11,83,5,116,962,58,14,11,1,25,11,29,259,18,354,29,34,5,0,61.0,0.8529411764705882,0,5,5,13,5,1,0,0,3,1,1,0,50;42;37;34;40;46;61;45;40;53;47;36;28;50;48;50;42;40;51;45;45;26;22;41;33;28;20;35;48,30;52;45;34;33,,1183,194,0,40,44,4,0,0.9090909090909092,1,1,0,0,61,67,1,62.0,3033,21,7,16,5,14,25,171,0,2762
2017,PIT,REG,16,385,591,4542,29,15,24,-154,2,2,5243,2196,218,87.84268722955309,3.616037503776387,2,183,89,56,16,437,1667,12,4,2,96,-37.264987648603345,0,47,30,6,0,385,585,4542,29,4,0,5243,2196,218,130.45942137225543,2,183,89,56,16,2,613,67,229,91,481,12,56.0,393.0,104,16,184,80,0,2,1,24,7,-30,6,5,0,101,896,57,8,7,3,15,5,30,207,33,630,35,38,2,1,53.0,0.9210526315789472,0,10,12,9,4,0,0,0,1,1,0,0,46;29;37;43;32;31;49;29;34;20;24;22;24;41;49;25;34;38;41;33;41;28;50;26;53;30;37;38;52;43;24;46;51;34;36,44;37,35,1270,81,35,37,39,1,1,0.9487179487179488,4,4,0,0,33;53;38;46,64,0,62.0,2763,26,9,6,2,24,23,177,0,2546
2017,SEA,REG,16,340,555,3979,34,12,43,-322,7,3,5439,1599,183,22.67068113374603,4.576134208603957,2,150,77,58,12,409,1629,4,7,1,84,-43.771717408272615,0,60,36,11,0,340,526,3979,34,1,1,5439,1599,183,113.00815531058224,2,150,77,58,12,1,675,36,320,76,338,13,39.0,269.0,112,14,212,78,3,1,2,0,11,-11,9,41,1,148,1342,54,11,7,2,18,5,36,237,43,1004,21,29,8,0,49.0,0.7241379310344828,0,6,7,8,0,0,0,0,3,4,1,0,33;21;41;25;27;44;48;49;35;39;21;21;33;43;30;37;46;34;46;28;49,37;44;39;49;52;48;38;48,,750,355,0,37,38,1,0,0.9736842105263158,0,1,1,0,48,92,0,74.0,4141,29,10,12,6,19,45,452,0,3569
2017,SF,REG,16,362,607,4235,15,15,43,-310,4,3,4816,1904,206,-12.627246264545777,-3.02531815231941,0,171,81,49,14,408,1662,15,7,2,88,-21.79132004074186,0,53,35,8,1,362,599,4235,15,2,2,4816,1904,206,62.34515466941761,0,171,81,49,14,0,695,83,237,66,256,17,30.0,179.0,100,10,185,58,1,1,0,0,6,-10,10,45,0,123,988,69,11,3,0,14,8,34,304,31,570,39,41,1,1,52.0,0.951219512195122,0,7,11,17,4,0,0,0,0,1,0,0,44;40;37;34;36;48;49;39;47;48;23;28;43;40;52;42;50;42;43;38;42;33;28;35;34;24;52;35;25;41;38;48;28;50;48;45;27;33;48,47,27,1537,47,27,28,30,1,1,0.9333333333333332,2,2,0,0,24;45,75,0,59.0,3255,31,8,10,1,23,33,138,1,3097
2017,TB,REG,16,378,605,4607,26,14,40,-241,8,6,6172,1642,243,56.83589549660923,3.1599097303896144,1,213,97,47,6,389,1450,8,7,3,76,-43.48630437061548,1,30,19,5,0,378,596,4607,26,5,4,6172,1642,243,129.7099682034813,1,213,97,47,6,0,707,83,239,58,224,18,22.0,137.0,79,13,218,56,1,1,0,0,14,-19,13,67,3,104,795,67,14,13,0,27,13,20,192,20,432,25,34,9,0,50.0,0.7352941176470589,0,7,9,6,3,0,0,0,1,4,4,0,42;50;23;40;20;34;50;25;41;50;29;49;37;30;30;35;36;27;36;30;31;41;21;26;42,46;49;56;49;31;54;42;54;51,,875,432,0,28,31,3,0,0.9032258064516128,1,1,0,0,34,65,1,62.0,2857,24,5,7,5,21,27,153,0,2604
2017,TEN,REG,16,306,496,3394,14,17,35,-203,2,2,4375,1298,157,-46.66783523711527,0.5130726566984634,0,144,68,39,6,443,1833,18,4,2,97,-36.05477139186969,0,43,32,12,3,306,484,3394,14,3,3,4375,1298,157,-0.4409086345703235,0,144,68,39,6,0,671,28,304,64,275,11,42.0,257.0,91,12,154,74,0,1,0,0,1,-7,9,10,1,85,785,59,9,1,2,10,8,36,305,28,618,35,42,6,1,52.0,0.8333333333333334,0,10,7,16,2,0,0,0,0,3,3,0,23;26;52;40;41;26;24;37;47;35;45;48;32;40;48;23;43;23;46;47;48;44;44;29;45;43;40;31;50;25;37;27;25;39;38,52;53;48;40;58;45,48,1311,296,48,31,33,1,1,0.9393939393939394,1,1,0,0,47,75,0,74.0,3728,28,16,5,5,9,40,286,0,3342
2017,WAS,REG,16,347,540,4093,27,13,41,-342,6,4,4153,2140,191,16.449299637370874,0.8388055258252648,0,168,77,59,9,401,1448,10,10,3,66,-60.479297533698414,0,36,19,3,1,347,534,4093,27,4,2,4153,2140,191,81.20636848301567,0,168,77,59,9,0,627,94,334,61,271,12,41.0,254.0,108,16,194,90,2,6,0,0,12,-56,7,12,0,92,732,54,17,11,2,28,14,29,178,34,673,24,28,3,1,55.0,0.8571428571428571,1,12,5,5,1,0,0,0,0,1,2,0,33;41;22;23;28;19;40;48;21;27;38;42;28;28;21;55;38;28;33;24;32;26;29;49,51;52;47,36,773,150,36,36,39,3,0,0.9230769230769232,0,0,0,0,,83,0,64.0,3794,33,5,7,6,26,39,435,1,3239
2018,ARI,REG,16,283,495,2884,15,18,52,-361,10,7,3979,1257,137,-170.8265426364353,-7.2531290242082225,1,116,54,31,4,355,1342,9,6,2,76,-55.615197797077506,1,30,18,6,1,283,473,2884,15,2,1,3979,1254,137,-58.15908024894094,1,116,54,31,4,1,771,60,246,85,360,13,49.0,333.0,90,7,55,52,0,1,0,0,12,-5,9,110,2,101,786,51,15,8,1,23,10,36,295,25,536,12,17,5,0,55.0,0.7058823529411765,0,3,4,3,2,0,0,0,0,2,3,0,23;26;43;31;30;44;44;22;36;36;50;55,50;45;46;54;54,,440,249,0,23,24,1,0,0.9583333333333334,1,1,0,0,44,94,0,64.0,4568,32,7,12,7,24,44,420,0,4008
2018,ATL,REG,16,428,617,4949,36,7,42,-296,9,5,5270,2145,238,119.27982811379005,4.263023543634162,2,202,94,56,9,351,1573,11,4,1,84,-32.98608856333905,0,48,37,14,3,428,604,4949,36,7,4,5270,2145,238,200.56284835739433,2,202,94,56,9,0,662,50,326,54,276,8,37.0,255.0,77,15,151,72,1,1,0,-1,11,-16,4,74,1,101,899,61,17,7,2,24,11,21,147,31,689,25,26,1,0,57.0,0.9615384615384616,0,5,5,9,6,0,0,0,0,0,1,0,21;52;44;55;28;32;47;45;57;40;50;56;27;40;41;45;53;21;32;44;22;33;39;49;37,53,,1010,53,0,41,43,2,0,0.9534883720930232,1,1,0,0,37,60,2,57.0,2729,22,3,6,3,21,27,184,0,2485
2018,BAL,REG,16,334,556,3708,18,9,32,-150,4,3,4803,1553,184,14.682983977572892,-3.722049981521543,0,152,77,43,6,547,2441,19,16,6,152,-3.54207284750021,1,64,48,14,1,334,539,3708,18,1,1,4803,1553,184,77.0845575588075,0,152,77,43,6,1,619,35,241,85,414,9,42.0,279.0,104,12,99,89,0,4,0,2,13,-27,5,117,3,116,940,66,14,11,1,25,11,35,404,32,707,35,39,2,2,56.0,0.8974358974358975,0,12,9,9,5,0,0,0,0,0,1,1,41;39;55;52;52;47;49;28;31;44;25;32;31;23;23;37;28;56;24;47;28;41;21;45;47;28;24;35;24;35;56;38;35;44;23,53;65,43;48,1288,118,91,36,37,1,0,0.972972972972973,0,0,0,0,,60,1,65.0,2842,27,7,7,5,10,31,315,0,2427
2018,BUF,REG,16,270,498,3052,13,23,41,-288,5,3,4943,1354,136,-111.36849755744882,-7.139122467449164,1,117,60,42,8,468,1984,15,7,1,108,-28.235495994855675,0,50,40,15,1,270,479,3052,13,4,3,4943,1354,136,-43.695656367704366,1,117,60,42,8,0,627,99,287,76,317,20,36.0,217.0,87,16,133,73,0,4,1,0,13,-39,11,9,1,116,992,65,14,9,1,23,9,31,207,38,807,22,27,5,0,54.0,0.8148148148148148,0,3,8,7,4,0,0,0,0,2,3,0,35;43;41;30;50;40;46;23;52;34;47;51;41;54;31;22;32;31;29;36;35;41,52;55;54;43;42,,844,246,0,25,26,1,0,0.9615384615384616,1,1,0,0,46,81,1,60.0,3513,31,7,15,7,18,34,297,0,3076
2018,CAR,REG,16,378,563,4071,28,16,32,-235,3,0,4161,2053,212,34.44048032713061,2.7305238085853705,2,168,83,52,5,416,2136,17,7,2,117,25.75044635091625,0,69,53,15,3,378,544,4071,28,6,2,4161,2053,212,90.53773957552016,2,168,83,52,5,0,579,54,302,76,303,13,34.0,205.0,71,13,86,71,0,2,0,0,10,0,9,0,1,92,818,58,16,4,4,20,6,24,165,26,582,19,21,2,0,63.0,0.9047619047619048,0,4,6,4,4,1,0,0,1,0,1,0,27;54;40;47;47;39;63;32;54;44;30;26;25;37;30;34;50;22;51,34;52,,752,86,0,37,41,4,0,0.902439024390244,1,1,0,0,63,61,0,59.0,2759,24,4,7,4,24,22,181,0,2498
2018,CHI,REG,16,344,512,3747,28,14,33,-183,6,2,4502,1586,177,53.01479617550879,2.471351505271972,4,133,68,46,11,468,1938,16,9,4,108,-16.96425167275998,0,47,33,17,1,344,504,3747,28,4,4,4502,1586,177,95.0618942654584,4,133,68,46,11,0,654,65,201,82,389,18,50.0,339.0,100,27,330,98,5,4,1,0,11,-31,9,80,1,97,796,70,14,9,2,23,10,33,411,23,440,23,30,7,0,50.0,0.7666666666666667,0,6,7,9,1,0,0,0,3,3,1,0,26;33;32;25;20;41;43;50;46;46;32;23;45;33;41;48;40;36;21;39;31;24;42,46;53;40;41;34;38;37,,817,289,0,42,45,3,0,0.9333333333333332,0,0,0,0,,62,1,65.0,2791,28,2,13,7,20,20,150,0,2501
2018,CIN,REG,16,331,542,3569,27,13,37,-279,4,1,4359,1648,182,10.816216381055304,-3.5623616470281028,1,146,76,53,1,359,1682,13,2,0,92,-19.322158674434824,0,52,42,16,3,331,529,3569,27,2,1,4359,1648,182,82.57265040183565,1,146,76,53,1,0,697,33,337,61,261,10,34.0,173.0,83,12,222,75,3,2,0,0,7,-38,6,102,2,114,957,66,7,4,0,11,4,22,236,43,1071,19,23,2,2,51.0,0.8260869565217391,0,4,7,6,2,0,0,0,0,0,2,0,42;39;28;40;36;51;20;33;44;35;47;23;46;34;38;23;51;49;32,53;52,37;54,711,105,91,39,41,2,0,0.951219512195122,1,1,0,0,44,71,1,69.0,3119,29,2,12,3,24,30,220,1,2839
2018,CLE,REG,16,353,574,4261,29,17,38,-254,4,2,5450,1911,189,3.186693595995129,-0.706674003408456,2,156,101,60,11,411,1893,15,6,1,93,-14.529500230821816,2,56,40,18,5,353,557,4261,29,6,3,5450,1913,189,65.78894362949725,2,156,101,60,11,0,712,39,317,72,328,18,37.0,245.0,90,17,100,78,0,2,1,0,8,0,14,84,0,112,894,49,15,4,4,19,7,32,290,44,884,19,25,5,1,51.0,0.76,0,4,9,5,1,0,0,0,0,3,2,0,39;39;45;27;25;28;35;37;33;28;34;45;51;49;41;40;37;31;35,44;52;55;41;46,43,699,238,43,28,34,6,0,0.8235294117647058,1,2,0,1,43;37,83,2,79.0,3767,32,7,11,6,22,37,397,0,3250
2018,DAL,REG,16,356,527,3885,22,8,56,-347,6,5,3984,1892,184,23.9504307860604,1.022370283562164,1,161,68,39,9,439,1963,13,10,2,113,-4.0814251065457885,1,61,42,12,1,356,517,3885,22,3,2,3984,1892,184,113.37862082534564,1,161,68,39,9,0,642,49,303,65,285,14,39.0,229.0,98,9,141,66,0,0,0,0,12,-4,11,93,1,104,885,64,18,5,2,23,9,21,119,13,283,29,36,6,1,62.0,0.8055555555555556,0,10,6,7,5,1,0,0,2,3,1,0,37;29;50;35;32;43;22;38;27;43;48;50;46;32;55;47;25;31;21;50;42;28;26;46;28;62;21;59;20,47;52;38;42;45;34,48,1093,258,48,32,33,1,0,0.9696969696969696,2,2,0,0,38;42,60,0,63.0,2670,17,3,9,2,16,30,254,0,2376
2018,DEN,REG,16,367,588,3930,19,15,34,-235,6,1,4396,1808,181,-14.689544926827798,-1.0962543361787256,0,156,67,53,11,393,1907,18,4,2,107,-1.2498540523445516,0,55,37,12,3,367,564,3930,19,3,2,4396,1808,181,52.29012548905675,0,157,66,52,11,0,654,49,301,67,341,13,43.0,295.0,94,17,158,82,2,0,0,19,10,-6,10,7,0,125,985,66,13,5,2,18,6,30,132,30,604,20,25,5,0,53.0,0.8,0,5,6,7,2,0,0,0,0,0,4,1,51;53;39;36;42;34;46;30;28;24;41;36;44;34;41;29;44;42;29;28,55;62;51;50;58,,751,276,0,35,35,0,0,1.0,2,3,1,0,36;51;34,85,0,66.0,3786,29,13,9,8,20,35,368,1,3258
2018,DET,REG,16,375,574,3844,22,12,41,-268,5,3,3978,2059,201,-5.867742415598544,-2.7666596645977406,0,160,74,44,6,404,1660,11,3,2,91,-39.868522842346216,0,40,32,10,1,375,561,3844,22,3,1,3978,2059,201,73.65804918182369,0,160,74,44,6,0,653,45,209,66,347,10,43.0,298.0,77,7,148,48,2,2,0,0,6,0,7,20,0,94,852,54,9,5,1,14,7,27,171,20,482,28,32,4,0,54.0,0.875,0,8,12,5,3,0,0,0,0,2,2,0,21;27;43;38;25;32;30;33;39;29;28;35;50;35;35;37;52;54;32;20;28;29;35;47;47;35;48;43,55;44;55;48,,1007,202,0,30,30,0,0,1.0,0,0,0,0,,74,0,61.0,3310,32,3,13,4,25,29,332,1,2898
2018,GB,REG,16,392,640,4629,25,4,53,-391,5,4,5667,2197,208,26.41134974641368,-1.5642622622047984,2,176,89,57,16,333,1667,14,4,1,98,23.43171073436593,1,52,31,10,1,392,615,4629,25,2,1,5667,2197,208,145.83200818585226,2,176,89,57,16,1,657,76,268,71,389,10,42.0,297.0,74,7,100,59,1,8,0,0,9,0,8,0,0,108,937,79,13,9,2,22,11,30,198,30,644,30,37,7,0,53.0,0.8108108108108109,0,4,10,11,5,0,0,0,1,4,2,0,42;37;40;31;48;36;41;52;36;52;41;29;39;51;27;41;53;29;38;36;38;32;50;48;41;43;45;42;29;38,52;41;42;38;56;47;49,,1205,325,0,34,36,2,0,0.9444444444444444,1,1,0,0,27,71,1,67.0,3176,19,4,11,9,27,20,206,0,2790
2018,HOU,REG,16,345,506,4165,26,9,62,-384,6,2,4337,1753,202,59.71004938794001,4.5062482718996675,0,183,82,51,8,472,2021,12,4,1,94,-42.87253363641178,0,54,39,8,2,345,494,4165,26,4,3,4337,1753,202,151.81376130168158,0,183,82,51,8,0,672,44,278,78,356,20,43.0,310.0,92,15,252,90,3,3,0,14,9,-25,14,11,1,105,787,55,12,7,3,19,7,38,327,20,487,37,42,5,0,54.0,0.8809523809523809,1,9,11,12,4,0,0,0,0,3,2,0,42;36;34;23;28;54;40;29;37;20;21;19;36;33;27;44;48;46;37;23;33;54;43;47;35;42;48;53;38;41;32;53;49;40;30;23;24,54;59;48;44;45,,1362,250,0,39,41,2,0,0.951219512195122,2,2,0,0,37;36,74,0,61.0,3237,36,6,8,5,23,32,240,0,2897
2018,IND,REG,16,432,644,4595,39,15,18,-134,3,1,4856,1969,237,110.03658297508376,0.7317363886803107,2,180,89,53,7,408,1718,13,5,3,96,-24.326607286963156,2,40,28,9,2,432,634,4595,39,4,4,4856,1976,237,132.54201072514056,2,180,89,53,7,0,629,121,333,72,307,15,38.0,228.0,77,15,220,61,0,2,0,0,5,-15,11,38,0,120,953,47,12,5,3,17,9,24,217,17,337,23,27,4,0,54.0,0.8518518518518519,0,8,6,5,4,0,0,0,1,1,2,0,21;38;51;35;31;28;42;44;54;21;31;36;26;25;22;46;32;54;43;44;23;53;25,55;38;52;48,,825,193,0,44,47,3,0,0.9361702127659576,1,1,0,0,32,57,0,63.0,2629,24,3,10,5,18,21,93,0,2436
2018,JAX,REG,16,329,536,3431,15,13,53,-322,10,5,3777,1833,164,-61.837913941161915,-4.7087694226785475,0,141,60,41,3,416,1723,7,5,4,92,-38.315365611641774,0,48,28,9,2,329,524,3431,15,7,5,3777,1833,164,11.57302385141992,0,141,59,41,3,1,676,41,191,66,283,7,37.0,241.0,93,11,117,52,2,2,2,0,9,3,6,5,0,121,1112,63,20,6,1,26,16,34,334,26,532,23,26,3,0,57.0,0.8846153846153846,0,6,9,4,4,0,0,0,0,1,2,0,39;39;28;46;38;32;22;54;50;57;33;24;28;55;48;38;43;30;37;33;41;26;25,52;42;56,,866,150,0,22,23,0,1,0.9565217391304348,0,0,0,0,,86,0,72.0,3872,37,13,11,7,18,37,184,0,3548
2018,KC,REG,16,385,583,5126,50,12,26,-171,3,2,5273,2628,239,222.1383598972724,4.41262794143342,0,197,114,76,15,387,1855,16,4,1,108,20.860583233025896,1,54,42,19,1,385,564,5126,50,4,3,5273,2628,239,271.7417871462071,0,197,114,76,15,1,710,34,306,67,337,23,52.0,347.0,105,15,280,64,3,1,0,0,11,-3,12,2,1,137,1152,60,10,8,1,18,6,22,261,40,975,24,27,3,0,54.0,0.8888888888888888,0,9,7,6,2,0,0,0,0,1,2,0,46;37;33;21;22;42;38;42;43;24;30;26;24;39;45;46;21;29;50;24;35;54;29;32,53;51;43,,832,147,0,65,69,3,1,0.9420289855072465,0,0,0,0,,45,0,67.0,2021,21,1,10,5,12,17,97,0,1824
2018,LA,REG,16,368,568,4730,32,12,33,-223,8,5,4906,2164,236,120.21878125555756,1.369824218093802,3,202,113,69,9,459,2231,23,2,0,134,28.8263416619814,2,64,43,14,2,368,545,4730,32,3,1,4906,2165,236,206.44831946713296,3,202,113,69,9,1,583,90,274,68,338,13,41.0,326.0,100,18,290,68,3,2,2,0,10,-13,12,58,1,96,878,69,11,6,0,17,7,30,307,39,834,34,41,7,0,56.0,0.8292682926829268,1,12,13,4,4,0,0,1,0,4,2,0,20;28;55;20;20;34;19;39;26;39;21;35;37;33;43;34;56;34;35;37;20;23;33;24;47;48;27;50;41;36;37;21;28;51,46;46;28;47;51;40;57,,1151,315,0,51,53,2,0,0.9622641509433962,0,0,0,0,,43,0,65.0,1924,21,12,10,2,7,12,104,0,1780
2018,LAC,REG,16,348,512,4316,32,12,34,-227,2,2,3959,2130,213,132.64702099537834,3.4199489199596904,5,185,102,60,10,399,1873,16,2,0,100,-4.120666578032991,1,62,47,16,1,348,506,4316,32,6,3,3959,2130,213,178.56602799444244,5,185,102,60,10,1,621,71,333,64,276,7,38.0,240.0,85,13,247,73,1,6,0,31,9,-36,7,46,1,113,967,52,9,8,1,17,7,34,358,28,653,24,29,5,0,59.0,0.8275862068965517,0,8,7,8,1,0,0,0,0,3,2,0,45;39;24;26;48;25;21;49;30;44;29;28;27;41;46;45;30;31;29;59;31;32;45;38,48;54;48;42;52,,862,244,0,36,43,7,0,0.8372093023255814,1,1,0,0,29,61,1,66.0,2643,21,7,7,4,15,28,257,1,2306
2018,LV,REG,16,382,556,4057,19,10,52,-306,11,7,3785,1995,197,-2.7580776160712626,3.8311349249111033,1,154,73,52,7,387,1628,9,7,6,86,-50.96284026600704,0,44,31,8,2,382,530,4057,19,2,1,3785,1995,197,107.24474889668588,1,154,73,52,7,1,610,77,279,48,163,5,13.0,80.0,48,14,124,73,1,2,0,0,8,-6,3,0,0,110,965,71,18,6,2,24,14,25,291,29,663,27,32,5,0,52.0,0.84375,0,8,3,12,4,0,0,0,0,3,2,0,24;48;26;46;25;52;29;44;29;24;43;37;46;30;49;21;35;42;50;44;44;50;27;40;43;45;50,47;50;57;48;45,,1043,247,0,27,28,0,1,0.9642857142857144,2,2,0,0,29;35,70,0,64.0,3022,17,5,10,5,22,28,241,1,2681
2018,MIA,REG,16,292,455,3309,26,13,52,-409,4,3,3699,1777,153,-54.16800594109631,-0.1532005167555535,1,125,61,34,9,371,1738,7,7,5,75,-39.23008330604103,0,40,29,12,3,292,435,3309,26,1,1,3699,1777,153,62.70973064329184,1,126,61,34,9,2,645,64,342,64,274,11,30.0,208.0,76,21,321,59,3,4,0,0,5,-38,7,0,0,108,978,59,10,7,2,17,10,28,293,39,938,18,20,2,0,50.0,0.9,0,7,3,7,1,0,0,0,0,2,0,0,27;30;42;50;25;47;37;41;46;43;27;37;25;47;40;29;25;29,46;47,,647,93,0,35,36,1,0,0.9722222222222222,1,1,0,0,47,87,1,65.0,3884,35,9,10,6,25,37,384,0,3380
2018,MIN,REG,16,425,606,4298,30,10,40,-262,5,5,4396,1947,218,-10.79667924128233,2.610618168035069,3,173,79,47,7,357,1493,9,6,4,66,-69.90428128130719,0,39,29,13,1,425,592,4298,30,1,1,4396,1947,218,84.78017138341134,3,173,79,47,7,0,654,47,287,84,444,8,50.0,361.0,94,12,159,63,1,1,0,0,5,-32,8,96,2,92,779,61,8,7,0,15,10,29,315,22,540,22,32,9,1,52.0,0.6875,0,5,11,5,1,0,0,1,1,6,1,0,48;37;39;40;37;22;52;37;48;26;22;43;39;36;36;37;39;36;34;24;29;45,48;49;35;28;45;42;48;56;48,47,806,399,47,36,37,1,0,0.972972972972973,0,1,1,0,35,72,1,70.0,3255,27,9,11,2,19,31,188,0,3027
2018,NE,REG,16,378,574,4405,29,11,21,-147,4,2,4489,2176,206,91.77821134164353,1.062033684562436,0,179,97,54,8,478,2037,18,2,1,131,-1.7368643778466653,0,64,43,12,0,378,556,4405,29,2,2,4489,2176,206,136.27428916032662,0,179,97,54,8,2,600,28,356,51,273,14,30.0,238.0,100,18,156,67,1,2,0,35,4,0,10,64,1,93,744,47,9,2,0,11,7,26,199,28,755,27,32,5,0,52.0,0.84375,0,11,10,4,2,0,0,0,0,2,3,0,39;35;29;46;36;20;45;48;24;39;50;28;29;25;40;38;25;28;52;34;32;20;32;22;33;24;38,54;50;52;48;42,,911,246,0,49,50,1,0,0.98,1,1,0,0,28,64,0,66.0,2885,21,11,15,5,8,25,255,0,2530
2018,NO,REG,16,381,519,4174,33,7,20,-132,2,1,3769,1898,210,148.58588517387244,5.685510251620045,1,156,83,59,7,471,2025,26,5,4,134,-6.428648326467804,3,46,40,9,1,381,511,4174,33,6,4,3769,1898,210,167.1530430466416,1,156,83,59,7,0,649,44,256,81,393,19,49.0,321.0,98,12,259,69,1,2,0,12,7,-2,12,110,0,94,939,64,12,6,3,18,9,24,157,23,560,28,30,1,1,54.0,0.9333333333333332,1,5,9,11,2,0,0,0,0,1,0,0,36;31;44;49;21;45;42;34;37;26;44;39;52;42;42;54;29;42;41;38;19;22;33;30;36;46;24;43,44,50,1041,44,50,52,53,1,0,0.981132075471698,0,0,0,0,,43,0,60.0,1996,15,9,3,4,15,12,60,0,1856
2018,NYG,REG,16,382,583,4405,23,12,47,-358,7,4,4373,2200,208,31.874429217604263,0.2311847610756079,3,177,95,59,12,354,1650,13,0,0,71,-8.800853887141743,1,38,28,17,7,382,574,4405,23,3,1,4373,2200,208,120.91905293790262,3,177,95,59,12,0,606,150,312,59,249,11,30.0,185.0,84,16,191,76,3,4,0,0,6,0,5,50,0,114,951,70,9,7,3,16,7,37,231,45,1097,32,33,1,0,57.0,0.9696969696969696,0,9,13,6,4,0,0,0,0,0,1,0,27;31;44;28;38;44;30;33;42;53;36;33;21;31;36;37;21;20;31;52;25;51;29;57;37;44;35;23;40;27;48;38,52,,1142,52,0,31,32,1,0,0.96875,0,0,0,0,,71,0,60.0,3226,20,9,15,4,16,27,177,0,2969
2018,NYJ,REG,16,299,524,3404,18,19,37,-239,1,1,4637,1586,157,-46.50449299280272,-5.654061091418313,0,147,79,44,5,409,1619,11,9,5,84,-65.96545635908032,0,43,35,11,3,299,505,3404,18,5,3,4637,1586,157,5.647466871640566,0,147,79,44,5,2,697,28,258,74,349,13,39.0,293.0,114,13,318,76,3,4,0,0,8,-13,7,30,0,114,948,61,13,10,4,23,11,25,324,46,1238,33,36,3,0,56.0,0.9166666666666666,0,4,13,10,6,0,0,0,1,1,1,0,35;32;55;41;28;27;38;49;30;30;48;32;37;45;37;45;55;42;48;56;55;55;38;54;34;43;39;39;47;21;26;33;40,30;50;45,,1334,125,0,30,33,3,0,0.9090909090909092,0,0,0,0,,82,0,67.0,3763,23,10,10,5,15,42,318,0,3345
2018,PHI,REG,16,422,599,4524,29,11,40,-249,10,8,4457,2144,221,58.18140184706632,5.257295454676087,1,190,79,52,9,398,1570,12,5,2,94,-24.695163988040257,4,45,30,7,0,422,592,4524,29,4,0,4457,2148,221,152.49681356204474,1,190,79,52,9,0,648,64,226,82,379,12,44.0,311.0,133,10,139,68,0,5,0,0,14,-7,7,43,0,100,852,62,17,12,3,29,12,33,216,33,725,26,31,5,0,56.0,0.8387096774193549,0,7,10,7,2,0,0,0,1,1,3,0,26;33;24;27;30;37;30;28;33;30;46;31;56;26;42;28;43;46;44;26;51;34;40;47;35;33,42;55;54;36;53,,926,240,0,33,35,2,0,0.9428571428571428,2,2,0,0,43;35,61,0,68.0,2937,24,2,5,7,16,31,194,0,2603
2018,PIT,REG,16,459,689,5174,35,17,24,-166,3,2,5327,2821,251,138.9913588941487,1.3657431608650106,4,192,89,62,16,345,1445,16,4,2,88,-13.144225551808944,0,41,33,10,0,459,676,5174,35,7,5,5327,2820,251,164.11873735928307,4,192,89,62,16,0,604,84,282,70,357,13,51.0,347.0,115,8,89,69,2,3,2,0,10,0,7,2,1,111,1026,65,14,7,3,21,9,31,252,32,619,16,23,6,1,50.0,0.6956521739130435,0,3,6,6,1,0,0,0,2,4,0,0,38;34;39;21;24;42;29;50;41;48;48;49;30;39;47;35,42;49;47;39;40;32,48,614,249,48,44,49,5,0,0.8979591836734694,0,0,0,0,,64,0,69.0,2780,28,6,12,4,25,17,245,1,2455
2018,SEA,REG,16,280,427,3448,35,7,51,-355,5,2,3833,1385,156,64.52902963982203,7.464674834161997,1,128,73,47,13,534,2560,15,6,2,133,18.738646298872215,0,77,52,17,2,280,400,3448,35,4,0,3833,1385,156,169.89243689772994,1,128,73,47,13,0,633,48,258,66,302,18,40.0,244.0,109,12,196,64,1,1,0,0,10,-17,14,42,1,111,959,76,13,5,4,18,4,25,143,29,669,22,27,5,0,56.0,0.8148148148148148,0,2,9,8,3,0,0,0,2,1,2,0,35;56;47;40;52;52;44;26;44;33;39;43;33;30;31;40;37;35;48;28;42;33,46;38;52;51;36,,868,223,0,48,51,3,0,0.9411764705882352,3,3,0,0,52;31;33,78,1,69.0,3759,28,14,13,5,10,36,304,0,3355
2018,SF,REG,16,331,532,4247,26,20,48,-380,6,3,3807,2316,201,5.510840607999224,-2.4859715694362676,2,163,89,61,12,423,1902,7,12,6,98,-50.33778758701906,0,60,41,15,3,331,515,4247,26,3,1,3807,2316,201,100.49513149637237,2,163,89,61,12,1,643,98,242,72,293,11,36.0,221.0,92,2,55,39,1,5,1,0,16,-23,5,2,0,112,982,72,19,12,3,31,12,31,180,36,944,33,34,1,0,53.0,0.9705882352941176,0,9,13,9,2,0,0,0,0,1,0,0,42;33;22;45;42;36;39;35;21;33;46;44;43;51;27;20;39;25;53;36;30;23;45;40;29;28;33;45;36;33;30;23;30,45,,1157,45,0,27,29,2,0,0.9310344827586208,1,1,0,0,36,68,1,64.0,2973,22,7,4,4,28,25,195,0,2698
2018,TB,REG,16,408,625,5358,36,26,41,-233,5,3,6642,1769,265,101.41316847423236,3.340581153340409,1,221,122,71,14,389,1523,11,5,2,80,-40.08022914140107,0,42,33,5,0,408,619,5358,36,7,4,6642,1769,265,155.29947949440245,1,221,122,71,14,0,713,72,202,79,349,12,38.0,232.0,93,9,97,56,0,2,0,0,13,-33,8,37,2,117,975,71,13,10,1,23,9,26,163,31,631,20,27,7,0,59.0,0.7407407407407407,0,5,11,3,1,0,0,0,1,5,1,0,33;36;21;28;30;35;38;59;25;38;33;41;39;35;21;28;37;45;36;45,44;40;30;48;46;40;52,,703,300,0,40,44,4,0,0.9090909090909092,1,1,0,0,59,57,1,64.0,2567,15,3,7,4,16,27,231,0,2256
2018,TEN,REG,16,293,437,3255,16,12,47,-280,5,1,3265,1648,156,-5.68082381908558,0.9649850410573624,0,139,73,37,6,454,2023,15,4,2,106,-18.456376603374345,0,61,45,10,2,293,425,3255,16,4,2,3265,1648,156,65.6146989552596,0,139,73,37,6,1,607,113,323,59,276,12,39.0,248.0,84,11,120,64,2,4,0,0,9,-12,6,8,0,82,727,62,12,6,3,18,6,27,237,23,737,26,30,4,0,54.0,0.8666666666666667,0,5,13,5,3,0,0,1,0,2,1,0,47;53;42;31;39;36;28;42;33;25;54;39;50;28;33;33;31;42;31;24;33;33;22;42;33;38,48;51;28;48,,942,175,0,28,31,2,1,0.9032258064516128,1,1,0,0,31,74,1,62.0,3483,39,15,7,3,16,33,296,0,3127
2018,WAS,REG,16,311,509,3287,16,15,44,-266,7,1,4195,1515,156,-52.60712924606384,-2.9412337028419557,2,125,58,40,6,414,1774,12,6,1,96,-11.484952010057984,0,51,38,7,3,311,489,3287,16,3,2,4195,1515,156,24.64338478476333,2,125,58,40,6,0,606,93,315,63,308,19,46.0,297.0,94,15,203,60,0,2,0,0,13,3,11,34,1,115,1008,59,13,5,1,18,4,17,110,29,570,26,29,3,0,56.0,0.896551724137931,0,5,7,10,4,0,0,0,0,2,0,1,31;49;27;49;35;37;53;49;56;29;21;25;53;39;43;43;26;31;44;47;46;33;36;50;40;46,49;41;63,,1038,153,0,25,26,1,0,0.9615384615384616,1,2,1,0,63;36,79,0,63.0,3581,41,3,19,0,26,31,303,1,3278
2019,ARI,REG,16,355,554,3797,20,12,50,-320,2,0,4195,1880,176,5.87107285791338,-1.6972189983933994,3,132,70,49,10,396,1990,18,3,2,109,3.9212366948557977,0,60,47,16,1,355,529,3797,20,4,4,4195,1880,176,82.35727551558229,3,132,70,49,10,0,714,62,342,81,322,19,40.0,275.0,91,7,82,56,0,0,0,0,3,-15,10,27,0,121,956,70,4,5,0,9,6,24,168,36,764,31,35,3,1,54.0,0.8857142857142857,0,12,12,5,2,0,0,0,1,2,0,0,20;42;34;28;22;21;21;34;47;33;23;20;22;31;39;22;47;35;31;31;50;36;37;54;26;43;30;21;22;46;31,43;48;37,45,999,128,45,34,35,1,0,0.9714285714285714,1,1,0,0,31,69,1,64.0,3288,23,6,7,5,16,35,284,1,2904
2019,ATL,REG,16,459,684,5049,29,15,50,-335,9,5,5535,1899,258,42.523433804198184,2.3808492822501495,2,219,95,52,5,362,1361,10,4,2,84,-39.79014250428645,0,35,28,6,0,459,655,5049,29,3,1,5535,1899,258,158.00480380849132,2,219,95,52,5,1,586,51,395,63,283,17,28.0,219.0,69,12,130,57,1,5,0,0,10,0,8,8,1,119,956,71,18,3,1,21,10,37,263,25,571,32,40,8,0,52.0,0.8,0,7,12,10,3,0,0,0,2,2,4,0,50;34;42;35;29;44;52;47;37;37;36;48;30;38;23;29;25;40;38;45;43;37;35;29;50;43;23;27;33;45;43;33,50;32;50;51;53;38;42;42,,1200,358,0,29,31,2,0,0.935483870967742,0,0,0,0,,52,1,60.0,2210,22,7,5,3,18,19,133,0,2017
2019,BAL,REG,16,289,440,3350,37,8,28,-125,0,0,3822,1447,171,141.06922211749537,3.2501925169578136,0,127,62,44,8,596,3296,21,11,5,188,65.48963515000987,2,97,69,23,5,289,424,3350,37,2,1,3822,1447,171,178.49150219107364,0,127,62,44,8,0,574,41,257,66,308,15,37.0,268.0,111,13,259,71,2,2,1,0,10,-5,12,134,4,109,867,53,8,10,1,18,7,25,206,27,493,28,29,1,0,51.0,0.9655172413793104,0,8,9,10,1,0,0,0,0,1,0,0,34;33;28;51;39;41;27;26;48;46;40;49;21;25;28;22;39;34;46;34;30;49;36;31;45;22;42;47,43,,1013,43,0,57,59,2,0,0.9661016949152542,2,2,0,0,46;49,40,1,62.0,1855,21,6,5,4,10,15,143,0,1632
2019,BUF,REG,16,299,513,3476,21,12,40,-247,8,3,4686,1503,162,-19.234438567474022,-2.7070051370207797,2,144,80,54,8,465,2054,13,13,4,120,-18.05014529993045,1,61,44,13,1,299,485,3476,21,0,0,4686,1503,162,70.4396010956483,2,144,80,54,8,1,583,115,303,84,425,16,44.0,298.0,92,14,59,83,0,1,1,0,15,-6,9,50,0,117,927,64,17,6,1,23,7,32,243,32,802,22,28,6,0,51.0,0.7857142857142857,0,5,7,9,1,0,0,0,1,1,3,1,43;34;45;46;39;43;45;42;51;34;21;39;23;41;26;36;47;48;36;35;28;29,62;49;53;34;53;50,,831,301,0,30,32,1,1,0.9375,0,0,0,0,,79,1,67.0,3313,34,15,13,7,26,18,157,0,3016
2019,CAR,REG,16,382,633,4134,17,21,58,-484,10,6,5299,2032,230,-63.03101867745218,-2.5478562961022058,0,174,74,40,7,386,1819,20,7,4,82,-31.600989977620028,1,45,30,7,5,382,600,4134,17,2,1,5299,2032,230,74.13120192950734,0,174,74,40,7,0,663,27,315,72,328,8,53.0,301.0,108,14,141,67,0,5,2,4,11,-10,7,71,1,87,754,51,17,8,0,25,14,25,171,31,677,25,32,6,1,55.0,0.78125,0,4,5,8,8,0,0,1,0,3,1,1,46;52;32;37;54;51;36;48;55;26;49;46;29;41;35;50;31;41;52;46;42;52;27;50;23,53;46;60;41;49;28,56,1051,277,56,31,35,3,1,0.8857142857142857,0,0,0,0,,75,0,62.0,3452,25,9,7,3,16,40,487,3,2905
2019,CHI,REG,16,371,580,3573,20,12,45,-282,3,2,4538,1538,178,-30.30932410801656,-1.8211519197812156,1,136,63,39,2,395,1458,8,5,3,85,-62.15958244832187,0,28,22,5,2,371,566,3573,20,1,0,4538,1538,178,53.97142194706501,1,136,63,39,2,1,711,15,231,52,261,12,32.0,242.0,79,10,157,67,1,2,1,0,5,4,9,8,0,103,838,68,6,7,1,13,7,33,302,34,903,23,28,5,0,53.0,0.8214285714285714,1,8,9,3,2,0,0,0,1,4,0,0,38;40;52;53;38;25;38;30;46;22;25;19;26;24;30;36;30;27;46;26;33;34;22,44;33;41;48;47,,760,213,0,27,29,2,0,0.9310344827586208,2,3,1,0,53;41;22,80,1,75.0,3586,26,4,13,2,26,35,247,0,3299
2019,CIN,REG,16,356,616,3994,18,16,48,-342,9,7,5022,1753,191,-66.80053814226018,-4.979464130915689,1,167,79,48,7,385,1517,9,3,0,85,-32.47349700284512,1,43,34,8,1,356,589,3994,18,7,5,5022,1753,191,29.79902846911644,1,167,79,48,7,1,629,32,376,58,261,9,31.0,204.0,86,11,181,58,0,3,1,0,8,-16,5,24,0,93,761,70,18,7,3,25,14,29,164,42,1091,27,31,4,0,57.0,0.8709677419354839,0,10,6,10,1,0,0,0,0,2,2,0,39;27;37;43;28;23;48;23;22;38;28;42;39;40;27;24;47;34;44;28;46;34;48;20;57;47;46,45;52;53;48,,979,198,0,24,25,1,0,0.96,0,0,0,0,,75,0,63.0,3394,30,6,10,5,30,24,136,0,3158
2019,CLE,REG,16,318,539,3847,22,21,41,-293,4,2,4633,1825,180,-13.097062754239632,-3.160044037857646,1,156,89,58,9,393,1901,15,5,2,90,-23.539073847902323,0,51,37,11,4,318,517,3847,22,2,2,4633,1825,180,59.49902053764817,1,156,89,58,9,0,665,39,287,74,349,12,38.0,270.0,82,14,219,64,1,3,0,27,7,-26,6,31,0,122,1106,59,9,5,0,14,7,23,163,38,830,25,29,4,0,53.0,0.8620689655172413,0,6,9,9,1,0,0,0,0,3,1,0,23;48;43;23;35;24;43;30;38;47;39;30;27;30;27;47;40;26;31;34;53;31;44;47;42,45;50;46;45,,902,186,0,30,35,5,0,0.8571428571428571,0,0,0,0,,64,1,71.0,2950,29,8,13,5,18,20,151,0,2699
2019,DAL,REG,16,388,597,4902,30,11,23,-151,4,2,5613,1880,229,124.23810016545302,0.9661917212522692,1,194,103,68,16,449,2153,18,7,3,120,13.13238455962106,1,60,40,11,2,388,576,4902,30,4,2,5613,1880,229,176.02375217882204,1,194,103,68,16,0,631,26,346,74,396,14,39.0,303.0,90,7,83,71,0,0,0,0,8,-5,10,78,1,109,1008,58,13,2,0,15,7,23,131,20,325,30,40,9,1,63.0,0.75,0,10,7,8,3,2,0,0,1,4,4,0,25;28;28;36;50;62;32;26;63;29;35;52;28;23;30;34;46;27;29;31;50;42;42;49;32;49;28;47;48;40,55;54;33;40;54;57;46;47;42,35,1141,428,35,46,46,0,0,1.0,0,0,0,0,,50,1,58.0,2079,18,3,9,2,18,18,154,0,1885
2019,DEN,REG,16,312,504,3401,16,10,41,-286,8,3,3522,1701,162,-28.33134134045632,-2.5039170982931855,1,128,70,46,10,409,1662,11,2,1,76,-32.3444643914891,0,41,25,8,1,312,481,3401,16,4,2,3522,1701,162,60.47295605567137,1,128,70,46,10,0,624,57,353,73,277,9,40.0,213.0,79,10,87,70,0,3,0,0,13,-7,6,83,1,110,912,58,14,7,2,21,6,27,208,21,534,29,34,5,0,53.0,0.8529411764705882,0,6,9,10,4,0,0,0,0,2,2,1,26;26;39;43;32;30;33;40;46;31;53;48;21;29;43;47;29;41;45;31;52;53;36;32;34;26;43;49;51,64;54;45;43;57,,1109,263,0,25,26,1,0,0.9615384615384616,1,1,0,0,53,78,0,64.0,3464,29,12,9,4,21,32,314,2,3070
2019,DET,REG,16,344,571,4187,28,15,43,-287,4,2,5458,1514,196,17.44645493569518,-3.4678012782877143,0,163,82,60,13,407,1649,7,5,3,82,-54.55554982394039,0,39,24,7,2,344,550,4187,28,2,2,5458,1514,196,96.79728782564833,0,163,82,60,13,2,702,58,288,41,198,16,28.0,188.0,70,7,76,73,0,1,0,0,4,-10,11,68,1,113,937,64,8,4,0,12,8,31,246,23,564,26,31,4,1,56.0,0.8387096774193549,0,11,2,6,7,0,0,0,1,2,1,0,55;33;25;33;25;48;53;26;22;41;51;54;46;52;23;22;54;24;49;21;25;24;44;26;42;56,40;53;39;45,46,974,177,46,35,36,1,0,0.9722222222222222,0,0,0,0,,76,0,62.0,3445,31,5,13,7,22,29,130,0,3175
2019,GB,REG,16,356,573,4017,26,4,36,-284,3,3,5016,2034,190,59.359029773391626,0.7176125126571233,2,150,74,52,12,411,1795,18,3,2,90,-9.007167290511566,1,46,34,7,3,356,542,4017,26,6,3,5016,2034,190,138.39801932891177,2,150,74,52,12,0,627,44,306,59,309,12,41.0,295.0,94,17,177,74,0,3,0,0,3,-5,7,0,0,100,774,62,13,2,3,15,9,20,98,32,667,22,24,2,0,54.0,0.9166666666666666,1,2,11,7,1,0,0,0,0,1,1,0,39;42;41;30;31;20;38;37;48;23;35;54;47;47;32;33;42;33;19;32;40;33,45;51,,796,96,0,40,41,1,0,0.975609756097561,2,2,0,0,23;33,77,0,66.0,3386,29,12,10,4,25,26,233,0,3073
2019,HOU,REG,16,355,534,4083,27,14,49,-300,4,2,4742,1808,203,62.30814441965606,1.4690926032406944,1,166,72,51,10,434,2009,17,11,4,112,3.7171189098861,0,54,35,13,4,355,518,4083,27,2,1,4742,1808,203,139.53546634258555,1,166,72,51,10,0,626,63,327,48,228,14,31.0,215.0,91,12,302,75,2,2,0,19,9,-3,10,54,0,111,892,53,14,6,3,20,8,22,214,14,308,20,25,5,0,54.0,0.8,0,5,8,4,3,0,0,0,0,2,3,0,39;22;37;50;26;44;47;31;26;33;40;52;42;35;36;54;29;32;25;37,56;52;46;58;43,,737,255,0,40,45,4,1,0.8888888888888888,0,0,0,0,,57,0,71.0,2599,27,2,10,2,19,24,82,0,2477
2019,IND,REG,16,307,513,3314,22,10,32,-206,6,4,4125,1676,165,-15.747664998399795,-4.0578583236364745,1,139,73,38,3,471,2130,17,3,2,131,19.89211406312281,1,53,39,14,3,307,488,3314,22,5,3,4125,1676,165,53.64553782191071,1,139,73,38,3,2,619,117,287,62,275,14,41.0,249.0,82,15,167,50,1,2,2,0,5,-5,8,4,0,79,670,61,12,6,2,18,11,24,418,31,707,22,31,7,2,55.0,0.7096774193548387,1,7,7,3,4,0,0,1,0,4,2,0,44;49;21;26;32;32;31;29;55;45;51;25;25;39;34;36;28;50;19;35;20;50,46;29;57;45;43;55;47,53;46,776,322,99,33,39,5,1,0.8461538461538461,1,2,1,0,51;43,59,0,60.0,2619,22,6,9,1,15,28,166,0,2433
2019,JAX,REG,16,364,589,4023,24,8,42,-263,12,7,4470,1893,183,-26.555724459564747,-2.6896376513460813,4,158,78,53,6,389,1708,3,3,2,84,-28.958378116558887,0,47,30,10,4,364,563,4023,24,1,1,4470,1893,183,78.87858975128867,4,158,78,53,6,0,647,29,295,76,399,13,46.0,304.0,104,10,132,60,1,2,0,0,9,-5,9,6,1,132,1165,52,18,3,0,21,12,31,154,26,628,33,34,1,0,56.0,0.9705882352941176,0,12,9,8,4,0,0,0,0,1,0,0,37;23;40;32;40;48;25;40;34;33;35;38;22;32;21;29;37;26;29;43;24;30;49;50;53;26;28;43;40;27;20;53;56,46,,1163,46,0,19,20,1,0,0.95,1,1,0,0,33,75,0,66.0,3507,25,12,11,2,26,24,127,0,3340
2019,KC,REG,16,378,576,4690,30,5,25,-192,4,2,4915,2234,211,142.49376783847617,1.9852119427855297,1,188,99,59,18,375,1569,16,5,3,93,-19.891577143101543,0,33,27,10,3,378,558,4690,30,5,3,4915,2234,211,187.4881744347383,1,189,99,59,18,1,652,38,320,65,383,13,45.0,338.0,96,16,141,65,1,2,0,7,10,-2,7,131,2,107,1029,41,17,3,0,20,10,32,222,37,927,34,38,3,1,56.0,0.8947368421052632,0,9,9,13,3,0,0,0,1,0,2,0,28;25;46;35;42;36;23;44;29;36;41;33;20;39;28;24;45;54;44;30;41;43;39;41;50;48;31;41;23;24;44;56;32;40,36;50;50,52,1255,136,52,45,48,3,0,0.9375,1,1,0,0,44,48,1,68.0,2126,21,1,11,3,14,19,89,0,1977
2019,LA,REG,16,397,632,4669,22,17,22,-170,7,4,4869,2270,222,61.39906289311517,-1.8130316307731704,0,194,102,73,6,401,1499,20,6,3,92,-61.23563682937594,1,40,30,8,0,397,612,4669,22,3,0,4869,2270,222,128.15789427832283,0,194,102,73,6,0,610,84,376,70,346,15,50.0,303.0,93,13,137,76,2,1,1,41,7,-19,11,54,2,118,899,72,13,4,3,17,7,27,170,18,404,24,33,8,1,58.0,0.7272727272727273,0,7,7,5,5,0,0,0,0,6,2,0,49;56;27;24;22;53;37;58;44;47;32;36;55;25;20;23;30;38;32;46;27;33;52;47,41;48;44;40;56;41;52;47,37,913,369,37,42,42,0,0,1.0,0,1,1,0,44,66,1,71.0,3128,22,14,10,5,14,23,190,0,2838
2019,LAC,REG,16,394,597,4648,24,20,34,-222,5,2,5079,2173,220,72.38647213305572,3.683781282947217,1,201,94,57,12,366,1453,12,7,4,90,-42.00675381245016,0,38,25,9,1,394,576,4648,24,4,3,5079,2173,220,143.42399489915036,1,201,94,57,12,1,643,53,305,65,234,6,29.0,176.0,67,11,74,45,0,5,0,0,8,-25,3,15,0,103,872,66,13,8,3,21,11,22,118,35,726,26,34,7,1,51.0,0.7647058823529411,0,7,6,11,2,0,0,0,1,5,1,0,40;39;34;43;44;45;51;45;32;38;29;50;20;29;40;34;43;27;27;26;49;30;46;40;41;27,39;41;43;42;44;40;55,48,969,304,48,35,35,0,0,1.0,0,0,0,0,,48,0,60.0,2256,17,2,3,2,8,33,252,0,1964
2019,LV,REG,16,367,523,4110,22,8,29,-184,1,0,3467,2153,194,99.2223350693191,5.668253198174984,0,164,83,54,10,437,1893,13,9,5,104,-36.45828672327055,0,40,32,11,3,367,491,4110,22,4,3,3467,2153,194,151.33254965089458,0,164,83,54,9,0,630,68,234,68,313,9,32.0,248.0,64,9,214,67,2,2,0,0,11,-22,6,6,0,128,1138,59,9,12,2,21,9,27,190,35,811,19,26,7,0,48.0,0.7307692307692307,0,8,5,6,0,0,0,0,1,4,2,0,29;29;26;41;45;44;32;40;22;20;48;34;33;34;27;48;23;33;28,51;45;53;43;44;45;39,,636,320,0,34,36,1,1,0.9444444444444444,0,0,0,0,,67,0,74.0,3081,33,3,8,6,20,30,318,0,2643
2019,MIA,REG,16,371,615,4117,22,18,58,-313,4,1,5463,1581,210,-28.266259532199577,-2.7364977441801885,1,189,78,49,7,349,1156,10,7,2,64,-57.85464825889382,0,28,18,3,0,371,606,4117,22,7,4,5463,1581,210,46.92037643049186,1,189,78,49,7,1,609,56,406,44,204,9,23.0,155.0,64,13,190,66,1,5,1,0,14,-16,3,0,0,92,769,66,15,10,3,25,8,27,177,36,796,23,30,7,0,54.0,0.7666666666666667,0,7,8,5,3,0,0,0,1,4,2,0,54;22;33;30;39;26;47;48;48;36;51;22;25;28;31;53;48;37;24;47;37;27;32,47;50;52;49;34;49;47,,845,328,0,29,30,1,0,0.9666666666666668,1,1,0,0,37,69,0,62.0,3105,23,6,12,2,20,29,229,0,2836
2019,MIN,REG,16,319,466,3729,26,8,28,-206,5,3,3535,1855,171,80.31765169133094,3.4206210117264573,1,143,72,53,11,476,2133,19,10,4,106,-23.776900494018435,0,56,41,15,4,319,442,3729,26,5,2,3535,1855,171,146.1783075468583,1,143,71,53,11,0,700,39,291,81,381,19,48.0,362.0,101,17,95,83,1,6,1,0,15,-14,14,124,1,96,895,60,18,11,2,29,12,28,191,17,380,27,29,2,0,50.0,0.9310344827586208,0,10,9,5,3,0,0,0,0,2,0,0,31;50;24;31;48;32;45;39;50;29;27;40;29;26;27;47;27;50;26;44;38;27;23;37;38;39;34,47;45,,958,92,0,40,44,3,1,0.9090909090909092,0,0,0,0,,62,0,59.0,2802,24,6,9,0,24,23,158,0,2644
2019,NE,REG,16,378,620,4153,25,9,28,-192,2,1,4651,1933,197,28.987931422669256,-2.0284303230768166,1,167,88,62,6,447,1703,17,2,1,110,-29.88892726752682,1,44,33,6,0,378,587,4153,25,4,2,4651,1933,197,95.96795920357482,1,167,88,62,6,2,545,116,274,49,278,15,47.0,326.0,102,25,353,89,3,1,1,17,5,0,11,48,2,94,828,51,8,5,1,13,6,29,233,26,575,27,34,5,2,51.0,0.7941176470588235,1,12,8,5,1,0,0,0,1,4,0,0,25;41;35;39;28;37;23;37;23;34;20;29;22;19;35;22;39;44;42;23;29;40;46;36;51;20;25,48;40;34;46;48,29;41,864,216,70,39,45,6,0,0.8666666666666667,0,0,0,0,,81,0,65.0,3638,36,17,12,6,18,28,175,0,3343
2019,NO,REG,16,418,581,4431,36,6,25,-187,1,0,3742,2257,230,114.16628752490514,4.0840825449162175,0,173,85,54,9,405,1738,12,3,1,97,-31.929196431186252,0,45,34,11,1,418,559,4431,36,2,0,3742,2257,230,172.2995043534317,0,173,85,54,9,1,632,29,239,76,389,11,50.0,323.0,110,13,140,78,2,3,1,0,5,2,10,75,1,120,1036,70,6,3,2,9,2,40,368,28,676,32,36,4,0,58.0,0.8888888888888888,1,9,6,13,3,0,0,0,0,2,2,0,32;47;58;34;52;42;40;42;19;26;29;47;21;39;30;26;29;47;28;44;26;41;33;22;47;42;45;55;48;33;26;47,56;42;52;47,,1197,197,0,48,49,1,0,0.979591836734694,2,2,0,0,58;33,60,0,64.0,2770,29,7,7,1,21,24,166,0,2584
2019,NYG,REG,16,376,607,4070,30,17,43,-339,13,9,4889,1812,187,-48.17641067218009,-2.0665799063616173,2,148,75,54,11,362,1685,11,8,5,89,-21.407020106697463,0,47,32,13,3,376,588,4070,30,4,1,4889,1813,187,69.01962861237025,2,147,75,54,11,1,642,81,375,68,277,9,36.0,246.0,98,10,171,65,1,3,1,0,15,-18,6,42,1,90,784,71,24,7,0,31,16,28,274,49,1153,12,17,5,0,45.0,0.7058823529411765,0,6,5,1,0,0,0,0,1,3,1,0,28;36;30;32;21;25;26;29;27;45;34;37,48;37;42;43;53,,370,223,0,35,39,4,0,0.8974358974358975,0,0,0,0,,69,2,62.0,3178,29,9,17,2,17,24,136,0,3002
2019,NYJ,REG,16,323,521,3443,19,16,52,-332,7,4,4213,1741,162,-77.13706665936023,0.0968016017743242,3,140,71,44,6,383,1257,6,5,0,61,-68.93840204379056,0,26,18,2,0,323,492,3443,19,2,1,4213,1741,162,26.755869406119437,3,140,71,44,6,1,671,25,319,91,351,10,35.0,222.0,99,12,138,67,3,2,2,14,7,-31,9,24,2,115,1105,44,10,11,5,21,9,21,240,37,807,19,28,8,1,54.0,0.6785714285714286,0,2,7,7,3,0,0,0,1,4,3,0,46;38;52;40;29;53;35;24;35;42;39;37;42;44;54;37;42;30;47,45;55;49;54;49;48;51;34,49,766,385,49,23,27,4,0,0.8518518518518519,1,1,0,0,44,87,0,63.0,3991,28,9,18,3,13,44,309,0,3622
2019,PHI,REG,16,391,613,4063,27,8,37,-230,10,4,4917,1820,215,41.254550799597034,-0.8777723557925303,2,161,74,52,6,454,1939,16,8,4,104,-35.66619512540307,2,48,35,7,2,391,604,4063,27,6,4,4917,1820,215,88.93834486572098,2,161,74,52,6,0,615,20,268,76,324,15,43.0,271.0,106,11,159,82,1,3,0,18,13,-26,9,126,2,100,836,61,21,10,3,31,15,27,160,29,653,22,26,4,0,53.0,0.8461538461538461,0,7,8,5,2,0,0,0,0,2,2,0,22;34;41;25;28;53;40;38;37;28;28;38;42;28;48;43;37;34;25;36;31;50,49;47;53;55,,786,204,0,35,37,2,0,0.945945945945946,0,0,0,0,,71,0,61.0,3292,28,7,9,4,19,32,207,0,3005
2019,PIT,REG,16,315,510,3214,18,19,32,-233,8,1,4026,1751,147,-56.922422038670234,-1.344831601246116,0,114,56,37,8,395,1447,7,5,4,75,-99.56568954788378,0,37,28,9,1,315,485,3214,18,7,4,4026,1751,147,-2.2898221849217633,0,114,56,37,8,1,643,126,338,78,345,22,53.0,335.0,118,20,235,83,1,2,0,0,17,-41,18,124,2,111,893,52,22,8,2,30,11,29,285,29,525,29,31,2,0,51.0,0.935483870967742,1,11,7,9,1,0,0,0,0,1,1,0,19;41;33;46;26;29;49;41;29;33;20;42;41;21;51;33;26;33;26;47;26;39;29;30;37;25;49;49;26,54;44,,996,98,0,28,28,0,0,1.0,0,0,0,0,,74,0,69.0,3368,24,5,12,4,24,29,265,0,3023
2019,SEA,REG,16,341,517,4110,31,6,48,-319,5,0,4863,1723,190,85.02494519224528,6.910254058205647,1,171,83,55,10,481,2200,15,11,7,121,-42.5521277471631,0,62,45,14,2,341,494,4110,31,8,6,4863,1723,190,143.855487742039,1,171,83,55,10,0,577,56,390,45,171,20,28.0,184.0,68,16,161,74,2,1,0,46,10,-22,16,81,1,109,882,72,21,5,2,26,14,23,141,22,432,23,28,5,0,54.0,0.8214285714285714,0,6,11,4,2,0,0,0,0,3,2,0,33;24;42;38;20;34;31;35;42;54;37;22;46;42;24;29;29;36;39;34;30;30;51,58;48;53;47;40,,802,246,0,40,44,4,0,0.9090909090909092,1,1,0,0,42,74,0,63.0,3341,34,8,9,5,18,34,213,1,3028
2019,SF,REG,16,331,478,4029,28,13,36,-237,5,4,3126,2192,195,86.04855879613197,2.5195167393960074,2,158,90,62,8,498,2305,23,8,3,110,-30.169022344335676,0,64,51,16,4,331,467,4029,28,3,1,3126,2192,195,166.44175304944204,2,158,90,62,8,0,648,53,283,77,388,23,48.0,367.0,93,12,286,75,3,0,0,0,8,-29,15,50,2,105,939,71,9,10,1,19,10,33,264,20,409,30,39,7,2,48.0,0.7692307692307693,0,11,9,10,0,0,0,0,1,3,3,0,29;36;47;33;38;24;44;25;34;28;22;29;20;43;39;47;43;29;27;48;32;41;30;22;46;43;26;33;47;30,57;39;47;52;55;45;47,32;51,1035,342,83,49,50,1,0,0.98,2,2,0,0,30;33,52,0,65.0,2333,23,5,9,2,13,23,131,0,2162
2019,TB,REG,16,382,630,5127,33,30,47,-282,9,4,6493,1898,244,43.42222940956387,0.6438577759403373,2,219,113,75,13,409,1521,15,6,3,81,-50.77332750062795,3,39,30,10,1,382,607,5127,33,3,3,6493,1898,244,139.22030145743534,2,219,113,75,13,0,668,27,257,82,338,21,47.0,325.0,117,12,201,96,2,4,0,0,10,-14,16,171,4,133,1111,62,15,8,2,23,11,33,172,25,494,27,35,7,1,58.0,0.7714285714285715,0,6,5,11,5,0,0,0,2,3,2,0,31;40;32;47;27;52;23;58;21;42;54;22;48;24;41;45;30;45;41;55;32;25;37;44;46;50;41,42;34;50;54;49;44;34,54,1053,307,54,43,48,3,2,0.8958333333333334,0,1,1,0,34,57,0,63.0,2464,19,2,9,3,18,25,222,0,2182
2019,TEN,REG,16,297,448,3956,29,8,56,-374,7,3,3899,1836,177,57.210243949271046,3.8143323612547366,0,157,87,58,15,445,2223,21,8,4,104,4.097107285115445,1,63,51,14,5,297,428,3956,29,4,1,3899,1836,177,163.413272347021,0,157,87,58,15,1,622,107,377,60,289,11,42.0,258.0,84,14,158,72,1,2,1,77,9,-1,9,100,2,99,932,47,18,3,3,21,9,22,169,30,638,8,18,8,2,53.0,0.4444444444444444,0,0,2,4,2,0,0,0,1,4,3,0,37;53;49;45;45;51;42;31,45;50;36;53;43;56;44;42,33;45,353,369,78,50,52,2,0,0.9615384615384616,0,0,0,0,,78,0,70.0,3672,37,18,9,2,19,30,269,0,3363
2019,WAS,REG,16,298,479,3205,18,13,50,-393,9,4,3639,1454,154,-78.80948365329758,-2.7803048491477966,1,133,55,38,6,356,1583,9,7,2,74,-39.64465811051259,0,42,33,11,2,298,464,3205,18,4,2,3639,1454,154,22.788541906176658,1,133,55,38,6,1,716,53,347,73,292,16,46.0,270.0,95,13,106,52,0,0,0,2,12,-12,9,0,0,106,835,64,16,5,1,21,8,22,104,33,833,25,30,4,1,53.0,0.8333333333333334,0,7,8,8,2,0,0,1,1,1,1,0,41;48;35;21;21;21;30;43;29;33;39;44;28;37;42;39;25;42;36;52;53;43;31;42;28,43;55;39;29,49,903,166,49,21,22,1,0,0.9545454545454546,0,0,0,0,,79,0,79.0,3863,30,5,12,4,19,39,354,0,3429
2020,ARI,REG,16,387,575,4102,27,13,29,-186,5,4,4475,1853,211,22.505699589272055,2.1437698930775353,0,149,68,45,14,479,2237,22,9,1,136,28.93374210420849,0,69,48,17,2,387,545,4102,27,6,3,4475,1855,211,87.81020634280826,0,149,68,45,14,0,689,55,297,80,391,15,48.0,326.0,100,11,129,57,0,1,1,5,11,-3,10,33,0,113,868,69,17,5,3,22,8,25,136,24,525,23,30,6,1,56.0,0.7666666666666667,0,5,6,10,2,0,0,0,0,5,1,0,56;49;33;28;54;47;26;49;44;48;37;23;42;21;45;47;34;37;34;30;40;27;43,52;49;41;49;45;48,37,894,284,37,45,46,1,0,0.9782608695652174,1,1,0,0,48,58,0,61.0,2600,21,2,9,5,20,22,201,0,2299
2020,ATL,REG,16,408,628,4620,27,11,41,-257,4,2,5417,1644,243,69.70619305056903,1.2736852725675285,1,192,102,59,8,409,1532,13,5,3,86,-42.03289555989449,0,34,22,6,1,408,605,4620,27,5,2,5417,1644,243,153.39104475951245,1,192,102,59,8,0,663,27,341,53,258,17,29.0,221.0,92,12,204,51,1,1,0,0,6,-3,9,4,0,83,736,71,14,2,3,16,7,17,152,20,409,38,40,2,0,54.0,0.95,0,11,11,8,8,0,0,0,1,1,0,0,49;49;42;27;41;32;29;36;23;46;31;54;50;21;47;43;20;37;36;29;52;35;28;51;52;38;39;30;29;54;53;30;28;45;32;52;22;21,48;39,,1433,87,0,34,38,4,0,0.8947368421052632,0,0,0,0,,56,0,57.0,2381,17,4,5,2,19,26,142,0,2199
2020,BAL,REG,16,257,406,2919,27,11,32,-180,4,2,3531,1262,142,39.063544435997514,-0.035701429813492,1,115,57,38,5,555,3071,24,11,5,165,68.92409544312156,1,80,63,31,5,257,392,2919,27,3,0,3531,1262,142,92.23990253621956,1,115,57,38,5,1,624,44,340,62,323,25,39.0,272.0,116,10,78,67,0,2,2,0,14,-18,12,141,3,104,961,62,14,11,4,25,7,27,244,23,613,26,29,3,0,55.0,0.896551724137931,0,8,6,9,3,0,0,0,1,0,1,1,41;32;39;47;20;26;42;46;46;39;46;55;46;51;48;24;30;27;29;35;22;55;46;20;28;34,61;36;57,,974,154,0,52,53,0,1,0.981132075471698,1,1,0,0,55,53,0,59.0,2368,22,8,5,1,20,19,108,0,2240
2020,BUF,REG,16,410,596,4786,40,11,27,-166,5,2,5133,1946,240,177.37424598023438,6.104261461984027,0,196,95,66,10,411,1723,16,6,5,119,-21.14797624891452,0,53,40,10,1,410,572,4786,40,3,2,5133,1946,240,227.6282006873965,0,196,95,66,10,1,632,99,293,58,252,15,38.0,220.0,92,15,184,76,2,2,0,0,5,-2,11,27,1,102,941,57,13,5,2,18,11,31,370,36,995,28,34,6,0,58.0,0.8235294117647058,1,9,6,8,4,0,0,0,3,1,1,1,22;19;39;34;43;48;53;48;46;37;29;40;28;44;22;31;54;55;58;45;43;37;28;34;23;27;27;22,38;34;52;45;37;61,,1036,267,0,57,59,2,0,0.9661016949152542,0,0,0,0,,41,0,72.0,2082,18,8,4,7,6,16,138,0,1804
2020,CAR,REG,16,373,550,4129,16,16,36,-241,2,2,4114,2035,192,12.220879834529828,3.0072779877136058,1,167,87,55,9,407,1704,19,7,2,110,-8.140107134597995,0,47,31,6,1,373,527,4129,16,3,1,4114,2035,192,84.94338344930021,1,167,87,55,9,0,580,20,408,51,225,14,29.0,199.0,89,7,110,58,0,1,0,0,6,-7,15,129,3,95,752,69,9,4,2,13,5,20,117,29,734,29,36,6,1,56.0,0.8055555555555556,0,11,10,7,1,0,0,0,0,1,3,2,47;46;31;23;29;24;30;22;31;27;38;39;22;21;20;48;43;39;47;46;56;37;40;21;35;26;36;22;33,42;54;65;51;67;54,28,979,333,28,33,36,2,1,0.9166666666666666,0,2,2,0,67;54,45,0,67.0,2082,21,2,6,3,16,18,184,1,1838
2020,CHI,REG,16,402,614,3925,26,16,36,-270,5,2,4870,1717,218,-7.06199656879296,1.1553164746537306,1,158,76,42,3,393,1647,12,1,0,93,-13.008739648972275,1,40,25,8,3,402,596,3925,26,5,3,4870,1720,218,56.72513440150043,1,158,76,42,3,1,659,24,332,58,248,15,35.0,234.0,88,10,81,71,0,4,1,0,13,-3,8,12,1,88,777,69,12,8,0,20,6,25,190,47,1145,30,32,2,0,55.0,0.9375,0,9,10,9,2,0,0,0,0,1,1,0,35;28;34;35;27;47;38;31;55;31;42;44;29;51;22;23;42;27;45;39;32;42;35;48;42;20;40;30;27;20,50;46,,1061,96,0,36,37,0,1,0.972972972972973,0,0,0,0,,64,0,64.0,2924,28,2,10,5,22,25,294,0,2530
2020,CIN,REG,16,372,581,3793,19,11,48,-345,5,4,4727,1792,201,15.570270283083772,0.0506411013670607,0,162,66,35,5,411,1668,13,8,5,92,-46.78306225516812,0,37,25,9,2,372,566,3793,19,4,3,4727,1792,201,89.5061067279017,0,162,66,35,5,1,598,28,390,43,151,10,17.0,83.0,73,11,84,80,0,1,0,0,5,-27,6,65,0,83,675,64,14,6,2,20,13,23,232,31,764,27,34,7,0,55.0,0.7941176470588235,0,3,13,8,3,0,0,0,2,2,3,0,50;43;38;43;27;48;31;25;35;40;46;30;38;47;55;37;23;33;37;53;44;34;33;35;48;36;38,31;48;34;58;53;55;49,,1047,328,0,32,33,1,0,0.9696969696969696,0,0,0,0,,71,0,72.0,3350,19,4,15,7,16,29,170,0,3040
2020,CLE,REG,16,315,501,3701,27,8,26,-162,4,3,4237,1406,195,92.39421495801103,2.8896389764432477,1,166,77,45,5,495,2374,21,7,3,133,-6.814778386914023,1,74,45,21,4,315,467,3701,27,6,2,4237,1406,195,158.43514862132827,1,166,77,45,5,0,641,45,327,48,211,17,38.0,262.0,75,11,214,74,2,1,2,0,14,-39,10,0,0,100,870,52,16,7,1,23,8,24,115,36,795,19,24,4,1,46.0,0.7916666666666666,0,5,4,10,0,0,0,0,2,1,0,1,42;30;37;44;24;36;46;43;41;38;41;46;28;24;45;27;43;44;23,41;37;39;61,47,702,178,47,43,48,5,0,0.8958333333333334,0,0,0,0,,51,0,59.0,2244,14,4,4,3,15,25,229,0,1955
2020,DAL,REG,16,413,639,4511,25,13,44,-350,7,5,4759,2060,231,-13.550194747103792,-1.1122749584034155,1,192,75,50,11,430,1788,14,7,5,115,-18.98596349659146,3,46,30,7,2,413,617,4511,25,3,3,4759,2060,231,85.27443060913703,1,192,75,50,11,1,636,20,386,49,184,16,31.0,178.0,74,10,108,46,0,1,0,0,5,-22,12,128,2,96,849,68,15,4,1,19,13,29,265,37,965,34,41,7,0,59.0,0.8292682926829268,1,5,13,12,3,0,0,0,0,1,5,1,33;33;46;43;42;24;40;34;34;45;49;49;59;38;44;45;39;19;33;32;28;31;34;20;55;48;46;35;20;21;38;46;57;36,53;58;52;40;53;52;60,,1296,368,0,33,36,1,2,0.9166666666666666,2,2,0,0,46;34,50,0,58.0,2250,15,2,1,3,29,15,132,0,2058
2020,DEN,REG,16,317,556,3673,21,23,32,-222,5,3,5026,1623,176,-62.66279231749522,-5.090827521418988,2,140,79,49,11,442,1918,13,7,2,94,-37.61954037784606,0,51,35,13,3,317,533,3673,21,6,3,5026,1623,176,7.279230389471614,2,140,79,49,11,1,689,24,304,61,328,12,42.0,282.0,93,10,130,64,0,3,0,0,11,-39,6,25,0,81,670,59,12,11,3,23,9,20,267,27,557,28,35,5,2,58.0,0.8,0,6,4,8,10,0,0,0,1,0,4,0,49;28;56;40;54;53;45;44;27;52;20;54;43;35;43;41;50;33;29;47;58;53;30;50;52;22;37;26,58;57;51;37;56,70;63,1171,259,133,25,30,5,0,0.8333333333333334,0,1,0,1,63,65,1,69.0,3040,19,16,4,4,13,28,226,0,2734
2020,DET,REG,16,374,582,4397,27,13,42,-293,2,1,4981,1887,220,30.90635593178435,-1.071490511775441,2,186,97,58,8,367,1499,17,5,5,93,-38.87968652914037,0,36,25,5,1,374,562,4397,27,1,0,4981,1884,220,107.38170392574594,2,186,97,58,8,1,666,57,353,53,216,15,24.0,195.0,56,7,65,51,0,2,1,19,4,-12,5,4,0,95,860,70,10,3,1,13,8,17,217,34,845,21,28,7,0,59.0,0.75,0,4,7,4,6,0,0,0,0,3,4,0,27;32;44;37;24;35;39;31;41;50;51;49;23;45;53;37;59;29;32;53;54,55;57;57;46;48;46;51,,845,360,0,38,41,3,0,0.926829268292683,2,2,0,0,39;59,59,0,67.0,2897,26,4,10,7,17,21,116,0,2641
2020,GB,REG,16,372,526,4299,48,5,21,-193,2,1,4135,2248,216,184.1904321177828,7.1855550427398756,0,156,77,57,14,443,2118,16,4,1,114,23.13913004385495,2,49,35,10,4,372,501,4299,48,3,2,4135,2248,216,226.3706498918631,0,156,77,57,14,0,612,55,321,53,252,12,41.0,254.0,80,11,98,74,1,1,1,0,3,-13,7,63,1,84,684,61,8,3,2,11,6,11,53,33,623,16,16,0,0,57.0,1.0,1,1,5,5,4,0,0,0,0,0,0,0,31;43;43;35;52;33;49;48;39;19;53;39;26;40;57;51,,,658,0,0,59,63,4,0,0.9365079365079364,0,0,0,0,,46,1,62.0,2092,15,9,7,3,10,17,291,2,1741
2020,HOU,REG,16,383,546,4843,33,7,50,-305,4,2,4867,1973,222,129.8895435921528,6.515895281519208,1,193,103,70,11,344,1466,10,7,4,83,-24.381641917862,0,38,22,5,1,383,525,4843,33,6,3,4867,1973,222,214.9486918350578,1,192,102,69,11,0,656,80,370,59,261,9,33.0,217.0,80,3,19,50,1,3,0,0,6,-13,6,0,0,80,619,66,17,4,4,21,11,20,158,36,722,27,31,4,0,54.0,0.8709677419354839,0,8,9,6,4,0,0,0,0,2,2,0,44;35;45;50;28;25;36;33;46;38;38;29;54;30;36;46;42;26;52;34;23;31;21;24;43;28;51,51;41;46;53,,988,191,0,37,40,3,0,0.925,0,0,0,0,,55,0,67.0,2531,20,4,5,6,21,19,128,0,2283
2020,IND,REG,16,371,552,4186,24,11,21,-133,2,1,3966,2244,201,95.44928304095704,0.1081188204132508,1,186,87,56,8,459,1996,20,1,1,129,-18.38779508490689,2,64,49,12,3,371,535,4186,24,3,2,3966,2244,201,130.5769815941103,1,186,87,56,8,2,639,105,257,64,256,14,40.0,261.0,81,15,266,78,4,2,3,6,2,11,10,28,0,94,899,50,7,1,2,8,4,31,312,43,1111,32,37,5,0,53.0,0.8648648648648649,0,10,12,9,1,0,0,0,1,2,2,0,38;25;28;38;38;44;42;41;21;30;44;30;32;37;25;40;43;24;43;37;32;43;39;42;25;20;35;35;53;28;22;24,30;41;50;56;49,,1098,226,0,43,45,2,0,0.9555555555555556,1,1,0,0,39,48,1,60.0,2216,20,3,7,5,10,23,177,0,1939
2020,JAX,REG,16,387,616,3955,25,16,44,-256,8,6,4858,1696,205,-42.39578962955759,-0.6967731113107796,2,158,73,45,5,337,1519,9,3,1,80,-12.23415569850166,1,48,28,6,1,387,585,3955,25,2,1,4858,1696,205,61.37839246448296,2,158,73,45,5,2,675,45,355,51,169,12,18.0,91.0,77,12,200,60,1,1,0,16,5,-1,5,33,0,107,1071,64,12,4,2,16,9,18,205,30,614,18,25,6,1,59.0,0.72,0,4,6,2,6,0,0,1,1,2,1,1,50;46;35;32;20;50;30;31;59;30;52;31;41;54;24;22;53;26,48;24;49;32;54;62,53,686,269,53,24,28,4,0,0.8571428571428571,0,0,0,0,,65,0,67.0,3051,21,7,13,5,14,26,196,0,2755
2020,KC,REG,16,420,630,5005,40,7,24,-151,3,2,5103,2455,255,201.9331460420896,2.834331438116083,3,209,105,69,8,403,1799,13,5,1,110,-0.9443257370229564,0,57,36,10,0,420,611,5005,40,7,5,5103,2455,255,239.7997622961871,3,209,105,69,8,2,642,16,294,41,219,13,32.0,189.0,99,16,259,64,2,4,1,27,6,-17,6,26,0,105,919,39,11,8,4,19,9,28,163,25,646,25,27,2,0,58.0,0.925925925925926,2,7,9,3,4,0,0,0,0,2,0,0,29;19;58;30;58;23;39;32;37;30;40;31;26;39;55;19;29;35;24;23;31;48;46;22;53,42;48,,876,90,0,48,54,5,1,0.8888888888888888,1,1,0,0,58,52,0,67.0,2339,20,8,5,6,18,15,119,0,2100
2020,LA,REG,16,392,590,4183,20,14,25,-169,5,3,3937,2245,206,22.541855432289506,0.4787312442721845,1,163,84,50,6,473,2018,19,4,3,123,-37.192486342650945,0,55,39,9,4,392,562,4183,20,4,2,3937,2245,206,88.70448774887454,1,163,84,50,6,0,611,50,342,65,361,12,53.0,350.0,102,14,266,68,3,4,1,3,7,-14,8,20,1,71,655,71,14,5,1,19,11,34,235,25,516,24,30,5,1,51.0,0.8,0,6,10,7,1,0,0,1,1,2,1,0,35;31;30;30;32;28;42;22;23;23;38;40;48;41;39;35;45;42;44;51;33;28;34;27,29;53;48;44;37,48,841,211,48,38,42,2,2,0.9047619047619048,0,0,0,0,,68,1,63.0,3099,28,11,9,5,20,23,297,1,2702
2020,LAC,REG,16,413,627,4548,31,10,34,-219,3,1,4718,2304,226,89.72661071633948,-0.1667303754147843,2,180,84,54,10,466,1784,12,8,2,111,-58.93092457289428,0,41,28,10,0,413,611,4548,31,3,2,4718,2304,226,142.2127545479422,2,180,84,54,10,0,619,44,336,51,193,6,27.0,137.0,85,12,217,54,2,1,1,0,9,-12,7,45,0,85,710,66,10,6,1,16,6,18,100,42,924,24,33,8,1,53.0,0.7272727272727273,0,8,6,8,2,0,0,0,0,5,3,0,24;43;22;41;23;41;53;35;35;52;47;33;45;29;44;23;27;35;43;22;37;43;25;37,50;47;50;48;48;46;47;51,58,859,387,58,36,39,3,0,0.9230769230769232,1,1,0,0,43,57,3,63.0,2669,12,5,4,3,8,37,564,1,2045
2020,LV,REG,16,369,551,4383,28,10,28,-166,8,7,4492,2056,206,68.3464581011265,2.197925307668646,1,165,86,59,12,457,1916,20,9,4,121,-7.604624947761251,0,55,40,9,1,369,523,4383,28,4,4,4492,2056,206,140.96650951420932,1,165,86,59,12,0,639,43,301,50,177,8,21.0,129.0,77,10,156,74,0,1,0,32,6,-13,5,0,0,98,856,63,20,4,2,24,16,23,265,22,418,33,35,2,0,54.0,0.9428571428571428,0,18,8,3,4,0,0,0,0,2,0,0,20;54;28;54;29;25;54;39;25;38;43;42;36;29;33;24;31;24;52;22;35;29;24;48;25;23;23;23;23;38;20;22;33,41;41,,1068,82,0,45,47,2,0,0.9574468085106383,0,0,0,0,,44,0,63.0,1939,20,6,6,2,16,14,133,0,1766
2020,MIA,REG,16,370,559,3937,24,13,34,-201,2,1,4272,1655,207,36.19270213042737,0.9758768422730008,3,164,79,40,4,428,1688,15,5,4,100,-33.93915665996371,1,42,31,7,0,370,547,3937,24,3,1,4272,1654,207,90.82135924528797,3,164,79,40,4,1,592,57,343,62,343,16,41.0,349.0,99,18,146,76,0,4,0,0,9,5,10,142,2,74,635,66,11,6,1,17,7,32,354,12,215,36,39,3,0,56.0,0.9230769230769232,1,8,7,12,8,0,0,0,0,2,1,0,46;52;45;30;41;29;45;43;29;26;50;29;31;49;24;56;50;50;35;49;41;53;54;51;25;48;23;19;31;44;37;39;22;44;49;32,47;45;52,,1421,144,0,36,36,0,0,1.0,1,1,0,0,44,68,0,63.0,3040,26,5,15,2,22,24,297,2,2703
2020,MIN,REG,16,349,516,4265,35,13,39,-256,8,4,4103,1936,212,93.0604228925342,4.5845363404332975,5,174,86,58,7,468,2283,20,5,3,139,9.039150240107752,3,71,50,10,1,349,485,4265,35,4,2,4103,1936,212,177.58225040136998,5,174,86,58,7,0,630,44,400,45,181,11,23.0,126.0,70,15,65,56,0,4,1,10,9,-13,7,7,0,82,650,61,18,4,3,22,10,16,69,33,722,15,22,7,0,53.0,0.6818181818181818,0,6,3,4,2,0,0,0,1,3,3,0,35;21;41;31;52;46;37;43;53;25;48;23;24;22;23,49;55;51;36;54;46;46,,524,337,0,37,43,6,0,0.8604651162790697,1,1,0,0,23,54,2,59.0,2435,11,1,6,3,11,33,321,0,2054
2020,NE,REG,16,283,440,3124,12,14,37,-234,2,1,2995,1534,157,-22.72856667306027,-1.5958259041820253,1,134,67,38,3,502,2346,20,8,1,143,28.79281409326357,0,62,46,13,3,283,420,3124,12,6,3,2995,1534,157,37.944645937317,1,134,67,38,3,2,573,123,349,38,169,5,24.0,165.0,65,18,162,52,1,1,0,44,12,-34,4,0,1,62,534,55,14,5,3,19,5,23,357,31,717,26,28,2,0,51.0,0.9285714285714286,0,6,7,11,2,0,0,0,0,1,1,0,25;33;23;32;43;41;38;40;41;43;33;45;29;51;20;45;36;22;50;32;29;45;36;45;42;45,45;51,,964,96,0,30,33,3,0,0.9090909090909092,2,2,0,0,51;50,55,0,71.0,2678,31,5,15,5,18,12,71,0,2507
2020,NO,REG,16,370,522,3945,28,8,29,-187,8,4,3255,1911,199,72.87543420653593,2.625393861626077,0,157,85,44,9,494,2265,30,9,3,147,19.227062438173263,0,60,35,14,3,370,508,3945,28,4,1,3255,1911,199,140.97064225262966,0,157,85,44,9,0,609,15,279,74,341,7,44.0,284.0,113,18,196,84,1,3,1,0,15,-8,8,20,0,98,1005,71,21,6,3,27,9,39,399,30,761,23,28,5,0,53.0,0.8214285714285714,0,5,10,7,1,0,0,1,0,2,2,0,29;21;31;45;35;34;48;53;36;41;43;38;27;39;35;36;49;23;22;40;30;33;48,27;53;40;45;57,,836,222,0,57,58,1,0,0.9827586206896552,1,1,0,0,35,62,0,58.0,2674,23,6,5,2,29,20,46,0,2588
2020,NYG,REG,16,321,517,3336,12,11,50,-310,9,5,3991,1264,178,-33.641271104374994,-2.1434621423482896,2,147,60,36,5,399,1768,13,5,3,91,-20.365699570535945,0,46,34,9,3,321,500,3336,12,3,2,3991,1264,178,56.004911003623654,2,147,60,36,5,0,639,62,404,63,339,14,40.0,323.0,108,11,101,75,1,0,0,0,7,-5,11,43,1,81,634,62,15,5,2,20,11,20,228,36,788,31,32,1,0,55.0,0.96875,0,4,13,9,5,0,0,0,0,0,1,0,21;39;37;52;42;47;35;37;27;55;50;54;28;33;20;33;38;48;42;35;44;49;40;39;32;48;37;39;31;42;50,57,,1224,57,0,21,23,2,0,0.9130434782608696,0,0,0,0,,65,1,71.0,2911,28,2,14,6,18,25,232,0,2559
2020,NYJ,REG,16,292,499,3115,16,14,43,-319,4,2,4246,1513,146,-84.098955876174,-1.8896606873487551,1,121,64,39,6,406,1683,9,2,1,94,-42.63800344243854,0,37,27,4,1,292,463,3115,16,2,2,4246,1516,146,11.709283076817837,1,121,64,39,6,0,659,70,380,59,250,17,31.0,186.0,84,10,134,67,1,0,1,25,2,-6,9,17,0,101,952,51,7,1,1,8,5,10,86,41,811,21,28,5,2,55.0,0.75,0,6,9,3,3,0,0,1,1,2,1,0,31;41;25;26;38;32;54;36;26;29;39;55;48;35;50;38;45;39;25;21;34,55;29;37;41;43,47;50,767,205,97,20,24,3,1,0.8333333333333334,0,0,0,0,,82,0,60.0,3598,19,9,10,5,20,38,446,0,3052
2020,PHI,REG,16,334,598,3728,22,20,65,-401,9,3,5357,1482,177,-92.10532948889656,-4.658188236588463,5,145,75,43,9,403,2027,16,15,6,114,-9.920413149214117,2,51,36,12,5,334,561,3728,22,1,0,5357,1482,177,39.6385538945334,5,145,75,43,9,1,696,45,347,82,351,14,49.0,324.0,115,8,101,43,1,3,1,0,16,-22,11,57,2,107,853,66,21,10,6,31,9,26,230,31,648,14,19,5,0,54.0,0.7368421052631579,0,1,6,5,2,0,0,2,0,0,3,0,38;38;33;27;42;54;35;31;40;43;42;52;44;38,53;57;52;29;22,,557,213,0,24,26,2,0,0.9230769230769232,0,0,0,0,,73,1,66.0,3395,27,6,5,6,13,43,274,0,3001
2020,PIT,REG,16,428,656,4129,35,11,14,-126,2,0,4657,2071,206,61.94494827584145,-0.9601289623536946,2,152,69,48,7,373,1351,12,7,2,81,-59.941895376907546,0,32,26,10,2,428,652,4129,35,8,3,4657,2071,206,78.48776563865844,2,152,69,48,7,0,628,73,273,93,419,13,56.0,384.0,137,18,169,84,3,3,1,0,12,-13,9,21,0,81,691,50,14,8,3,22,7,37,356,29,670,23,24,1,0,59.0,0.9583333333333334,0,6,7,9,1,0,0,0,0,1,0,0,41;36;21;33;26;41;35;38;30;59;43;41;30;45;44;47;25;27;37;25;29;46;46,45,,845,45,0,41,45,3,1,0.9111111111111112,0,0,0,0,,77,0,62.0,3470,29,7,6,5,27,32,320,0,3050
2020,SEA,REG,16,388,563,4245,40,13,48,-304,2,2,4834,1841,216,79.01634611379795,6.8700426617148205,1,163,82,45,11,411,1971,15,6,2,111,8.432180393294864,0,60,41,11,1,388,537,4245,40,3,1,4834,1841,216,173.00304481108125,1,163,82,45,11,0,705,27,329,84,323,14,46.0,251.0,109,14,106,80,0,2,3,0,7,-24,8,13,0,84,662,69,6,8,3,14,5,22,189,28,629,24,24,0,0,61.0,1.0,0,2,7,13,1,1,0,0,0,0,0,0,42;55;41;44;48;45;44;37;61;39;27;41;44;33;39;31;41;29;43;40;45;49;36;30,,,984,0,0,49,53,4,0,0.9245283018867924,0,0,0,0,,61,0,67.0,3028,32,6,8,6,13,28,199,0,2709
2020,SF,REG,16,371,570,4320,25,17,39,-287,9,7,3783,2297,217,36.27114144777499,-1.5973407277561698,1,189,92,55,10,437,1889,19,5,3,101,-28.998723299960147,0,47,31,8,2,371,554,4320,25,1,0,3783,2297,217,134.0605487141137,1,189,92,54,10,0,624,42,306,58,272,13,30.0,199.0,72,12,123,62,1,3,0,0,4,5,8,17,0,85,731,66,16,4,2,20,14,25,226,27,520,22,26,4,0,52.0,0.8461538461538461,0,3,7,10,2,0,0,0,1,1,2,0,52;24;46;52;32;26;37;49;41;32;22;32;40;46;44;42;45;41;31;36;47;33,55;50;41;37,,850,183,0,38,40,1,1,0.95,1,1,0,0,42,66,1,60.0,3093,25,4,5,6,28,23,183,0,2790
2020,TB,REG,16,410,626,4776,42,12,22,-150,2,0,5640,1890,238,130.82164800044643,3.0884264104633834,0,182,93,67,12,369,1519,16,3,1,82,-22.727830446968863,0,34,26,9,2,410,606,4776,42,5,3,5640,1890,238,167.43098219591502,0,182,93,67,12,0,644,31,301,84,420,15,48.0,366.0,116,15,171,70,1,0,1,4,6,-6,10,43,0,84,715,47,7,5,1,12,5,30,176,25,546,28,31,2,1,50.0,0.9032258064516128,1,10,9,7,1,0,0,0,0,2,0,0,38;33;43;35;26;39;35;46;25;50;29;37;40;43;38;48;23;24;21;40;38;26;19;48;27;29;38;25,44;42,54,963,86,54,52,57,3,2,0.912280701754386,0,0,0,0,,55,0,62.0,2486,19,9,6,2,15,23,236,1,2210
2020,TEN,REG,16,316,485,3826,33,7,25,-173,5,1,4059,1529,203,124.4731282970309,2.3028848262933583,1,153,75,44,13,521,2690,26,5,2,142,48.01371735157952,3,70,52,20,5,316,468,3826,33,3,2,4059,1529,203,175.22666090202378,1,153,75,44,13,1,640,89,347,50,233,12,19.0,154.0,72,15,189,81,0,0,0,0,9,-41,8,149,2,86,783,44,10,5,1,15,5,23,208,38,767,20,28,6,2,55.0,0.7142857142857143,0,2,5,6,7,0,0,0,1,4,1,0,25;51;49;39;31;30;51;54;55;51;40;50;40;40;22;49;53;38;47;37,47;42;37;45;53;44,44;27,852,268,71,51,53,2,0,0.9622641509433962,2,2,0,0,25;37,49,1,66.0,2256,22,7,5,4,13,20,171,0,2005
2020,WAS,REG,16,389,601,3796,16,16,50,-331,7,4,3711,2189,184,-63.73505710955179,-1.3329272747248568,0,150,63,40,6,400,1611,18,3,0,108,-2.668804912132918,0,46,31,7,1,389,573,3796,16,7,4,3711,2187,184,46.28036060947315,0,150,63,40,6,0,619,26,342,73,373,14,46.0,314.0,97,16,136,66,2,7,1,0,12,-11,7,63,1,87,697,54,17,7,1,24,11,31,176,31,645,27,34,7,0,51.0,0.7941176470588235,0,5,7,13,2,0,0,0,1,4,2,0,38;40;24;43;48;35;28;30;48;44;38;41;32;50;23;36;49;45;45;51;31;21;48;48;26;42;42,48;54;47;44;43;38;53,,1046,327,0,30,32,2,0,0.9375,0,0,0,0,,73,0,65.0,3504,23,0,9,3,25,36,209,0,3235
2021,ARI,REG,17,415,591,4619,27,11,39,-343,3,1,4425,2267,214,80.31259460220403,4.065957312521181,0,177,91,62,11,496,2076,23,15,1,127,-8.976329610566415,0,54,34,10,3,415,570,4619,27,2,1,4425,2267,214,161.7520359943092,0,177,91,62,11,0,623,80,358,64,259,21,40.0,227.0,101,13,247,73,1,2,0,0,23,-53,14,36,1,114,990,66,8,22,3,30,4,26,238,29,611,30,37,7,0,62.0,0.8108108108108109,0,11,9,3,6,1,0,0,2,2,1,2,34;62;27;34;23;55;23;21;36;51;33;31;26;47;53;33;25;53;53;49;29;29;28;24;53;26;38;41;30;36,43;68;61;39;36;51;41,,1103,339,0,47,49,2,0,0.9591836734693876,0,0,0,0,,52,0,62.0,2540,12,4,5,5,8,30,265,0,2175
2021,ATL,REG,17,377,573,3987,20,15,40,-274,5,3,4143,1732,196,-16.81421851993055,0.7920964528380423,0,157,77,44,7,393,1451,11,9,3,75,-65.02302008257266,1,42,23,2,0,377,554,3987,20,7,5,4143,1732,196,55.531944859367506,0,157,77,44,7,0,637,91,481,44,174,14,17.0,148.0,59,12,202,77,2,1,1,0,11,-18,8,40,0,92,753,56,18,6,2,24,11,23,189,46,999,27,29,2,0,54.0,0.9310344827586208,0,8,9,6,4,0,0,0,0,1,1,0,21;27;36;40;25;31;52;33;36;36;46;53;32;29;35;21;32;38;48;48;22;53;48;28;24;48;54,45;50,,996,95,0,30,30,0,0,1.0,3,3,0,0,40;36;29,65,1,66.0,2998,24,9,8,5,17,26,235,0,2663
2021,BAL,REG,17,396,611,4267,21,18,57,-306,5,3,5232,1717,209,-0.7380056510154915,0.4613162498990493,2,171,81,54,6,517,2479,18,7,3,159,10.51826849534252,0,67,49,15,1,396,591,4267,21,5,1,5232,1717,209,91.25577163917568,2,171,81,54,6,0,607,74,370,60,269,8,33.0,227.0,96,9,38,72,1,1,0,0,10,-13,6,0,1,102,852,69,15,6,3,21,8,26,360,32,737,35,37,2,0,66.0,0.945945945945946,0,7,9,13,5,1,0,0,0,2,0,0,40;47;43;39;50;32;66;40;46;20;23;52;39;45;37;36;46;35;27;46;52;25;49;35;28;50;42;55;38;22;46;46;34;24;46,49;48,,1401,97,0,32,32,0,0,1.0,2,2,0,0,66;36,71,0,61.0,3149,26,10,10,4,16,31,228,0,2841
2021,BUF,REG,17,415,655,4450,36,16,27,-166,3,1,5355,1751,236,78.07080575368647,2.0334372407551946,2,182,80,51,8,461,2209,20,8,3,134,30.4179243373543,1,59,47,18,2,415,623,4450,36,8,1,5355,1752,236,130.57344572478337,2,182,80,51,8,0,580,120,318,71,329,12,41.0,267.0,91,19,238,80,1,3,0,0,11,-4,11,16,0,113,980,70,17,7,7,24,6,37,316,33,790,28,32,4,0,57.0,0.875,0,15,7,4,2,0,0,0,1,1,2,0,37;25;42;21;48;29;33;26;21;28;30;24;28;52;57;39;24;41;29;34;35;21;25;26;25;34;41;21,53;57;49;33,,896,192,0,51,51,0,0,1.0,0,0,0,0,,52,1,63.0,2230,18,8,9,7,11,17,96,0,1994
2021,CAR,REG,17,348,599,3573,14,21,52,-334,5,2,4417,1833,174,-132.20783896492762,-7.1367781206913525,3,142,72,36,5,455,1842,17,10,5,118,-18.567005636062472,0,54,37,8,0,348,575,3573,14,1,1,4417,1831,174,-29.884024487876907,3,142,72,36,5,1,614,78,404,69,317,14,39.0,293.0,94,9,103,52,0,0,1,4,12,-11,7,78,0,107,864,70,10,10,0,20,8,24,213,28,620,26,29,2,1,57.0,0.896551724137931,0,10,3,10,3,0,0,0,0,1,1,0,22;29;20;42;21;48;43;50;47;23;45;29;51;57;23;39;49;44;48;49;27;41;24;29;32;35,54;47,50,967,101,50,26,28,2,0,0.9285714285714286,0,0,0,0,,73,2,62.0,3184,19,4,7,3,25,34,252,0,2872
2021,CHI,REG,17,332,542,3635,16,20,58,-428,10,5,4495,1600,180,-92.62039353184636,-2.7117142553320366,3,163,71,40,7,475,2018,14,5,2,119,-20.07169487785982,0,54,35,13,1,332,524,3635,16,1,0,4495,1600,180,39.8025206111685,3,163,71,40,7,1,633,75,385,71,339,14,49.0,366.0,83,8,135,56,1,2,1,0,14,-18,8,59,1,106,914,64,16,9,2,25,9,29,338,51,1180,26,30,3,1,47.0,0.8666666666666667,0,10,5,11,0,0,0,0,0,1,1,1,28;22;47;22;33;46;46;28;39;40;25;30;22;28;43;28;23;44;43;34;35;21;44;43;46;42,65;40;53,49,902,158,49,27,28,1,0,0.9642857142857144,1,2,1,0,65;28,62,0,72.0,2865,19,3,7,5,13,34,375,0,2390
2021,CIN,REG,17,384,555,4806,36,14,55,-403,5,2,4397,2421,208,91.25137177986848,5.17986882340025,1,185,97,63,16,436,1742,16,2,1,96,-36.11549252261203,0,40,24,8,1,384,540,4806,36,5,2,4397,2421,208,184.8451853206846,1,185,97,63,16,0,642,77,411,73,277,17,41.0,265.0,99,13,266,63,1,5,0,0,9,-10,8,122,1,72,620,84,12,6,2,18,7,36,261,33,662,29,34,5,0,58.0,0.8529411764705882,0,5,9,6,9,0,0,0,0,3,2,0,53;33;53;43;35;38;40;52;30;21;27;54;53;51;47;31;51;48;37;28;41;53;58;26;30;36;46;20;36,43;57;49;46;50,,1171,245,0,47,49,2,0,0.9591836734693876,3,3,0,0,33;35;20,66,0,61.0,3064,22,10,7,6,15,28,235,0,2709
2021,CLE,REG,17,320,520,3619,21,14,49,-299,7,5,4292,1760,177,-16.197115227810738,-1.9954708361912348,2,137,73,47,9,485,2471,20,5,1,138,26.72429170690463,1,81,58,18,2,320,499,3619,21,3,2,4292,1760,177,89.45269737984692,2,138,73,47,8,0,600,104,398,65,290,12,43.0,273.0,102,13,148,79,1,5,0,0,10,-14,6,31,1,112,1035,55,13,7,2,20,8,47,337,40,828,16,22,5,1,57.0,0.7272727272727273,0,3,5,4,4,0,0,0,0,5,0,0,30;57;41;52;28;48;53;35;31;52;30;28;24;46;43;37,45;46;46;41;47,41,635,225,41,37,39,1,1,0.9487179487179488,0,0,0,0,,67,0,65.0,2880,21,13,6,3,15,30,257,0,2563
2021,DAL,REG,17,444,647,4963,40,11,33,-163,6,4,5116,2264,248,121.3150802253373,2.114250760063459,2,200,97,63,9,473,2119,15,8,4,111,-22.218052031812043,4,54,37,11,2,444,637,4963,40,4,0,5116,2264,248,190.00272552424377,2,201,97,63,8,3,624,63,333,61,307,13,41.0,297.0,114,26,405,83,5,3,0,5,15,-11,8,54,1,127,1103,60,14,12,2,26,9,28,185,29,719,29,35,6,0,56.0,0.8285714285714286,0,5,15,7,2,0,0,0,1,2,2,1,35;21;48;34;56;37;31;38;31;30;45;49;38;39;33;30;48;29;45;55;34;35;38;37;29;26;42;27;48,31;60;51;43;59;43,,1088,287,0,47,53,6,0,0.8867924528301887,1,1,0,0,56,65,0,63.0,3143,24,5,7,4,24,25,163,0,2900
2021,DEN,REG,17,354,541,3856,20,9,40,-263,1,0,4552,1744,179,43.70757981475442,2.429708273544533,1,155,68,46,7,455,2025,16,7,6,123,-34.38671498639965,0,55,36,10,3,354,517,3856,20,2,1,4552,1744,179,114.2380955081038,1,155,68,46,7,0,578,63,381,58,283,6,36.0,249.0,83,13,221,73,1,2,0,0,3,4,6,10,0,83,711,62,10,2,0,12,9,28,230,18,291,26,31,4,1,61.0,0.8387096774193549,0,7,6,8,4,1,0,0,0,0,4,0,23;36;32;46;40;45;47;21;36;39;29;32;45;53;27;42;21;28;42;52;54;49;55;61;23;31,53;53;51;55,22,1009,212,22,33,34,1,0,0.9705882352941176,0,0,0,0,,67,0,68.0,3083,28,9,7,3,24,24,154,0,2869
2021,DET,REG,17,396,593,3884,23,14,36,-286,7,4,3783,2091,193,-20.95766867941608,-0.0008972137109607,5,143,72,49,5,427,1886,12,6,4,104,-38.1162811281006,0,53,40,12,2,396,565,3884,23,2,1,3783,2091,193,66.88978943930101,5,143,71,48,5,0,640,94,430,51,240,10,30.0,201.0,63,11,108,68,0,1,0,0,7,-4,8,6,0,105,824,77,12,5,1,17,9,22,236,36,880,26,30,4,0,52.0,0.8666666666666667,0,4,11,10,1,0,0,0,0,2,2,0,49;43;35;39;52;40;35;37;47;41;31;20;43;31;41;49;36;37;47;45;26;37;26;34;36;27,51;47;48;55,,984,201,0,27,28,1,0,0.9642857142857144,0,0,0,0,,65,0,70.0,3198,17,2,11,7,10,35,308,0,2750
2021,GB,REG,17,402,593,4526,39,7,33,-211,3,1,4578,2410,235,121.74914223977385,4.584308101942665,0,179,90,61,11,446,1900,13,5,2,109,14.604044207552086,1,36,23,7,1,402,570,4526,39,5,1,4578,2410,235,185.05434345266997,0,179,90,61,11,0,633,77,295,46,249,10,38.0,287.0,93,18,164,74,2,5,0,0,10,-7,8,10,0,69,678,81,12,6,2,18,6,25,199,30,531,25,34,7,2,54.0,0.7352941176470589,0,9,9,4,3,0,0,0,2,4,1,0,39;54;38;51;26;29;44;44;22;49;39;39;21;27;54;45;28;29;20;29;32;35;36;37;36,36;51;40;40;42;32;42,34;37,903,283,71,49,51,2,0,0.9607843137254902,2,2,0,0,51;49,53,0,82.0,2467,18,9,7,4,12,21,268,1,2119
2021,HOU,REG,17,354,546,3630,21,15,44,-325,4,1,3997,1723,162,-60.411743138214874,-1.2525474478136285,1,139,58,44,8,420,1422,8,5,1,77,-66.45837687555539,1,23,15,6,0,354,523,3630,21,5,4,3997,1723,162,16.25760278590758,1,139,58,44,8,1,644,119,437,67,273,16,32.0,225.0,70,17,295,64,1,2,1,0,9,-9,8,5,0,114,978,69,10,8,2,18,7,26,188,43,1006,21,27,5,1,61.0,0.7777777777777778,0,7,5,3,5,1,0,0,0,2,3,0,40;26;25;53;33;31;53;31;40;20;43;24;37;21;61;52;51;25;51;25;31,56;45;55;52;45,41,773,253,41,25,29,4,0,0.8620689655172413,0,0,0,0,,88,0,69.0,4108,37,7,10,4,22,45,355,0,3673
2021,IND,REG,17,324,521,3588,27,8,32,-227,4,4,4000,1657,167,9.956186922557428,-2.3451956886931717,2,139,65,42,9,499,2540,22,7,3,154,39.33890038725944,0,72,49,19,5,324,502,3588,27,5,1,4000,1647,167,101.19045703613516,2,139,65,42,9,2,632,134,336,55,236,18,33.0,223.0,86,19,175,69,0,4,1,12,9,-6,14,56,1,76,688,68,15,6,1,21,11,23,170,33,808,29,35,5,1,48.0,0.8285714285714286,0,7,9,13,0,0,0,0,1,2,2,0,21;48;46;35;43;28;24;34;43;37;43;41;42;34;39;24;29;37;36;35;45;23;25;41;41;37;46;41;41,51;47;35;49;53,37,1059,235,37,46,47,1,0,0.9787234042553192,0,0,0,0,,59,0,79.0,2627,24,7,8,1,15,28,267,0,2340
2021,JAX,REG,17,361,604,3674,12,17,32,-238,6,5,4765,1640,178,-58.918805229335575,-4.648889327744472,2,145,67,44,5,392,1755,13,6,4,92,-23.66407170104753,0,42,25,7,2,361,583,3674,12,5,2,4765,1640,178,11.35371707777394,2,145,67,44,5,2,647,80,426,55,268,9,32.0,236.0,83,7,57,50,0,2,0,109,6,0,2,0,1,104,856,76,17,4,3,21,12,19,159,36,799,21,27,6,0,56.0,0.7777777777777778,0,7,7,3,4,0,0,0,0,2,4,0,40;54;53;39;55;21;56;30;22;34;22;38;35;21;45;40;29;22;20;39;31,55;52;48;53;42;51,,746,301,0,18,22,4,0,0.8181818181818182,1,1,0,0,53,71,1,68.0,3337,28,9,8,2,30,22,180,0,3117
2021,KC,REG,17,448,675,4937,37,13,28,-146,5,2,4965,2728,267,146.8661316845902,2.7457822606248676,1,196,87,58,11,431,1955,16,8,5,119,19.4014098809912,1,53,30,9,1,448,637,4937,37,4,3,4965,2728,267,199.82709460043387,1,195,87,58,11,0,634,56,368,42,192,18,31.0,209.0,91,15,160,69,2,2,0,0,11,-13,14,131,2,111,925,43,16,7,0,23,12,19,228,30,702,28,32,4,0,56.0,0.875,0,3,13,5,7,0,0,0,1,1,2,0,28;43;34;38;54;52;42;36;34;24;55;40;35;37;53;56;45;26;54;37;30;33;44;34;30;34;34;51,57;46;51;39,,1113,193,0,50,53,3,0,0.9433962264150944,0,0,0,0,,40,0,68.0,1868,21,5,6,3,9,17,84,0,1724
2021,LA,REG,17,406,607,4893,41,18,31,-251,3,2,5134,2137,233,108.2507875701711,-0.4412923367118518,2,174,102,65,18,420,1683,10,3,2,99,-35.8979216356487,0,46,26,3,0,406,602,4893,41,2,0,5134,2137,233,182.64076882577447,2,174,102,65,18,1,631,116,444,75,337,15,50.0,367.0,95,19,192,72,0,1,0,0,6,-7,6,8,0,76,637,59,7,5,1,12,5,19,215,34,686,32,34,2,0,55.0,0.9411764705882352,0,6,15,7,4,0,0,0,0,1,1,0,53;22;34;38;48;26;42;22;31;47;32;33;47;27;34;22;54;37;36;39;40;44;37;55;35;33;55;35;32;31;24;43,46;56,,1188,102,0,48,49,1,0,0.979591836734694,0,0,0,0,,51,0,59.0,2252,23,8,8,1,25,9,60,0,2172
2021,LAC,REG,17,443,674,5014,38,15,31,-214,1,1,5082,2403,256,119.34808747669967,-0.7824577945136155,6,208,99,53,15,423,1834,18,3,2,112,-15.468361516838732,1,45,33,7,1,443,659,5014,38,5,3,5082,2403,256,166.34604151920746,6,208,99,53,15,1,641,101,427,55,221,19,35.0,231.0,89,11,70,56,0,1,0,0,1,0,10,95,1,116,1033,58,9,1,3,10,7,18,107,39,976,24,27,3,0,50.0,0.8888888888888888,1,8,6,8,1,0,0,0,0,1,2,0,33;27;46;32;29;24;48;30;29;46;24;30;41;43;43;27;28;39;50;46;35;19;23;41,44;52;51,,833,147,0,40,47,7,0,0.851063829787234,1,1,0,0,29,47,1,69.0,2123,12,6,4,2,5,30,329,0,1754
2021,LV,REG,17,429,628,4808,23,14,40,-241,9,5,5115,2291,217,36.74009039532134,2.1554218002812777,0,187,104,67,10,414,1617,14,9,2,95,-49.07788561084234,0,37,27,7,0,429,603,4808,23,5,3,5115,2291,217,116.59680748594984,0,187,104,67,10,0,628,85,453,53,239,13,35.0,207.0,114,6,68,74,0,4,1,0,16,-25,9,34,0,124,1104,72,20,9,3,29,10,32,309,35,694,40,43,3,0,56.0,0.9302325581395348,0,10,12,12,6,0,0,1,0,1,1,0,34;55;46;33;41;45;50;38;22;31;50;30;28;39;25;32;25;26;47;22;46;30;56;29;52;38;37;26;24;40;48;41;47;44;33;24;31;52;40;47,52;43;25,,1504,120,0,30,33,3,0,0.9090909090909092,5,5,0,0,22;29;48;33;47,64,0,71.0,3132,28,7,5,7,17,28,341,0,2651
2021,MIA,REG,17,404,615,3936,21,14,40,-285,10,4,4471,1739,206,-4.536039533838316,0.2890671533415831,2,147,72,45,8,442,1568,12,5,2,87,-58.10777029026223,0,34,23,5,0,404,599,3936,21,2,1,4471,1739,206,79.66824750957717,2,147,72,45,8,1,585,113,403,60,354,14,47.0,367.0,128,14,175,91,3,7,0,2,16,-17,12,61,2,105,825,68,16,13,1,29,12,29,190,19,330,23,31,5,3,51.0,0.7419354838709677,0,6,7,8,2,0,0,0,1,1,3,0,48;46;50;38;23;33;24;51;42;31;22;29;24;46;33;48;48;24;48;34;39;30;49,48;58;32;52;59,49;36;53,860,249,138,34,35,1,0,0.9714285714285714,0,0,0,0,,78,0,65.0,3489,31,4,12,5,27,30,262,0,3127
2021,MIN,REG,17,398,604,4450,34,7,30,-212,10,2,4842,1944,202,57.376755653998,0.8656198229756735,0,171,101,63,10,449,1930,10,6,3,103,-41.31556674316617,1,56,42,13,2,398,578,4450,34,3,1,4842,1944,202,130.167997820186,0,171,101,63,10,2,657,107,443,55,350,13,51.0,378.0,101,16,256,68,2,2,0,0,13,-11,8,2,0,111,1043,72,18,3,2,21,6,26,206,32,849,33,38,5,0,55.0,0.868421052631579,0,8,11,7,7,0,0,0,1,2,2,0,53;52;52;43;34;20;38;38;55;54;25;25;38;45;40;24;36;46;30;51;29;41;31;31;38;42;25;37;23;24;44;51;39,37;49;50;47;53,,1254,236,0,36,40,4,0,0.9,2,3,1,0,37;54;29,78,1,64.0,3624,26,11,10,3,15,39,339,1,3225
2021,NE,REG,17,364,535,4098,24,13,28,-241,4,2,4288,1940,187,77.8880193656106,2.903214318411691,2,162,85,60,8,489,2151,24,7,3,139,6.713306028096723,1,65,47,11,1,364,524,4098,24,5,4,4288,1940,187,120.77114051840508,2,162,85,60,8,0,579,142,402,50,264,10,36.0,256.0,86,23,322,89,3,3,0,0,9,-11,7,-6,0,95,854,66,13,7,1,20,10,28,316,25,544,36,39,3,0,53.0,0.9230769230769232,0,9,11,11,5,0,0,0,0,0,3,0,27;42;33;46;49;32;26;45;26;27;52;52;32;21;39;50;24;48;48;30;37;38;32;44;53;33;22;37;44;28;52;41;34;25;43;43,56;54;53,,1355,163,0,42,47,4,1,0.8936170212765957,1,2,1,0,56;21,49,3,71.0,2316,23,8,6,6,13,16,138,0,2058
2021,NO,REG,17,293,504,3437,29,13,37,-251,4,2,3745,1687,165,-32.21065915119972,-5.06554421681895,0,135,66,41,8,510,1991,12,2,1,113,-51.90695940658594,0,45,28,9,1,293,474,3437,29,3,1,3745,1687,165,62.9482491509786,0,135,66,41,8,0,659,56,376,76,344,13,46.0,310.0,113,18,313,81,2,2,0,33,6,-2,7,10,0,98,811,70,8,6,3,14,5,35,349,37,838,25,30,5,0,52.0,0.8333333333333334,0,8,11,5,1,0,0,0,2,0,3,0,44;21;33;23;35;23;35;52;20;28;42;23;31;37;39;35;42;38;41;27;41;33;37;27;33,52;36;58;56;34,,840,236,0,31,38,7,0,0.8157894736842105,0,0,0,0,,83,0,63.0,3956,29,7,11,4,18,43,391,0,3485
2021,NYG,REG,17,351,593,3463,15,20,38,-267,11,6,4363,1621,171,-131.04195663024112,-4.760361256751608,1,140,68,31,6,419,1688,8,4,2,90,-34.944570241398154,3,37,28,9,2,351,564,3463,15,4,2,4363,1621,171,-25.41796615699328,1,140,68,31,6,0,629,98,544,47,184,12,34.0,205.0,79,15,135,83,1,3,1,0,12,-28,7,13,0,88,674,67,17,6,1,23,10,26,197,33,683,29,33,4,0,55.0,0.8787878787878788,0,5,12,5,7,0,0,0,1,0,3,0,23;47;52;55;35;25;31;23;48;51;51;27;49;53;44;23;35;32;38;37;35;39;39;34;51;35;42;54;38,35;54;51;56,,1146,196,0,17,17,0,0,1.0,0,0,0,0,,74,0,63.0,3283,24,8,17,6,15,28,237,0,2926
2021,NYJ,REG,17,357,603,3959,20,20,53,-418,5,2,4349,2002,195,-75.23830914390196,-6.617548284657851,2,172,77,52,6,380,1667,14,1,1,87,-10.905855076978986,2,46,35,9,2,357,581,3959,20,6,4,4349,2002,195,30.083288470914923,2,172,77,52,6,1,654,114,448,55,287,13,31.0,245.0,88,7,114,61,1,0,0,0,6,0,7,40,0,103,860,56,13,1,1,14,7,17,206,50,1371,21,27,6,0,51.0,0.7777777777777778,0,7,8,5,1,0,0,0,0,3,3,0,21;35;27;22;31;49;24;24;33;48;35;31;37;36;46;36;27;42;20;51;49,53;48;54;55;40;42,,724,292,0,23,27,3,1,0.8518518518518519,0,0,0,0,,70,1,65.0,3274,23,12,11,1,17,29,306,0,2948
2021,PHI,REG,17,307,494,3585,20,10,31,-181,6,1,4230,1729,167,31.475128004306775,0.4275520260517413,3,149,86,51,5,550,2715,25,6,4,163,43.0000130858342,2,77,58,17,0,307,468,3585,20,2,1,4230,1729,167,103.46234963831198,3,149,86,51,5,0,607,65,507,62,287,13,29.0,220.0,83,12,142,56,2,1,0,8,12,-50,4,116,3,107,842,55,12,10,4,22,6,33,239,34,630,30,33,2,1,58.0,0.9090909090909092,0,7,10,10,3,0,0,0,0,2,0,0,43;45;29;25;31;30;58;43;26;41;24;30;52;23;50;37;33;47;31;32;43;46;20;37;22;37;42;41;38;40,46;41,47,1096,87,47,44,44,0,0,1.0,0,0,0,0,,55,0,68.0,2416,17,6,10,3,12,24,225,0,2131
2021,PIT,REG,17,425,664,4017,23,11,38,-239,9,5,4439,2054,204,-57.07841774197806,-2.7505456465674394,2,154,67,41,9,411,1583,10,0,0,85,-20.156033461619195,0,43,27,9,0,425,653,4017,23,4,3,4439,2054,204,11.854559001116376,2,154,67,41,9,1,674,116,406,85,375,18,55.0,321.0,106,13,105,80,0,3,0,9,10,-19,9,-1,0,106,831,70,13,6,0,19,9,40,370,38,849,36,40,4,0,56.0,0.9,0,9,8,11,8,0,0,0,1,2,1,0,24;20;45;56;26;52;48;43;27;52;37;31;54;52;40;20;23;51;36;36;45;40;53;43;36;28;46;48;34;22;30;50;48;28;40;36,42;49;56;36,,1400,183,0,27,29,2,0,0.9310344827586208,2,2,0,0,37;36,77,0,64.0,3347,26,15,7,4,19,32,308,0,2959
2021,SEA,REG,17,324,495,3815,30,7,46,-383,5,2,4619,1743,166,15.375291091702412,3.8105925961637297,1,138,75,56,12,413,2074,18,4,1,106,16.348847755579502,0,53,42,18,3,324,474,3815,30,6,3,4619,1743,166,101.10014453433097,1,138,75,56,12,1,671,160,504,52,250,9,33.0,250.0,92,11,92,80,0,2,1,41,10,-23,7,5,0,97,803,74,13,4,1,17,6,23,192,38,894,17,23,6,0,53.0,0.7391304347826086,0,2,9,3,3,0,0,0,2,2,2,0,31;53;32;40;43;50;31;27;27;38;38;39;36;51;36;42;38,44;35;44;53;56;39,,652,271,0,44,47,3,0,0.9361702127659576,0,0,0,0,,83,0,68.0,3895,40,6,13,10,22,32,234,0,3461
2021,SF,REG,17,343,514,4437,26,14,33,-216,4,2,4003,2254,200,105.8835216240011,1.750973505633218,1,178,97,63,11,499,2166,22,5,1,130,-1.9087813498247617,1,58,45,12,1,343,497,4437,26,9,4,4003,2254,200,154.92724108756136,1,178,97,63,11,0,634,71,411,83,393,22,48.0,364.0,103,9,136,55,2,1,0,0,11,-13,11,12,0,102,1066,65,14,9,2,23,10,34,279,34,642,27,32,5,0,56.0,0.84375,0,7,6,9,5,0,0,0,0,4,1,0,40;52;46;47;34;56;48;52;22;32;26;50;20;48;45;46;22;50;33;24;30;48;37;27;36;42;24,52;41;48;42;47,,1037,230,0,42,46,4,0,0.9130434782608696,1,1,0,0,24,59,0,67.0,2656,22,7,11,5,16,20,156,0,2400
2021,TB,REG,17,492,731,5383,43,12,23,-154,3,2,5894,2573,273,144.2964173704021,1.562248823862502,0,208,108,76,10,385,1672,18,3,3,106,-2.4280335340173687,1,39,28,9,2,492,716,5383,43,4,2,5894,2573,273,186.24638297668363,0,208,108,76,10,0,676,60,316,73,315,16,47.0,285.0,127,17,177,85,2,1,0,0,3,-9,12,29,0,97,874,65,11,1,2,12,7,35,250,30,592,25,31,6,0,48.0,0.8064516129032258,0,11,7,7,0,0,0,0,1,3,1,1,36;26;29;44;27;48;42;22;25;31;25;40;30;25;31;23;24;36;43;21;48;39;27;39;40,55;36;60;43;45;46,,821,285,0,56,59,3,0,0.9491525423728814,1,1,0,0,36,62,0,65.0,2605,26,8,8,2,21,23,184,0,2381
2021,TEN,REG,17,359,535,3745,22,14,47,-327,6,3,4005,1780,194,28.50651729432588,2.4460587978819777,1,169,59,35,7,551,2404,23,9,4,134,0.8969569727867417,1,61,45,11,3,359,522,3745,22,4,3,4005,1780,194,111.07665132465308,1,169,59,35,7,0,601,104,350,62,335,13,42.0,309.0,93,16,128,83,2,3,0,0,14,-31,6,31,2,103,973,61,17,8,0,25,11,30,293,40,778,26,32,6,0,51.0,0.8125,0,5,12,8,1,0,0,0,0,6,0,0,33;30;24;36;32;44;46;36;34;43;38;34;51;46;44;28;36;36;44;29;26;32;38;44;23;44,46;44;49;44;47;42,,951,272,0,43,47,4,0,0.9148936170212766,3,3,0,0,36;44;44,58,0,63.0,2570,20,11,7,2,16,22,223,0,2307
2021,WAS,REG,17,356,550,3746,21,15,43,-305,7,3,4120,1896,181,-35.989729638705995,-0.0087463928295878,0,157,72,42,7,477,2061,13,10,3,129,-14.795005624785569,2,58,34,8,0,356,534,3746,21,4,3,4120,1896,181,37.76913575907222,0,157,72,42,7,1,612,85,417,54,220,9,37.0,180.0,104,11,120,61,2,1,0,0,15,-6,7,35,0,82,743,63,19,6,1,25,9,16,134,36,904,28,33,2,3,55.0,0.8484848484848485,0,10,5,10,3,0,0,0,0,1,1,0,30;43;48;49;37;43;21;45;23;24;50;43;45;52;46;28;29;36;29;23;48;22;31;39;55;23;43;23,51;42,42;45;47,1028,93,134,25,29,2,2,0.8620689655172413,2,2,0,0,43;48,62,1,66.0,2985,22,5,8,7,15,27,244,0,2601
2022,ARI,REG,17,433,664,3966,17,17,46,-340,4,2,4604,2058,189,-87.31055590684454,-1.7115636674437935,3,154,70,40,3,434,1873,15,10,4,115,-10.385701513462914,2,42,30,9,2,433,635,3966,17,4,1,4604,2058,189,11.884967730766586,3,154,70,40,3,0,618,128,402,71,331,12,36.0,266.0,106,11,246,77,3,1,0,0,14,-33,9,59,2,118,916,82,13,12,3,25,8,35,289,31,686,28,32,4,0,57.0,0.875,0,4,11,7,6,0,0,0,0,3,1,0,23;43;49;31;33;39;20;23;50;28;44;34;36;46;40;43;33;32;45;50;55;56;53;39;38;36;36;57,43;49;50;43,,1112,185,0,24,27,3,0,0.8888888888888888,0,0,0,0,,67,1,65.0,3157,18,4,6,4,16,37,337,0,2740
2022,ATL,REG,17,257,415,2927,17,9,37,-228,4,2,4033,1240,148,12.69683316740543,-0.8317484259605408,2,128,59,37,5,559,2718,17,8,4,152,10.663464650738916,1,70,54,17,4,257,400,2927,17,4,4,4033,1240,148,59.432643429035295,2,128,59,37,5,2,567,108,524,48,233,8,21.0,148.0,69,10,124,69,1,3,1,27,9,-2,7,51,1,68,594,65,12,9,0,21,12,18,292,28,634,32,37,4,1,54.0,0.8648648648648649,0,9,7,9,7,0,0,0,0,1,3,0,54;50;40;27;26;41;54;30;21;45;43;30;34;41;29;33;40;53;47;48;50;51;28;28;32;34;37;27;21;49;24;51,44;52;50;58,63,1218,204,63,33,35,1,1,0.9428571428571428,2,3,0,1,63;41;21,62,0,73.0,2845,23,6,7,2,22,25,250,0,2555
2022,BAL,REG,17,300,488,3202,19,13,38,-162,2,2,4014,1366,149,-17.198107088511794,-1.6950178891420364,1,135,63,33,6,526,2720,14,9,3,167,32.713750905056244,1,88,62,18,3,300,465,3202,19,6,3,4014,1370,149,35.4314666890892,1,135,63,33,6,1,625,93,359,68,315,14,48.0,305.0,95,14,105,77,0,1,0,0,10,3,11,-1,0,82,678,65,13,8,3,21,8,20,214,27,659,37,43,3,3,58.0,0.8604651162790697,0,13,11,4,9,0,0,0,0,1,1,1,24;51;56;42;51;37;58;25;43;34;23;32;34;55;22;30;32;41;32;37;27;29;55;24;26;42;35;30;53;21;27;21;30;51;26;51;27,56;67;48,61;50;55,1334,171,166,31,32,1,0,0.96875,1,2,1,0,43;67,57,0,69.0,2618,26,3,5,7,20,22,149,0,2329
2022,BUF,REG,16,361,574,4291,35,14,33,-162,6,3,5286,1593,212,95.936151932449,0.4987522391788323,1,162,88,51,12,430,2232,15,12,7,128,12.383823806695666,1,62,48,20,2,361,551,4291,35,3,2,5286,1593,212,152.2073791715112,1,162,88,51,12,2,593,119,323,80,357,11,40.0,288.0,98,17,165,90,1,3,2,0,11,-5,10,1,0,92,709,62,15,9,0,24,13,29,276,36,908,27,31,2,2,56.0,0.8709677419354839,0,4,11,10,2,0,0,0,1,0,1,0,41;49;37;30;38;39;21;35;39;42;38;51;34;45;29;42;36;56;49;28;39;47;45;48;38;49;25,55;38,38;49,1070,93,87,48,50,2,0,0.96,3,3,0,0,21;45;25,45,1,67.0,2146,16,6,5,5,13,16,145,0,1901
2022,CAR,REG,17,267,457,3246,16,13,36,-250,2,1,3321,1734,138,-41.798702883362154,-4.864884947865015,0,124,74,49,12,483,2210,16,9,2,119,7.88542726175559,1,50,38,15,3,267,427,3246,16,4,2,3321,1734,138,28.75208443025094,0,124,74,49,12,0,652,81,435,74,329,9,35.0,230.0,91,10,189,62,2,8,0,1,19,14,7,72,2,104,862,63,14,15,2,29,8,34,216,31,747,33,35,2,0,54.0,0.9428571428571428,0,2,16,13,2,0,0,0,1,1,0,0,34;31;32;38;45;48;34;54;43;37;34;42;37;42;46;49;40;37;32;42;26;36;47;32;39;29;32;52;37;40;36;49;42,41;32,,1294,73,0,30,32,2,0,0.9375,1,1,0,0,42,81,0,68.0,3925,39,7,10,6,31,27,231,0,3574
2022,CHI,REG,17,223,377,2598,19,15,58,-379,7,2,3426,1150,109,-85.26358997559537,-3.6815541907937415,1,103,59,38,7,558,3014,18,10,2,148,50.40234103817224,0,81,61,20,8,223,359,2598,19,6,4,3426,1150,109,5.245393354997249,1,102,59,38,7,0,622,125,383,50,194,14,20.0,124.0,43,14,201,50,0,3,0,0,20,-28,9,29,0,80,754,67,17,16,3,33,10,23,198,38,996,25,27,1,1,51.0,0.925925925925926,0,6,8,7,4,0,0,0,0,0,1,0,44;47;50;30;29;22;40;35;50;43;51;42;23;38;50;36;32;33;41;22;40;28;37;35;23,56,40,921,56,40,27,32,5,0,0.84375,1,1,0,0,30,66,1,63.0,3038,20,4,8,3,20,31,281,0,2697
2022,CIN,REG,16,418,610,4520,35,12,44,-280,6,3,4173,2149,221,87.52605793048077,2.9426634587623455,3,177,83,54,10,399,1528,14,0,0,96,-20.473504252410137,0,32,22,7,1,418,594,4520,35,2,2,4173,2147,221,173.34379690419362,3,177,83,54,10,0,555,94,396,47,165,14,30.0,163.0,102,13,133,75,0,3,0,0,4,0,11,-4,1,81,623,67,10,1,1,11,6,33,340,29,596,24,29,5,0,59.0,0.8275862068965517,1,5,4,9,5,0,0,1,0,4,0,0,59;26;43;50;46;22;43;19;57;40;52;45;54;44;47;38;36;41;30;41;21;28;34;26,29;41;47;48;43,,942,208,0,40,44,3,1,0.9090909090909092,0,0,0,0,,59,0,63.0,2613,22,7,4,3,20,25,266,0,2287
2022,CLE,REG,17,335,540,3710,19,12,44,-266,5,3,4453,1593,182,-10.125522165335097,0.8975329160455181,0,159,67,44,5,532,2490,19,4,2,142,24.521146159148113,1,77,55,21,1,335,507,3710,19,3,3,4453,1593,182,71.33775779320604,0,159,67,44,5,1,575,102,404,59,245,11,34.0,211.0,66,11,57,85,1,2,0,0,5,-1,9,5,2,102,865,71,9,6,1,15,9,31,298,41,943,24,32,5,3,58.0,0.75,0,5,9,6,4,0,0,0,2,2,1,0,26;34;36;58;22;34;29;45;39;48;51;41;37;55;37;32;51;43;42;26;47;23;30;37,45;54;39;38;46,60;53;34,923,222,147,35,37,2,0,0.945945945945946,1,2,1,0,58;54,61,0,76.0,2959,23,8,11,7,9,26,319,0,2500
2022,DAL,REG,17,355,556,3911,28,18,27,-175,4,0,4470,1667,194,31.73626848221614,-1.9587283889088063,0,163,73,50,5,531,2298,24,2,1,129,-12.118539443865425,0,62,46,17,3,355,545,3911,28,2,2,4470,1667,194,72.90405711217022,0,163,73,50,5,0,692,69,365,77,368,22,54.0,352.0,110,16,60,59,0,4,0,14,8,-15,17,117,3,104,842,51,8,6,1,14,5,29,303,22,526,29,32,3,0,60.0,0.90625,0,9,5,6,8,1,0,0,0,1,2,0,51;54;50;26;28;44;53;45;28;29;33;40;36;30;22;27;53;60;50;33;53;24;53;21;44;48;26;36;45,59;59;46,,1142,164,0,50,53,1,2,0.9433962264150944,1,1,0,0,50,68,0,83.0,3291,27,1,6,6,23,32,258,0,2913
2022,DEN,REG,17,345,571,4007,18,15,63,-415,5,3,4998,1987,166,-86.17285779168034,-1.5700437197403194,0,148,88,55,12,444,1935,11,9,3,105,-37.283333607124504,1,52,37,7,1,345,541,4007,18,1,0,4998,1987,166,47.47486174688244,0,148,88,55,12,0,599,115,447,56,257,16,36.0,245.0,81,15,89,67,0,7,1,0,16,-24,8,24,0,113,970,74,16,10,1,26,9,37,308,24,420,28,36,6,2,55.0,0.7777777777777778,0,6,4,10,8,0,0,0,1,0,3,2,30;40;26;20;24;50;55;28;33;44;45;51;27;48;44;39;48;52;48;27;52;41;50;52;54;49;49;33,64;53;56;56;63;38,34;25,1159,330,59,25,27,2,0,0.925925925925926,0,2,2,0,64;63,96,0,59.0,4470,30,3,14,6,29,44,362,0,3988
2022,DET,REG,17,383,588,4444,29,7,24,-163,5,3,4135,2285,228,104.07154651409064,-1.4300332981993842,1,181,86,57,12,480,2179,23,5,3,114,-36.788763026357394,3,53,37,12,7,383,563,4444,29,2,1,4135,2285,228,165.0825006733612,1,181,86,57,12,1,629,129,357,59,296,14,39.0,267.0,100,12,157,62,1,1,1,0,8,-9,10,8,0,90,773,55,10,6,0,16,8,20,264,34,889,24,30,6,0,53.0,0.8,0,4,7,11,2,0,0,1,0,3,2,0,35;48;40;49;40;53;42;26;25;24;51;45;47;38;44;41;49;31;34;34;23;41;37;33,48;54;29;47;54;46,,930,278,0,47,49,2,0,0.9591836734693876,0,0,0,0,,52,0,66.0,2525,14,3,7,3,9,30,313,0,2152
2022,GB,REG,17,364,563,3890,27,12,32,-258,4,2,4478,2010,186,-1.6200855390558604,0.5016310623398533,2,145,75,55,7,456,2113,12,5,3,116,5.130230863709384,0,53,34,10,1,364,540,3890,27,7,3,4478,2010,186,64.59876992153339,2,145,76,56,7,1,599,111,391,55,215,12,34.0,204.0,87,17,351,63,2,5,1,-3,12,1,7,66,0,89,747,86,15,10,3,25,10,35,316,47,1205,25,29,3,1,56.0,0.8620689655172413,0,10,8,6,1,0,0,0,0,0,3,0,40;28;38;31;46;48;29;38;25;28;39;29;33;24;32;34;36;46;28;26;26;56;22;49;48,55;54;53,47,879,162,47,37,39,1,1,0.9487179487179488,2,2,0,0,31;28,52,2,72.0,2313,24,4,9,1,18,20,190,0,2103
2022,HOU,REG,17,352,579,3642,20,19,38,-298,7,2,4358,1842,159,-113.1273723846354,-4.6228444143649075,1,129,78,55,7,398,1476,7,10,5,90,-72.60542869608524,0,29,16,7,2,352,558,3642,20,2,1,4358,1842,159,-32.00863819757256,1,129,78,55,7,0,679,150,418,69,277,14,39.0,217.0,78,16,253,65,1,2,1,0,12,-7,11,20,1,88,644,65,19,3,1,22,9,37,362,22,513,29,31,2,0,56.0,0.935483870967742,0,7,7,9,6,0,0,0,1,1,0,0,45;43;40;44;24;39;23;40;50;51;55;35;43;30;38;34;46;29;28;44;35;43;50;54;29;25;22;56;37,46;39,,1132,85,0,24,24,0,0,1.0,0,0,0,0,,88,0,67.0,4229,37,6,11,4,22,45,401,1,3748
2022,IND,REG,17,398,604,3855,17,20,60,-422,12,4,3837,1790,193,-103.30296528279057,-1.2509528425279264,0,161,70,41,4,439,1866,8,8,6,91,-66.17925067264375,1,46,34,9,1,398,579,3854,17,8,3,3837,1791,193,3.176854697492822,0,161,70,41,4,1,665,105,403,80,327,14,44.0,267.0,90,10,141,62,2,7,0,24,21,9,11,38,0,89,794,67,24,13,2,37,14,34,289,43,1197,32,39,6,1,54.0,0.8205128205128205,0,8,5,10,9,0,0,0,1,3,2,0,45;27;43;51;27;52;51;31;48;28;42;50;46;39;20;40;48;48;51;36;37;51;52;34;26;28;49;27;52;46;23;54,42;51;39;48;50;48,59,1302,278,59,23,23,0,0,1.0,1,1,0,0,48,70,1,70.0,3133,28,9,10,3,22,26,192,0,2881
2022,JAX,REG,17,394,596,4148,25,9,28,-189,7,5,4352,2037,208,71.91571078162973,1.111244225958914,3,170,83,55,3,448,2116,16,9,7,114,-24.693014514906935,1,55,44,15,6,394,574,4148,25,2,1,4352,2046,208,144.25675177547836,3,170,83,55,3,0,640,108,432,65,254,17,35.0,203.0,111,14,232,95,2,0,0,0,5,-23,13,92,2,90,674,69,12,7,1,19,13,29,230,29,721,30,35,5,0,53.0,0.8571428571428571,0,8,10,10,2,0,0,0,1,3,1,0,33;43;45;52;22;23;23;26;45;27;37;44;48;35;22;29;31;42;37;43;33;33;48;32;45;41;37;53;26;36,37;41;51;41;44,,1091,214,0,36,37,0,1,0.972972972972973,0,0,0,0,,58,0,70.0,2862,24,4,9,6,10,29,203,0,2539
2022,KC,REG,17,435,651,5250,41,12,26,-188,0,0,4712,2830,272,187.72210499334173,3.1965751480007794,2,210,114,73,13,417,1970,18,7,2,105,15.272556608487363,1,47,35,10,1,435,614,5250,41,5,4,4712,2827,272,236.95756657419423,2,210,114,73,13,0,619,88,448,76,360,12,55.0,388.0,119,11,225,85,2,5,1,0,9,-6,9,7,0,87,838,54,11,10,1,21,11,36,241,36,692,24,32,7,1,62.0,0.75,1,8,6,5,3,1,0,0,2,2,3,0,54;19;31;26;44;32;59;62;44;23;28;33;52;30;27;32;22;22;26;35;45;27;47;44,34;41;51;39;47;55;51,51,864,318,51,50,55,5,0,0.9090909090909092,0,0,0,0,,53,0,76.0,2672,22,3,8,4,16,22,176,0,2416
2022,LA,REG,17,347,531,3506,16,15,59,-398,8,5,3712,1794,181,-68.12828622955793,-2.229085215862761,0,134,65,38,4,411,1661,15,5,2,89,-16.77644102635033,0,40,30,8,1,347,517,3506,16,2,1,3712,1794,181,46.41093451161147,0,134,65,38,4,0,607,103,429,59,281,10,38.0,250.0,80,16,240,58,1,1,0,0,8,-19,6,12,0,76,655,72,10,6,0,16,8,25,183,33,663,28,30,2,0,58.0,0.9333333333333332,0,9,8,4,7,0,0,0,0,0,1,1,57;20;22;40;39;29;26;29;21;26;35;36;33;58;47;40;54;32;55;33;55;55;30;53;23;22;45;38,51;61,,1053,112,0,31,32,1,0,0.96875,0,0,0,0,,71,2,67.0,3434,19,11,6,4,14,36,372,0,2982
2022,LAC,REG,17,485,711,4791,26,10,39,-207,4,3,4521,2552,232,26.94054355331627,1.2044490663418776,2,199,90,50,7,404,1524,15,6,2,93,-9.985825247373642,0,36,23,6,2,485,687,4791,26,6,3,4521,2552,232,97.315323907053,2,200,89,49,7,0,553,108,368,65,333,15,40.0,287.0,77,14,166,64,1,1,1,0,8,-1,10,47,0,81,635,52,14,5,2,19,9,29,339,27,512,31,33,2,0,48.0,0.9393939393939394,0,11,13,7,0,0,0,0,0,1,1,0,43;31;25;23;37;28;25;27;37;31;35;39;31;37;47;25;40;46;21;26;37;34;33;31;28;43;24;21;40;48;36,49;52,,1029,101,0,40,40,0,0,1.0,3,3,0,0,39;37;43,73,0,60.0,3186,28,6,10,5,33,19,58,0,3028
2022,LV,REG,17,359,586,4182,28,17,35,-248,5,1,5359,1780,193,19.57104527122713,-2.2152424045574706,0,169,85,58,10,428,2059,12,4,0,122,-8.715669671427145,0,54,38,9,2,359,558,4182,28,5,2,5359,1780,193,85.29138166452523,0,169,85,58,10,0,615,97,433,57,234,10,27.0,192.0,94,6,141,55,1,2,0,0,11,-7,7,123,2,113,932,73,12,5,2,17,4,27,156,32,668,34,37,2,1,57.0,0.918918918918919,0,9,11,3,11,0,0,0,0,1,1,0,23;55;32;55;25;21;32;35;26;39;22;30;53;50;47;50;38;38;52;57;25;36;25;55;25;52;31;36;49;40;20;57;54;38,46;56,52,1323,102,52,35,36,1,0,0.9722222222222222,0,0,0,0,,59,0,67.0,2884,26,8,9,1,16,25,274,0,2590
2022,MIA,REG,17,368,584,4765,30,15,35,-254,5,2,5320,1789,220,61.8724884585627,0.2610833513354916,0,194,109,62,14,390,1686,12,5,2,93,-15.55035268350372,0,47,32,10,1,368,562,4765,30,3,2,5320,1789,220,139.4509650703859,0,194,109,62,14,1,611,115,393,64,292,13,40.0,290.0,101,8,115,71,0,1,1,25,9,16,6,21,3,111,881,74,10,6,1,16,6,19,111,29,549,26,32,5,1,55.0,0.8125,0,5,7,12,2,0,0,1,0,1,3,0,43;49;23;48;20;46;44;24;42;47;45;39;33;45;23;35;43;55;39;21;47;46;34;37;37;50,54;52;29;48;51,52,1015,234,52,41,44,3,0,0.9318181818181818,0,0,0,0,,61,0,66.0,2828,28,2,11,2,15,30,312,0,2476
2022,MIN,REG,17,448,672,4818,30,15,47,-334,6,4,5015,2115,244,28.869882276076325,1.8628194811935543,3,202,87,50,10,404,1661,18,5,3,93,-44.033055880243374,0,48,29,5,3,448,641,4818,30,2,0,5015,2112,244,141.5676255759801,3,203,86,49,10,1,685,120,368,66,282,11,38.0,241.0,88,15,186,87,0,4,0,27,10,0,10,83,1,88,684,75,13,5,0,18,8,26,167,36,920,26,33,5,2,61.0,0.7878787878787878,0,10,5,7,3,1,0,0,0,1,4,0,28;56;29;28;36;24;46;47;34;25;28;27;33;25;30;36;51;41;41;40;40;61;21;28;50;41,56;56;53;46;50,51;56,946,261,107,40,46,6,0,0.8695652173913043,5,5,0,0,47;28;33;40;61,73,1,73.0,3457,32,7,5,1,22,38,293,0,3144
2022,NE,REG,17,358,540,3815,19,14,41,-279,4,3,4111,1837,166,-24.63569617834063,0.7663931510623357,1,149,78,57,9,425,1812,12,7,2,98,-27.580703984924018,0,52,39,11,2,358,518,3815,19,7,3,4111,1837,166,57.4458806027076,1,149,78,57,9,1,597,131,453,62,336,13,53.0,346.0,93,19,383,69,5,2,0,-2,12,-11,11,112,2,104,841,75,13,10,2,23,9,39,418,36,856,32,37,5,0,54.0,0.8648648648648649,1,9,8,10,4,0,0,0,0,4,1,0,28;35;50;37;37;32;44;37;29;19;31;42;49;45;52;49;43;43;28;24;34;46;23;25;39;51;23;24;47;54;49;24,52;45;44;43;48,,1193,232,0,32,35,3,0,0.9142857142857144,0,0,0,0,,79,1,62.0,3338,22,10,6,10,19,34,267,0,2871
2022,NO,REG,17,338,512,3969,24,14,38,-277,3,1,4550,1622,181,25.669855627273215,1.4485837661228609,2,159,75,45,13,465,1982,12,8,4,103,-51.93951779127007,1,46,31,7,3,338,493,3969,24,7,5,4550,1622,181,85.03770972812165,2,159,75,45,13,0,626,88,406,63,283,13,48.0,279.0,87,7,110,67,1,1,0,0,11,0,7,6,0,99,841,64,14,9,1,23,11,27,243,27,595,23,31,6,2,60.0,0.7419354838709677,0,6,9,4,3,1,0,0,1,4,0,1,49;51;31;60;56;35;30;37;31;25;45;37;33;37;44;46;25;38;21;29;23;54;20,44;48;61;38;48;44,30;55,857,283,85,33,33,0,0,1.0,1,1,0,0,51,77,0,68.0,3571,32,6,13,7,25,26,232,0,3199
2022,NYG,REG,17,346,520,3431,17,6,49,-274,5,3,3334,1698,170,10.555903791764752,1.7240571463766274,3,144,62,28,5,520,2519,21,5,1,150,30.489387210782684,0,74,57,15,2,346,489,3431,17,4,3,3334,1698,170,85.13830159418443,3,144,62,28,5,0,598,123,415,62,280,20,40.0,271.0,106,6,97,75,1,5,0,6,6,0,13,10,1,106,827,65,17,2,3,19,10,29,179,26,555,29,32,2,1,57.0,0.90625,0,2,9,10,8,0,0,0,1,0,1,0,36;33;52;56;42;51;51;44;43;48;37;34;33;33;34;31;45;49;57;47;48;27;50;50;44;44;55;36;24,37;58,47,1234,95,47,32,34,1,1,0.9411764705882352,0,1,1,0,58,74,1,69.0,3463,26,7,6,9,24,28,277,0,3006
2022,NYJ,REG,17,357,627,4040,15,14,42,-317,8,6,5173,1836,191,-65.89640805568237,-4.8257075591686425,0,154,79,47,10,405,1686,13,4,1,79,-22.201714271087233,0,47,38,11,2,357,588,4040,15,5,2,5173,1836,191,36.14259570572115,0,154,79,47,10,1,621,109,413,68,322,11,44.0,294.0,130,12,69,73,0,1,2,20,8,0,4,14,0,91,866,66,15,6,4,21,9,21,240,31,666,30,37,7,0,60.0,0.8108108108108109,0,5,10,9,5,1,0,0,0,2,5,0,45;57;50;40;52;43;38;34;32;23;45;33;40;28;53;28;45;57;48;60;36;30;26;26;34;37;44;44;32;35,45;53;45;53;58;57;55,,1195,366,0,28,29,1,0,0.9655172413793104,0,0,0,0,,83,0,72.0,3889,27,15,12,8,16,32,363,2,3366
2022,PHI,REG,17,350,536,4364,25,9,44,-259,5,2,4442,2033,195,78.6956185892459,2.094114599841656,0,179,95,63,13,544,2509,32,7,2,161,52.40934052524869,2,74,48,17,2,350,505,4364,25,5,5,4442,2039,195,137.03276424316311,0,179,95,63,13,0,652,82,364,88,411,15,69.0,480.0,124,17,186,85,2,2,0,13,11,-26,10,11,0,90,682,56,12,10,1,22,10,35,323,30,663,22,25,2,1,56.0,0.88,0,7,8,2,5,0,0,0,1,0,1,0,23;38;32;28;42;23;51;34;22;31;54;29;39;32;25;47;56;32;52;39;54;22,54;38,41,805,92,41,53,55,2,0,0.9636363636363636,0,0,0,0,,55,1,59.0,2448,17,4,9,3,14,25,203,0,2185
2022,PIT,REG,17,364,571,3661,12,14,38,-250,1,1,4708,1428,189,2.3119804202486023,1.2106698115159125,3,153,58,44,3,500,2073,16,6,1,129,5.6126348292362005,0,53,37,8,0,364,548,3661,12,1,0,4708,1428,189,67.31729703497372,3,153,58,44,3,0,564,106,440,56,269,9,40.0,287.0,84,20,152,82,1,5,0,0,9,-20,3,0,0,94,711,63,7,9,2,16,5,27,160,24,510,34,44,9,1,59.0,0.7727272727272727,0,6,10,10,8,0,0,0,2,5,2,0,20;48;53;36;52;34;51;59;29;55;25;45;38;29;33;33;42;30;34;45;52;25;46;46;48;33;50;44;40;21;51;33;49;34,55;49;33;45;39;48;43;52;48,40,1363,412,40,26,26,0,0,1.0,1,1,0,0,53,69,0,69.0,3072,20,7,11,5,22,24,137,0,2835
2022,SEA,REG,17,399,573,4282,30,12,46,-348,5,2,4319,1780,206,22.012022907953412,5.533260716020953,0,176,82,50,6,425,2042,12,5,3,106,-12.728407668425657,0,58,48,18,4,399,553,4282,30,4,4,4319,1780,206,94.28418319064768,0,176,82,50,6,1,679,114,386,64,334,18,44.0,291.0,98,14,163,81,1,5,0,86,7,-3,11,43,0,106,854,78,13,6,1,19,11,16,109,30,728,34,37,3,0,56.0,0.918918918918919,0,9,15,4,6,0,0,0,1,2,0,0,49;32;31;25;56;25;56;31;39;27;34;32;46;34;50;35;51;49;55;24;34;41;26;27;38;51;22;25;31;31;37;36;22;32,39;41;46,,1234,126,0,41,42,1,0,0.9761904761904762,1,1,0,0,32,66,0,68.0,3199,22,8,8,3,12,35,207,0,2932
2022,SF,REG,17,338,512,4049,30,9,31,-193,1,1,3484,2236,188,105.26910734239854,-1.7936277543268506,0,168,81,56,6,504,2360,20,7,4,132,-21.59319665135854,0,61,50,19,4,338,504,4049,30,4,3,3484,2236,188,152.59639052725632,0,168,81,56,6,0,597,99,397,66,318,16,44.0,307.0,121,20,305,78,2,1,0,0,7,0,10,68,1,94,730,59,11,5,1,16,8,33,356,26,599,27,32,3,2,51.0,0.84375,0,13,5,7,2,0,0,0,0,3,0,0,25;20;33;51;25;49;30;50;49;29;20;26;20;39;24;46;47;43;36;48;26;23;35;43;24;23;27,42;43;41,20;43,911,126,63,51,53,2,0,0.9622641509433962,1,1,0,0,23,61,0,74.0,2676,32,6,16,5,17,17,153,0,2423
2022,TB,REG,17,499,751,4746,26,10,22,-160,3,2,5162,2349,240,50.380937898065234,0.2260384453429701,2,180,73,50,8,386,1308,5,5,3,79,-85.2143046021303,0,27,19,3,0,499,724,4746,26,5,5,5162,2349,240,89.69270251670733,2,181,71,49,8,0,635,95,389,76,346,12,44.0,323.0,104,10,140,59,1,2,0,0,4,-22,10,26,0,99,793,46,11,6,1,17,12,38,391,28,595,31,38,5,2,54.0,0.8157894736842105,0,10,7,12,2,0,0,0,1,0,4,0,44;38;29;47;47;47;45;45;45;21;44;30;27;54;24;27;31;30;26;20;38;50;42;21;21;38;35;42;40;22;41,36;52;55;50;53,52;26,1111,246,78,24,25,1,0,0.96,1,1,0,0,40,79,0,74.0,3859,22,9,7,10,21,32,374,0,3285
2022,TEN,REG,17,285,456,3227,16,11,49,-313,5,3,3567,1541,153,-26.57571457593257,-0.9493892482661326,1,118,63,41,11,487,2131,16,7,5,104,-38.464865175018424,0,54,37,13,4,285,436,3227,16,2,1,3567,1541,153,70.1979014164038,1,118,63,41,11,0,644,129,381,60,292,11,39.0,264.0,104,14,149,78,1,7,0,0,10,-9,6,2,1,111,956,61,13,10,1,23,12,36,303,37,792,20,24,4,0,51.0,0.8333333333333334,0,6,7,6,1,0,0,0,1,2,1,0,46;23;48;44;27;28;38;48;29;44;35;33;24;38;36;37;29;51;39;41,47;48;35;51,,738,181,0,32,33,1,0,0.9696969696969696,0,1,1,0,47,90,0,74.0,4779,30,1,10,9,11,59,636,0,3963
2022,WAS,REG,17,344,554,3783,24,16,48,-311,9,6,4453,1673,184,-60.09443042936727,-1.2943979654383977,2,150,76,46,10,538,2143,9,8,1,124,-29.01358091284797,0,51,33,8,0,344,531,3783,24,1,0,4453,1673,184,59.11497534674453,2,150,76,46,10,0,565,75,391,79,374,8,43.0,279.0,108,9,68,68,2,1,1,0,11,-11,9,13,1,92,805,67,15,6,3,21,7,44,336,41,902,25,30,5,0,58.0,0.8333333333333334,1,8,4,8,4,0,0,0,1,2,2,0,45;50;38;28;22;31;19;28;44;44;58;32;55;25;24;44;30;45;21;42;41;51;43;29;22,48;47;52;31;52,,911,230,0,24,28,4,0,0.8571428571428571,0,0,0,0,,83,0,68.0,3885,37,5,13,5,26,34,219,0,3566
2023,ARI,REG,17,355,555,3430,18,12,42,-286,8,4,4186,1669,173,-100.8764195171071,-2.5129321410700127,1,140,66,38,3,471,2365,17,8,1,127,18.66245397482521,3,71,52,23,5,355,540,3430,18,2,0,4186,1669,173,-9.63339648187834,1,140,66,38,3,0,605,126,420,64,288,6,33.0,233.0,59,11,98,66,0,1,0,0,13,-37,6,4,1,101,859,62,12,9,2,21,6,31,286,18,382,28,33,5,0,62.0,0.8484848484848485,0,6,7,6,8,1,0,0,1,1,3,0,28;54;37;37;44;39;43;62;38;55;32;27;44;47;51;46;56;23;57;51;58;43;28;55;28;34;23;34,55;34;56;43;51,,1174,239,0,22,23,1,0,0.9565217391304348,1,2,1,0,23;51,64,0,77.0,3172,13,3,10,3,12,36,366,0,2746
2023,ATL,REG,17,327,530,3775,17,17,40,-251,6,4,4345,1769,181,-42.98141114140101,-3.298701120056505,2,150,76,46,10,522,2159,14,13,6,121,-64.30003380636713,0,61,42,11,0,327,508,3775,17,2,1,4345,1769,181,33.96464728751216,2,150,76,46,10,0,589,117,443,56,251,19,42.0,258.0,98,8,124,66,1,2,1,96,10,-28,8,19,0,84,743,67,13,11,4,24,11,33,239,14,236,32,37,5,0,54.0,0.8648648648648649,0,10,10,9,3,0,0,0,0,2,3,0,49;24;33;39;25;48;24;33;37;47;24;41;51;29;49;39;52;43;23;54;36;39;22;42;20;23;47;41;35;25;38;30,47;50;52;50;42,,1162,241,0,27,28,1,0,0.9642857142857144,2,2,0,0,37;51,75,0,66.0,3523,27,12,5,3,24,31,353,0,3110
2023,BAL,REG,17,328,494,3881,27,7,41,-246,6,4,4089,1827,180,62.87204310512697,2.6991865996803557,1,160,80,52,9,541,2661,26,7,5,144,6.806188041593247,1,70,47,21,4,328,476,3881,27,6,3,4089,1827,180,145.4454136539433,1,160,80,52,9,1,616,111,379,77,419,16,58.0,435.0,117,18,258,92,1,0,1,0,8,-33,13,51,0,102,955,63,15,8,3,23,12,29,417,13,319,32,37,4,1,50.0,0.8648648648648649,0,10,10,11,1,0,0,0,0,1,2,1,39;44;40;50;23;41;28;23;29;20;36;32;48;37;45;31;37;25;47;42;48;31;47;33;43;26;34;28;41;28;24;36,59;61;53;44,55,1136,217,55,51,52,0,1,0.9807692307692308,0,0,0,0,,66,1,67.0,3158,28,8,4,5,17,32,433,1,2625
2023,BUF,REG,17,385,579,4306,29,18,24,-152,2,1,5022,1973,199,91.6927982197074,5.023608114741264,3,164,82,49,9,512,2212,22,8,4,158,34.202596969933595,0,60,39,9,1,385,545,4306,29,6,4,5022,1973,199,138.1215715734192,3,164,82,49,9,1,600,118,336,80,346,14,53.0,328.0,117,18,148,79,2,3,0,0,7,-4,12,7,0,106,883,73,15,5,3,20,10,31,360,17,349,24,29,4,1,54.0,0.8275862068965517,0,4,12,4,4,0,0,0,0,2,2,0,40;34;50;29;36;54;32;53;33;36;37;34;48;30;33;50;48;40;31;39;23;29;35;24,52;53;42;48,34,898,195,34,49,50,1,0,0.98,1,1,0,0,29,51,0,70.0,2334,24,5,7,3,17,19,237,1,2037
2023,CAR,REG,17,350,586,3245,13,10,65,-504,9,6,4482,1439,150,-156.66620068522246,-1.813970986153749,1,122,53,31,5,445,1769,7,5,3,111,-33.242914613520114,2,48,34,9,1,350,534,3245,13,7,1,4482,1439,150,11.796640154834291,1,122,53,31,5,1,542,107,435,55,289,5,27.0,193.0,74,8,203,64,2,2,0,0,11,0,3,5,0,103,845,69,18,6,3,24,10,37,322,24,637,25,30,5,0,56.0,0.8333333333333334,0,6,7,7,5,0,0,0,0,2,3,0,43;52;54;36;47;44;26;56;33;46;37;23;35;49;33;39;42;50;23;47;29;34;25;23;52,55;43;59;41;52,,978,250,0,17,20,3,0,0.85,2,2,0,0,23;23,82,0,69.0,3838,25,6,14,5,26,31,210,0,3528
2023,CHI,REG,17,321,513,3421,19,15,50,-325,10,5,3775,1722,169,-64.64965049815295,-0.1403345595615714,0,131,68,48,5,534,2399,16,5,1,137,20.403676121320277,1,74,45,13,0,321,477,3421,19,4,3,3775,1722,169,47.125878779109314,0,131,68,48,5,0,581,111,375,57,206,13,30.0,202.0,92,22,245,83,2,3,0,0,10,-8,6,0,0,99,853,47,18,6,4,24,10,23,188,23,543,35,38,3,0,55.0,0.9210526315789472,0,9,11,8,7,0,0,0,0,2,1,0,47;29;52;21;22;36;43;37;22;53;54;31;54;36;39;31;53;40;39;25;39;55;30;46;25;28;41;49;29;22;42;42;50;39;35,40;48;55,,1336,143,0,31,33,0,2,0.9393939393939394,1,1,0,0,30,67,0,76.0,3088,18,6,10,8,13,30,381,1,2547
2023,CIN,REG,17,420,615,4257,27,14,50,-362,5,1,3878,2368,208,13.30173479314289,2.12535151859393,1,163,67,46,10,383,1527,12,1,0,90,-24.686269278267797,0,43,30,7,1,420,592,4257,27,3,1,3878,2368,208,115.47444194972783,1,163,67,46,10,1,588,112,412,60,273,11,44.0,257.0,110,17,152,74,1,1,0,0,7,0,9,28,0,76,614,69,10,0,1,10,2,34,346,17,387,26,31,5,0,56.0,0.8387096774193549,0,5,6,8,7,0,0,0,0,0,5,0,42;27;49;53;48;54;21;40;40;52;56;20;50;31;50;26;47;54;48;32;35;34;29;35;34;45,51;56;50;53;57,,1052,267,0,40,40,0,0,1.0,2,2,0,0,48;29,76,0,62.0,3318,20,8,8,5,26,29,203,0,3015
2023,CLE,REG,17,355,624,4011,24,23,45,-318,10,4,5299,1853,173,-104.95382046867532,-5.829130592358172,1,146,78,53,15,518,2017,15,8,5,121,-47.871629579755805,5,54,39,9,3,355,597,4011,24,5,4,5299,1853,173,-22.434922528550803,1,146,78,53,15,0,598,103,297,88,423,14,48.0,341.0,109,18,135,92,2,3,0,46,11,-26,10,15,1,115,897,68,17,10,2,27,14,41,343,11,261,34,37,3,0,58.0,0.918918918918919,0,8,8,10,8,0,0,0,0,3,0,0,42;34;43;43;55;48;52;53;42;46;50;29;44;54;54;58;25;27;30;45;36;28;23;40;25;34;36;24;40;24;55;33;34;33,43;47;48,,1339,138,0,30,33,3,0,0.9090909090909092,2,2,0,0,40;34,90,0,73.0,4449,31,13,7,9,16,45,450,0,3819
2023,DAL,REG,17,428,614,4660,36,10,40,-263,2,1,4794,2043,229,116.60811704054336,4.047391338289277,3,185,92,64,7,468,1920,14,3,2,113,-5.510051915494904,1,46,34,12,1,428,605,4660,36,6,2,4794,2043,229,186.5967659033659,3,185,92,64,7,1,549,110,386,73,353,14,45.0,296.0,99,17,249,74,5,1,1,58,6,-1,9,8,1,115,964,60,10,3,2,13,6,18,98,18,393,36,38,1,1,60.0,0.9473684210526316,0,9,13,4,9,1,0,0,1,0,0,0,21;38;35;21;55;26;30;49;27;26;23;23;33;50;32;39;58;27;51;30;27;52;30;31;38;32;60;59;45;50;32;43;33;51;43;50,36,32,1370,36,32,49,52,3,0,0.9423076923076924,0,0,0,0,,44,0,63.0,2262,17,2,3,2,13,24,247,0,1975
2023,DEN,REG,17,337,513,3566,28,9,52,-304,7,4,3754,2069,154,-10.12377632816334,3.739817590458588,2,130,67,44,13,451,1810,8,5,2,116,-34.849382130965544,2,54,35,9,0,337,477,3566,28,7,5,3754,2067,154,90.06171318554131,2,130,67,44,13,1,601,122,400,58,265,19,42.0,330.0,100,11,85,62,0,1,1,-1,4,-14,15,60,1,99,749,79,17,4,4,21,13,20,326,16,398,30,34,3,1,52.0,0.8823529411764706,0,11,12,4,3,0,0,0,0,1,2,0,24;31;32;31;25;51;23;22;32;29;35;52;28;40;49;40;36;31;31;52;37;28;23;34;34;23;23;32;43;20,55;57;48,38,991,160,38,29,31,2,0,0.935483870967742,1,1,0,0,36,79,0,68.0,3659,27,7,8,6,27,31,195,0,3344
2023,DET,REG,17,408,606,4606,30,12,31,-205,4,2,4086,2156,228,83.11068034464867,1.3668187481808745,2,181,88,70,9,500,2311,27,7,5,124,-21.043060151320052,1,60,43,15,3,408,574,4606,30,4,3,4086,2156,228,157.90892735900715,2,181,88,70,9,0,600,90,344,68,391,13,41.0,357.0,116,16,209,79,1,1,1,50,5,-10,6,36,0,97,843,44,15,3,2,18,11,29,331,19,421,19,21,2,0,52.0,0.9047619047619048,0,2,13,3,1,0,0,1,0,0,1,0,38;37;24;33;37;30;36;44;31;33;52;33;41;26;32;37;41;30;39,52;26,,674,78,0,48,52,3,1,0.9230769230769232,1,1,0,0,41,57,0,70.0,2646,26,3,8,5,20,21,168,0,2378
2023,GB,REG,17,374,581,4210,32,11,30,-242,4,1,4940,1926,211,90.10949360171792,1.2944250714545156,2,164,86,56,7,441,1905,10,6,3,101,-30.99396402544395,0,46,31,13,1,374,561,4210,32,5,1,4940,1925,211,143.4056456181649,2,164,86,56,7,0,626,114,418,64,317,10,45.0,288.0,108,7,68,68,1,6,0,23,14,-8,11,80,1,105,856,77,12,11,2,23,7,26,189,31,783,27,33,6,0,53.0,0.8181818181818182,0,6,14,4,3,0,0,0,0,4,1,1,52;33;38;34;50;37;22;29;30;26;34;31;28;28;43;40;48;36;32;48;36;33;53;32;34;37;25,43;48;52;63;45;41,,969,292,0,34,39,4,1,0.8717948717948718,1,1,0,0,32,57,0,68.0,2634,18,2,5,5,22,23,270,1,2264
2023,HOU,REG,17,372,592,4578,27,8,47,-405,6,3,5177,1982,215,37.36914563141294,-1.273470537822575,1,179,103,69,10,444,1647,10,5,1,84,-59.37270674583574,1,48,32,4,0,372,566,4578,27,3,2,5177,1982,215,132.64713340222005,1,179,103,69,10,2,608,135,449,82,390,15,44.0,349.0,113,14,63,70,0,2,0,0,9,-18,10,37,1,114,937,70,10,7,2,17,6,30,292,23,613,34,38,4,0,54.0,0.8947368421052632,0,13,13,3,5,0,0,0,0,1,3,0,35;38;36;29;36;28;26;33;36;38;39;38;43;28;42;24;22;50;29;45;22;38;29;38;38;23;27;53;54;28;38;27;51;51,51;48;50;58,,1212,207,0,31,33,2,0,0.9393939393939394,2,2,0,0,38;54,80,0,74.0,3735,32,6,10,5,30,29,192,0,3443
2023,IND,REG,17,355,574,3882,18,10,41,-216,7,5,4255,1863,178,0.1010847334187576,-3.930928866505186,4,145,68,45,11,479,2059,19,4,2,113,-41.0728227755719,0,54,38,14,4,355,546,3882,18,3,1,4255,1863,178,90.8666406012512,4,145,68,45,11,1,660,137,407,76,378,17,51.0,315.0,108,15,256,69,3,4,1,18,7,-9,9,34,1,95,685,57,15,6,2,21,12,29,267,9,200,33,41,7,1,57.0,0.8048780487804879,0,9,9,7,8,0,0,0,1,2,4,0,42;31;54;53;53;53;43;35;28;28;56;27;20;42;26;57;51;46;36;23;46;23;28;29;31;42;33;38;33;45;38;52;35,47;57;58;38;56;43;57,60,1277,356,60,35,36,1,0,0.9722222222222222,1,1,0,0,53,68,1,69.0,3281,21,7,10,0,13,38,360,0,2921
2023,JAX,REG,17,412,620,4377,22,14,41,-251,8,5,4981,1937,199,5.377807689351348,1.6605090932948192,1,174,77,51,10,453,1646,17,5,3,98,-65.18356745267752,2,41,27,9,1,412,607,4377,22,8,6,4981,1945,199,76.46237453223678,1,174,77,51,10,0,596,109,371,61,306,12,40.0,279.0,107,16,264,84,2,3,0,0,9,-20,11,13,0,83,644,59,20,8,3,28,16,29,297,29,688,30,37,6,1,56.0,0.8108108108108109,0,4,10,11,5,0,0,0,0,2,4,0,45;32;49;22;33;56;43;38;44;48;49;51;43;50;51;38;37;37;30;25;40;48;53;40;35;26;24;34;44;30,48;55;48;50;55;52,51,1195,308,51,35,35,0,0,1.0,0,0,0,0,,61,0,65.0,2893,29,8,5,4,22,22,143,0,2670
2023,KC,REG,17,421,635,4383,28,17,28,-195,4,3,4095,2680,216,37.91712328721203,1.7103151059110893,0,167,78,52,8,417,1784,9,2,1,107,-18.119290099867197,0,46,34,10,1,421,599,4383,28,7,5,4095,2680,216,85.72838044953737,0,166,78,52,8,0,628,87,309,75,380,15,57.0,351.0,125,8,69,72,0,5,0,0,8,-5,9,161,2,96,845,54,13,7,1,20,11,41,380,12,241,33,35,2,0,60.0,0.9428571428571428,0,8,13,7,4,1,0,0,2,0,0,0,35;39;38;41;38;37;37;26;38;40;35;60;25;52;35;23;34;56;43;32;34;34;27;29;54;54;43;27;24;48;46;22;41,39;36,,1247,75,0,38,38,0,0,1.0,0,0,0,0,,59,0,68.0,2776,20,4,10,5,20,20,207,0,2469
2023,LA,REG,17,361,583,4300,26,13,34,-237,1,1,4507,2039,206,43.63666943192901,-3.268151524904612,3,168,88,64,8,477,2045,18,2,1,110,3.3325303302415263,1,43,25,11,1,361,555,4300,26,4,2,4507,2046,206,118.49220601526264,3,168,88,64,8,0,546,120,430,65,304,7,41.0,267.0,91,10,100,76,0,3,2,0,5,0,5,9,0,89,720,80,8,3,1,11,5,28,204,9,145,32,43,10,1,54.0,0.7441860465116279,0,11,7,9,5,0,0,0,0,6,4,0,38;54;45;43;48;38;30;23;42;40;54;51;29;35;25;43;41;33;47;52;22;24;44;28;27;51;36;22;27;20;22;32,56;46;48;53;51;49;50;43;43;47,57,1166,486,57,32,37,5,0,0.8648648648648649,0,0,0,0,,63,1,72.0,3101,20,7,5,7,12,32,495,2,2466
2023,LAC,REG,17,409,632,4312,24,8,43,-355,8,5,4733,2176,204,-2.580253678434245,-1.5671392459822788,1,161,85,55,7,431,1642,11,6,3,89,-70.58481183499111,0,33,22,9,3,409,614,4312,24,8,4,4733,2177,204,98.47897195043488,1,161,84,55,7,1,642,117,345,70,351,15,48.0,334.0,88,9,31,83,0,3,0,0,10,-7,12,52,0,79,725,56,21,4,2,25,13,24,385,18,390,31,33,1,1,55.0,0.9393939393939394,0,7,8,9,7,0,0,0,0,0,1,0,50;25;27;30;33;33;24;55;43;53;46;55;38;48;25;26;39;38;38;20;40;47;45;53;36;50;52;49;40;43;20,53,50,1221,53,50,35,35,0,0,1.0,0,0,0,0,,75,0,83.0,3475,30,4,8,4,31,28,221,0,3174
2023,LV,REG,17,348,557,3666,20,18,40,-286,3,2,4281,1611,182,-44.897590713771294,-3.709229041178572,1,155,71,35,5,413,1542,11,5,2,83,-56.14107497704474,1,25,19,7,3,348,531,3666,20,2,1,4281,1611,182,50.6051500818397,1,155,71,35,5,0,636,113,425,69,337,14,46.0,290.0,89,13,268,56,3,2,1,0,7,0,9,52,2,75,629,67,7,7,1,14,6,25,249,11,262,26,30,3,1,54.0,0.8666666666666667,0,10,6,9,1,0,0,0,1,1,1,0,24;47;26;22;26;25;37;30;24;40;25;24;46;41;41;54;40;34;47;34;24;35;40;33;49;21,52;41;30,53,889,123,53,32,32,0,0,1.0,0,0,0,0,,75,0,83.0,3783,34,15,3,6,20,31,283,0,3380
2023,MIA,REG,17,393,566,4698,30,15,31,-184,1,1,4306,2228,223,111.6422633792512,4.546471648528928,0,190,105,59,12,456,2308,27,13,7,113,-11.816735728135734,0,65,47,17,8,393,549,4698,30,4,2,4306,2227,223,163.86165608381995,0,190,105,59,12,0,589,123,375,70,350,15,56.0,371.0,139,15,270,81,4,1,0,0,13,-46,12,36,0,97,767,54,9,15,1,24,10,27,265,18,441,24,28,2,2,57.0,0.8571428571428571,0,6,7,6,5,0,0,0,0,0,2,0,23;41;45;23;40;40;30;41;51;38;54;49;20;31;37;27;35;57;52;54;35;29;27;38,55;50,49;44,917,105,93,58,59,1,0,0.9830508474576272,1,1,0,0,29,53,0,66.0,2424,20,6,8,3,19,17,207,1,2157
2023,MIN,REG,17,424,631,4700,30,19,47,-341,10,7,4930,1926,220,2.681503280533926,3.0001425433276903,1,189,104,74,7,393,1553,7,7,4,79,-28.493426313111108,0,38,27,5,0,424,606,4700,30,4,3,4930,1926,220,105.01779918769871,1,189,104,74,7,0,636,125,441,57,278,22,43.0,302.0,91,11,112,67,0,2,0,0,10,-10,11,99,2,89,670,76,20,6,2,26,15,37,289,19,477,24,30,5,1,54.0,0.8,1,7,9,3,4,0,0,0,0,2,3,0,25;23;40;29;53;51;21;20;54;25;19;32;31;40;33;34;30;34;36;39;26;54;39;43,57;50;42;54;49,44,831,252,44,36,38,1,1,0.9473684210526316,0,0,0,0,,60,0,68.0,2887,16,7,2,7,16,28,277,0,2470
2023,NE,REG,17,351,557,3392,16,21,48,-323,4,2,4096,1848,153,-137.78242627106158,-3.465888857180442,0,133,57,34,4,415,1627,9,3,2,93,-37.56425284417045,0,28,22,3,1,351,541,3392,16,5,4,4096,1848,153,-62.723499777624255,0,133,57,34,4,1,625,117,421,64,309,15,36.0,248.0,78,10,96,66,0,6,1,4,7,-4,8,1,1,89,676,60,14,5,4,19,8,33,208,18,471,16,25,9,0,56.0,0.64,0,4,5,5,2,0,0,0,2,5,2,0,49;48;51;29;43;30;24;49;38;43;37;24;25;33;56;30,48;57;52;48;35;35;41;47;47,,609,410,0,24,25,1,0,0.96,1,1,0,0,56,98,0,79.0,4598,38,14,8,8,24,44,439,0,3999
2023,NO,REG,17,406,606,4225,28,11,35,-235,5,2,5016,1799,199,19.69444462342101,1.8743076292550216,2,156,83,52,11,480,1742,13,6,3,112,-52.21103623810511,2,42,26,4,0,406,579,4225,28,0,0,5016,1799,199,105.86090752326582,2,156,83,52,11,1,557,96,420,62,275,8,34.0,244.0,77,18,185,99,1,1,0,0,6,0,11,31,1,96,846,62,12,1,0,13,7,32,392,22,466,30,37,7,0,55.0,0.8108108108108109,0,10,6,8,6,0,0,2,0,2,3,0,26;33;52;28;23;25;37;32;44;54;53;48;45;23;35;42;27;55;48;25;52;41;45;39;50;45;28;38;24;24,46;52;29;51;47;54;29,,1141,308,0,40,40,0,0,1.0,0,1,1,0,46,75,0,62.0,3224,31,10,8,4,24,29,163,0,2981
2023,NYG,REG,17,338,518,3351,15,12,85,-465,5,1,3786,1601,141,-112.02900819481376,0.5655300094909275,0,115,60,44,7,454,1874,10,8,3,97,-66.1397483280896,1,49,35,12,0,338,485,3351,15,3,1,3786,1601,141,33.18764475083886,0,115,60,44,7,1,649,85,377,64,299,19,34.0,259.0,83,18,404,81,3,7,0,0,16,-24,13,21,0,89,711,76,11,13,1,24,7,35,311,13,249,22,31,8,1,57.0,0.7096774193548387,0,4,7,6,5,0,0,0,2,4,2,0,34;44;57;55;49;37;51;29;43;29;31;40;36;42;37;56;40;52;31;32;24;21,36;55;42;47;35;48;54;45,45,870,362,45,24,25,1,0,0.96,2,3,1,0,34;37;54,95,0,74.0,4372,35,7,9,4,36,39,270,0,4022
2023,NYJ,REG,17,356,601,3373,11,15,64,-454,12,6,4000,1782,156,-186.57097739486795,-4.96625095658785,1,126,53,37,3,388,1647,7,11,6,77,-70.00387586137788,2,38,28,9,4,356,563,3373,11,2,2,4000,1782,156,-36.769882285207835,1,126,53,37,3,1,615,120,410,78,343,14,46.0,304.0,107,17,212,91,2,4,3,0,12,-28,10,39,1,124,945,74,24,8,2,32,18,33,319,24,542,36,39,2,1,55.0,0.9230769230769232,0,8,10,13,5,0,0,0,0,1,1,0,26;43;30;34;52;31;30;26;27;22;49;43;42;35;38;35;33;47;46;47;53;30;45;27;46;51;55;44;25;27;54;46;44;21;40;33,52;49,31,1377,101,31,16,17,1,0,0.9411764705882352,2,2,0,0,33;54,99,0,62.0,4831,36,8,7,8,28,48,535,1,4136
2023,PHI,REG,17,369,563,4067,24,16,39,-233,4,2,4844,1786,197,62.718458526041815,3.740871219407945,0,160,76,50,7,510,2190,22,9,5,149,10.303554938215832,1,54,41,11,1,369,525,4067,24,4,4,4844,1786,197,123.5876585894174,0,160,76,50,7,0,651,71,367,67,274,16,43.0,255.0,106,9,207,74,2,2,1,0,9,-3,8,51,1,95,785,64,16,6,1,22,12,29,417,13,254,30,32,2,0,61.0,0.9375,0,9,7,7,6,1,0,0,1,0,1,0,32;56;48;51;24;61;36;38;26;41;47;36;54;34;26;26;24;51;59;26;39;52;44;27;28;21;44;43;43;36,55;37,,1173,92,0,45,46,1,0,0.9782608695652174,1,1,0,0,54,52,0,63.0,2537,17,2,10,1,7,32,277,0,2240
2023,PIT,REG,17,323,506,3421,13,9,36,-258,2,1,3785,1746,153,-45.71235864339105,-0.2456156798630706,1,130,54,41,9,487,2010,16,9,3,115,-36.88044311907635,0,55,37,14,1,323,484,3421,13,6,2,3785,1745,153,31.13071511408245,1,129,54,41,9,0,613,117,355,72,328,19,47.0,304.0,107,16,184,80,1,3,1,0,10,-18,11,35,1,86,753,65,14,7,4,21,7,30,257,24,565,29,31,2,0,57.0,0.935483870967742,0,9,7,7,6,0,0,0,0,1,0,1,52;50;43;42;57;35;23;43;25;42;53;22;29;30;42;49;35;28;41;34;33;29;56;50;30;39;26;21;25,61;45,,1084,106,0,27,28,1,0,0.9642857142857144,0,0,0,0,,89,0,63.0,3914,33,11,11,8,30,29,269,0,3485
2023,SEA,REG,17,371,575,4167,23,12,38,-257,4,2,4121,2019,189,32.42796197608597,1.4121010463677988,2,161,86,56,6,382,1580,11,2,1,93,-21.468027004188706,0,48,33,13,1,371,547,4167,23,0,0,4121,2019,189,121.84694489784796,2,161,86,56,6,0,658,120,468,82,370,13,47.0,298.0,97,11,177,77,3,2,0,10,3,-10,8,15,0,111,954,66,5,3,0,8,5,25,265,26,680,35,42,7,0,55.0,0.8333333333333334,0,8,11,12,4,0,0,0,1,2,4,0,36;42;25;43;35;33;37;39;34;55;23;21;48;32;33;45;43;33;45;43;54;43;52;51;30;40;26;43;28;27;43;42;24;33;29,39;45;56;53;55;53;42,,1310,343,0,33,33,0,0,1.0,1,2,1,0,43;55,66,0,73.0,3303,25,3,9,8,12,34,232,0,2911
2023,SF,REG,17,336,491,4577,33,12,34,-193,6,3,4018,2189,207,143.04821406075783,4.7468854047184035,0,178,105,75,15,499,2389,27,5,2,147,19.010535920274997,0,74,56,11,3,336,471,4577,33,3,1,4018,2189,207,210.76455095117768,0,178,105,75,15,0,606,104,366,69,349,10,48.0,307.0,122,22,309,84,1,2,1,0,8,-2,6,26,0,101,933,56,10,6,2,16,6,34,273,20,437,21,25,4,0,57.0,0.84,0,7,8,4,2,0,0,0,1,2,1,0,41;32;40;27;57;26;28;21;36;25;55;36;39;35;37;28;32;43;45;38;22,54;41;40;38,,743,173,0,60,61,1,0,0.9836065573770492,0,1,1,0,41,52,0,67.0,2480,26,4,11,2,13,22,220,0,2220
2023,TB,REG,17,364,568,4044,28,10,40,-232,5,3,4865,1927,188,47.233702549957535,0.0528411756862293,2,145,86,60,12,439,1509,8,4,1,79,-77.0876220310538,0,36,21,5,0,364,550,4044,28,6,3,4865,1927,188,115.45561624508592,2,145,86,60,12,0,627,113,409,72,352,18,47.0,325.0,84,13,93,64,1,2,1,0,12,0,12,7,0,100,751,42,14,7,1,21,8,25,234,16,327,29,31,0,2,57.0,0.935483870967742,0,8,12,2,7,0,0,0,0,0,0,0,36;57;26;25;33;51;28;33;36;24;36;57;35;49;55;25;35;21;24;55;38;39;46;24;31;51;36;57;39,,40;50,1102,0,90,33,33,0,0,1.0,0,0,0,0,,77,0,74.0,3854,26,11,9,9,10,38,455,0,3219
2023,TEN,REG,17,304,494,3512,14,11,64,-445,7,2,4569,1596,158,-31.663739782241297,0.444319230118556,1,137,73,54,10,444,1846,16,6,4,103,-26.854351771577814,0,44,34,10,2,304,478,3512,14,2,0,4569,1596,158,73.30970070426312,1,137,73,54,10,0,634,145,441,72,355,13,45.0,315.0,84,6,86,55,1,3,0,11,7,-41,8,8,0,110,882,62,11,8,3,19,9,42,330,18,372,29,30,1,0,53.0,0.9666666666666668,0,9,9,6,5,0,0,0,0,0,1,0,50;27;31;45;29;33;41;44;53;35;27;53;34;26;27;38;36;36;48;38;27;53;24;46;28;23;45;33;53,51,,1083,51,0,28,30,2,0,0.9333333333333332,1,1,0,0,41,79,1,74.0,4008,36,10,9,12,19,29,328,0,3440
2023,WAS,REG,17,407,636,4174,24,21,65,-449,3,1,4767,2092,190,-87.48533680092959,0.2725672404500291,1,165,81,48,5,359,1592,14,6,5,99,-8.595849643582495,2,48,33,8,0,407,601,4174,24,5,3,4767,2092,190,24.75745514811648,1,165,81,48,5,0,629,111,427,75,267,10,38.0,164.0,84,8,85,78,0,3,0,51,7,-14,10,5,1,87,701,62,15,5,2,20,11,35,278,24,601,19,24,4,1,61.0,0.7916666666666666,0,2,7,7,2,1,0,0,0,2,2,0,30;33;44;49;51;27;51;32;37;61;37;30;49;47;23;42;43;47;36,49;59;46;53,27,769,207,27,32,35,2,1,0.9142857142857144,0,0,0,0,,73,2,66.0,3361,30,1,11,2,25,34,271,0,3050
2024,ARI,REG,17,374,543,3859,21,11,30,-220,3,1,3697,1974,191,64.52634920272747,2.181091656762373,0,155,70,43,3,463,2451,18,9,4,136,21.71392802745348,3,73,58,17,7,374,523,3859,21,5,4,3697,1972,191,109.59605451532238,0,155,70,43,3,1,566,91,497,87,351,17,41.0,256.0,76,9,12,63,0,1,2,0,10,-9,8,0,2,92,806,52,16,5,2,21,9,21,202,25,709,34,38,3,1,58.0,0.8947368421052632,0,7,12,10,5,0,0,0,0,3,0,0,29;31;48;57;42;45;30;42;35;38;40;32;57;34;29;55;37;35;22;32;31;24;40;23;28;49;35;40;48;30;58;28;51;49,47;45;40,45,1304,132,45,36,37,0,1,0.972972972972973,2,2,0,0,32;34,54,0,63.0,2563,20,4,7,2,20,21,214,0,2309
2024,ATL,REG,17,364,559,4283,21,19,32,-215,9,2,4466,1958,198,34.316686777479276,-0.0626245157616921,0,181,89,54,8,495,2219,18,6,0,133,0.1284146886186019,2,56,46,10,0,364,539,4283,21,3,1,4466,1958,198,104.14479116310548,0,181,89,54,8,0,628,67,445,79,307,12,31.0,187.0,74,12,187,66,3,0,1,0,13,-43,6,5,1,99,828,64,13,8,3,21,5,21,200,30,791,29,41,10,2,58.0,0.7073170731707317,0,7,8,7,7,0,0,0,1,5,4,0,24;39;22;34;54;53;44;42;58;54;48;52;21;31;35;39;27;41;51;41;26;20;29;40;48;52;37;39;31,41;54;46;53;46;35;42;43;56;52,54;35,1132,468,89,38,38,0,0,1.0,1,1,0,0,58,47,0,65.0,2163,14,3,4,4,14,22,305,0,1778
2024,BAL,REG,17,318,477,4189,41,4,24,-154,2,1,4162,2086,199,170.4688761450539,4.702599490106236,0,176,92,56,14,554,3189,21,9,5,164,50.3468627334633,1,89,68,29,7,318,457,4189,41,1,1,4162,2086,199,219.51779393013737,0,176,92,56,14,0,591,61,419,82,362,12,53.0,314.0,122,12,102,82,2,3,0,0,12,-41,5,8,1,132,1120,66,11,8,0,19,7,22,213,30,811,22,30,8,0,56.0,0.7333333333333333,0,4,7,5,6,0,0,0,0,3,5,0,25;32;48;42;32;56;24;45;32;39;28;52;49;33;37;54;45;34;50;51;23;52,53;56;46;50;47;50;47;53,,883,402,0,60,62,2,0,0.967741935483871,1,1,0,0,24,55,0,70.0,2551,22,7,5,6,16,21,163,0,2268
2024,BUF,REG,17,329,520,3938,30,6,14,-63,4,2,4262,2186,181,132.6717167393229,0.2537480719161756,1,150,82,56,11,491,2230,32,2,0,139,48.12527660571717,0,56,42,13,4,329,495,3938,30,2,0,4262,2186,181,172.57079117276132,1,150,82,56,11,0,604,101,425,93,426,18,37.0,246.0,94,16,145,60,2,1,1,0,8,0,16,43,1,112,833,68,7,4,1,11,2,27,313,24,621,24,29,5,0,61.0,0.8275862068965517,0,6,7,7,3,1,0,1,0,4,0,0,37;39;43;27;43;50;38;33;22;28;30;27;40;49;61;29;47;28;33;50;41;50;39;49,45;48;47;49;24,,933,213,0,59,64,4,1,0.921875,1,1,0,0,61,54,1,65.0,2523,25,4,8,5,13,24,213,0,2210
2024,CAR,REG,17,341,547,3411,22,15,36,-223,3,1,4464,1431,168,-49.31081541928742,-0.0269004564487796,0,138,70,43,3,410,1878,18,3,3,99,3.743683073065567,1,40,32,13,0,341,518,3411,22,6,3,4464,1431,168,28.487254593139063,0,138,70,43,3,0,650,72,566,65,299,8,32.0,223.0,64,9,96,67,0,1,0,37,7,2,8,0,0,118,947,73,13,4,3,17,7,24,177,42,1060,22,26,4,0,53.0,0.8461538461538461,0,7,8,6,1,0,0,0,1,2,1,0,43;38;43;35;26;48;27;24;40;48;53;36;30;32;29;33;47;27;22;38;29;35,45;38;45;53,,783,181,0,33,35,2,0,0.9428571428571428,1,1,0,0,36,73,1,65.0,3338,24,4,20,3,20,26,178,0,3100
2024,CHI,REG,17,353,566,3552,20,7,68,-466,6,3,4534,1876,172,-53.3144112069482,-0.2038935858033909,3,145,69,40,6,431,1734,13,4,2,97,-27.37357769640331,0,42,28,7,1,353,526,3552,20,5,2,4534,1876,172,81.19006000928805,3,145,69,40,6,2,590,113,447,81,331,17,40.0,254.0,100,11,87,66,1,1,0,21,9,-7,13,41,0,110,867,68,9,10,1,19,9,24,304,27,768,21,25,1,3,54.0,0.84,0,4,4,5,8,0,0,0,0,0,1,0,24;50;48;53;54;53;40;33;29;53;53;33;53;27;49;48;29;39;30;42;51,56,43;46;48,891,56,137,25,26,1,0,0.9615384615384616,1,2,0,1,46;51,82,0,68.0,3911,34,5,9,4,23,41,422,0,3409
2024,CIN,REG,17,460,652,4918,43,9,48,-278,9,5,4614,2192,253,115.12695542445556,6.786788494628706,0,190,86,49,12,380,1574,11,6,2,88,-9.513695408275204,1,40,28,9,2,460,628,4918,43,5,3,4614,2192,253,220.74357036180652,0,190,86,49,12,1,592,82,458,72,315,14,36.0,217.0,105,15,249,79,2,3,1,0,7,-3,10,85,0,101,780,83,20,4,5,24,13,34,248,39,1133,25,33,8,0,59.0,0.7575757575757576,0,11,6,4,4,0,0,0,1,3,4,0,51;22;33;48;53;28;31;56;46;37;27;44;27;26;27;38;37;29;21;59;22;48;27;35;23,48;53;50;54;48;51;47;33,,895,384,0,51,53,2,0,0.9622641509433962,0,0,0,0,,53,0,80.0,2603,25,2,4,5,16,26,228,0,2275
2024,CLE,REG,17,395,661,3879,19,23,66,-373,9,5,5139,1711,180,-175.00518532804432,-4.135697847379119,5,155,68,39,4,391,1608,8,6,3,93,-25.846051966612837,0,34,27,7,2,395,634,3879,19,2,1,5139,1711,180,-37.57736932462584,5,155,68,39,4,1,587,113,403,112,420,12,41.0,267.0,108,4,-2,60,0,2,1,50,9,-8,8,27,1,119,915,66,16,4,0,20,11,45,450,41,1018,18,27,8,1,56.0,0.6666666666666666,0,3,6,5,4,0,0,1,1,3,3,0,51;53;38;44;56;51;31;43;49;31;28;33;48;38;34;45;25;23,53;52;49;51;27;47;38;43,51,721,360,51,18,21,3,0,0.8571428571428571,0,0,0,0,,89,0,84.0,4387,36,14,11,7,17,40,530,1,3717
2024,DAL,REG,17,398,637,4092,23,14,38,-230,6,2,4686,2030,192,-46.17726065651339,-4.825572750959366,1,161,77,47,7,429,1705,6,12,5,98,-51.73058314762088,0,42,27,3,0,398,622,4092,23,7,5,4686,2030,192,13.61085955954622,1,161,77,47,7,3,631,51,447,70,371,18,51.0,330.0,105,13,97,70,1,2,0,0,14,-27,9,0,0,128,921,60,19,10,1,29,14,19,187,34,1091,40,47,5,2,65.0,0.851063829787234,0,4,8,14,12,2,0,0,0,2,1,2,57;40;50;46;52;38;48;40;65;51;60;40;55;33;34;47;50;29;34;57;46;23;53;46;48;23;33;35;47;52;45;41;58;49;58;53;34;41;36;22,51;40;42;70;61,38;35,1769,264,73,30,30,0,0,1.0,0,0,0,0,,62,0,62.0,3005,24,1,5,3,20,33,341,0,2604
2024,DEN,REG,17,379,570,3808,30,12,24,-198,1,0,4130,2091,172,40.03305993288629,0.7797568629348213,0,134,77,52,6,461,1908,12,5,3,124,-14.35800787032888,0,54,40,10,1,379,549,3808,30,6,4,4130,2091,172,76.18096204076618,0,134,77,52,6,0,608,87,461,94,444,12,63.0,360.0,142,15,430,68,3,0,2,0,6,-1,9,136,2,108,941,79,11,3,1,14,7,26,408,13,364,31,34,2,1,55.0,0.9117647058823528,0,2,13,11,5,0,0,0,0,0,1,1,35;30;45;35;29;43;38;33;43;47;51;44;40;46;32;52;38;37;45;38;53;54;45;33;36;27;44;41;55;30;33,50;60,35,1252,110,35,46,46,0,0,1.0,0,1,0,1,35,77,0,65.0,3597,33,8,11,5,24,29,251,0,3246
2024,DET,REG,17,399,551,4718,39,12,33,-244,6,0,3487,2669,242,172.3826426415118,5.662010064869548,1,184,99,62,11,534,2488,29,3,1,144,9.533982670019515,0,68,52,14,3,399,522,4718,39,2,2,3487,2669,242,235.7339523881023,1,183,99,62,11,1,574,61,345,70,316,13,37.0,256.0,110,16,155,81,1,1,0,31,8,0,8,48,0,106,973,42,11,1,1,12,3,37,479,15,471,26,29,3,0,58.0,0.896551724137931,0,3,10,7,6,0,0,0,0,1,1,1,25;32;22;35;32;40;48;33;33;44;51;27;58;52;54;56;30;36;48;43;35;30;34;57;42;48,45;52;65,,1045,162,0,64,67,2,1,0.9552238805970148,3,3,0,0,44;52;35,45,0,68.0,2295,22,1,5,4,14,21,135,0,2080
2024,GB,REG,17,308,479,3939,28,11,22,-132,2,1,4187,1928,171,77.43815873048723,1.33710573587952,3,144,81,59,14,526,2496,23,8,4,142,3.9319557063193726,0,70,55,15,0,308,464,3939,28,2,2,4187,1928,171,119.16798403376424,3,144,81,59,14,0,608,84,426,95,436,16,45.0,301.0,91,17,288,56,1,5,0,0,8,-7,14,14,0,112,836,80,11,7,2,18,8,19,158,20,564,32,38,6,0,55.0,0.8421052631578947,0,9,12,8,3,0,0,0,1,5,0,0,31;23;26;46;42;34;21;26;47;46;36;41;45;31;38;24;30;38;51;46;24;33;32;39;21;23;55;46;22;37;30;55,43;45;37;49;44;46,,1139,264,0,46,46,0,0,1.0,2,2,0,0,45;24,56,0,74.0,2582,22,6,8,5,17,20,229,1,2253
2024,HOU,REG,17,357,570,3952,20,12,54,-426,3,2,4653,1753,197,-16.284018576315088,-2.3839589555695024,0,170,92,45,6,434,1909,15,5,3,89,-39.44223437320454,0,52,37,13,4,357,547,3952,20,4,1,4653,1753,197,88.51674585065608,0,170,92,45,6,0,602,71,385,106,487,11,49.0,336.0,98,19,275,89,1,2,1,0,4,-4,9,66,2,119,981,59,9,5,3,14,7,42,340,23,722,36,42,6,0,59.0,0.8571428571428571,0,8,11,4,13,0,0,2,0,1,3,0,51;50;51;56;47;59;53;30;50;47;59;39;46;23;52;35;35;35;34;54;29;34;56;29;33;29;28;54;53;30;28;44;23;33;38;27,54;40;56;27;58;28,,1474,263,0,34,36,2,0,0.9444444444444444,1,1,0,0,59,76,1,69.0,3583,39,7,14,7,23,25,121,0,3322
2024,IND,REG,17,289,513,3599,20,19,32,-238,5,5,5433,1457,161,-34.66717148765171,-4.942838311558816,0,147,76,51,10,496,2331,20,10,4,130,-21.290599681177103,1,64,51,18,4,289,492,3599,20,3,1,5433,1457,161,34.818032627185005,0,147,76,51,10,0,628,128,496,88,393,18,36.0,243.0,83,16,105,57,0,0,0,0,9,-14,9,59,1,93,684,54,12,8,2,20,10,26,256,22,644,31,37,6,0,56.0,0.8378378378378378,0,9,12,7,3,0,0,0,0,0,6,0,34;33;35;30;37;26;22;52;22;38;46;37;42;54;27;23;41;47;56;27;29;25;37;49;31;32;29;49;36;45;38,50;54;53;55;54;51,,1129,317,0,36,36,0,0,1.0,0,0,0,0,,68,0,65.0,3382,27,5,2,4,25,32,405,0,2897
2024,JAX,REG,17,343,546,3717,19,15,32,-240,3,2,4586,1742,174,2.815102956176923,-0.7401015623775935,4,137,73,54,8,414,1729,13,5,3,106,-13.594123616501728,0,49,34,8,2,343,522,3717,19,4,3,4586,1742,174,68.27036519037303,4,137,73,54,8,1,655,70,436,82,354,5,34.0,230.0,68,6,41,74,0,2,0,0,10,-8,3,48,1,99,788,66,14,5,0,19,9,27,318,29,746,27,29,2,0,59.0,0.9310344827586208,0,8,6,8,5,0,0,0,0,1,1,0,53;22;25;41;41;52;23;30;49;30;21;39;47;59;35;33;30;23;28;23;43;43;48;44;53;28;53,43;55,,1016,98,0,27,27,0,0,1.0,1,1,0,0,49,68,0,73.0,3359,34,17,1,3,19,28,251,0,3048
2024,KC,REG,17,404,600,4046,26,11,41,-266,2,0,3806,2368,219,62.98777838726702,2.438575026768071,0,169,68,42,4,450,1790,15,4,2,106,2.5841681485271137,0,33,24,7,0,404,572,4046,26,2,1,3806,2368,219,136.3211209394643,0,169,67,41,4,0,623,52,374,87,364,15,39.0,250.0,112,13,102,71,0,1,0,57,6,7,7,41,1,94,829,55,7,3,1,10,3,31,307,29,785,32,37,5,0,53.0,0.8648648648648649,1,9,12,7,3,0,0,1,0,0,3,1,32;31;19;51;53;44;21;37;26;34;28;38;42;24;40;36;28;20;25;41;31;25;42;35;32;47;33;50;31;44;27;32,65;51;59;29;51,,1099,255,0,37,39,2,0,0.9487179487179488,3,3,0,0,51;31;31,62,0,72.0,3027,25,0,7,9,21,25,253,0,2594
2024,LA,REG,17,367,559,4096,22,9,31,-228,4,2,4124,1958,192,34.41894814651905,-0.9063127686488208,0,157,90,51,7,450,1765,15,7,3,119,-29.195176007860695,0,37,23,3,0,367,541,4096,22,1,0,4124,1958,192,102.90769974484527,0,157,90,51,7,1,561,95,489,72,398,10,38.0,308.0,72,13,145,73,2,1,1,22,7,-10,7,41,1,91,798,67,10,3,1,13,5,18,161,29,794,29,34,5,0,58.0,0.8529411764705882,0,10,9,4,6,0,0,1,1,2,1,0,41;26;29;33;37;46;37;25;52;38;21;34;55;53;22;31;22;48;23;27;29;38;45;53;25;37;58;57;38,43;35;57;26;47,,1080,208,0,32,36,3,1,0.8888888888888888,1,1,0,0,37,62,1,68.0,2811,33,12,12,2,12,24,211,0,2560
2024,LAC,REG,17,336,510,3901,23,3,44,-272,4,1,4363,1704,176,63.45863291616552,1.8304712569640755,3,153,82,54,7,463,1882,17,5,2,110,-24.880648388694603,0,46,35,11,5,336,491,3901,23,4,2,4363,1704,176,132.6164907928421,3,154,82,54,7,0,612,60,406,77,309,8,45.0,235.0,97,15,173,87,1,4,0,0,11,-31,6,22,0,96,718,66,15,5,3,20,6,22,263,21,581,39,42,3,0,59.0,0.9285714285714286,1,9,9,11,9,0,0,0,0,1,2,0,53;25;24;46;42;28;50;20;33;46;59;50;28;47;40;46;29;21;37;19;53;42;52;52;45;51;34;37;41;37;57;27;38;41;35;33;32;49;20,55;44;51,,1519,150,0,33,36,3,0,0.9166666666666666,0,0,0,0,,72,0,67.0,3362,28,9,7,4,24,28,268,0,3014
2024,LV,REG,17,410,635,4117,19,16,50,-320,6,5,4455,2061,209,-62.91733084732313,-1.5238170436507947,1,166,72,50,4,380,1357,10,10,8,78,-91.874991300372,1,34,19,4,1,410,592,4117,19,0,0,4455,2061,209,72.01117451194705,1,166,72,50,4,0,571,81,477,83,367,6,37.0,293.0,86,10,130,80,1,1,0,49,4,-22,3,0,0,96,807,78,11,7,1,18,13,27,264,23,680,34,40,6,0,54.0,0.85,0,10,11,6,7,0,0,0,0,2,4,0,32;53;51;25;38;52;34;40;38;47;38;27;27;54;32;46;27;22;34;34;53;22;27;25;27;52;49;37;31;39;54;25;40;47,49;57;56;55;58;46,,1279,321,0,23,25,0,2,0.92,1,1,0,0,38,65,2,71.0,3304,27,10,7,8,14,26,294,0,2850
2024,MIA,REG,17,413,591,4036,22,10,43,-299,9,3,3711,2210,221,43.481886431862954,3.0669381212390645,2,186,71,37,3,448,1795,12,10,5,90,-83.32380278255759,0,51,43,8,3,413,568,4036,22,4,1,3711,2212,221,141.17210605362249,2,186,71,37,3,0,553,70,412,83,364,8,35.0,247.0,81,10,21,69,0,1,0,2,14,-62,6,24,0,114,926,76,17,11,3,28,11,28,268,26,755,37,41,4,0,57.0,0.902439024390244,0,7,13,5,12,0,0,0,0,2,2,0,37;52;34;23;44;56;54;32;47;33;53;25;39;23;50;37;50;31;46;21;51;33;39;24;57;52;55;36;44;38;54;33;48;54;39;26;28,42;57;41;54,,1498,194,0,26,28,2,0,0.9285714285714286,1,1,0,0,52,56,1,64.0,2639,22,14,4,5,11,22,230,0,2309
2024,MIN,REG,17,364,548,4379,35,12,49,-336,5,2,4625,1794,210,56.9488913206941,4.015867847307969,0,168,95,64,10,457,1855,9,6,3,100,-34.772771797695434,0,49,36,6,2,364,517,4379,35,4,3,4625,1793,210,165.1151008895106,0,168,95,64,10,0,586,88,432,96,464,12,48.0,342.0,113,24,140,95,2,2,0,37,6,-20,9,54,1,110,845,62,11,6,2,17,9,24,164,14,341,35,42,7,0,58.0,0.8333333333333334,0,8,9,9,9,0,0,0,1,3,3,0,22;39;27;35;58;33;54;53;41;57;42;48;23;35;45;33;34;29;40;40;26;29;44;55;31;52;31;46;52;48;25;50;25;31;51,53;31;43;47;57;43;51,,1384,325,0,45,46,1,0,0.9782608695652174,1,1,0,0,29,56,1,66.0,2604,27,8,5,5,10,28,191,0,2313
2024,NE,REG,17,342,529,3343,18,11,52,-348,8,5,3846,1701,167,-53.09723703638907,1.7252174347639084,3,129,57,34,3,446,1969,11,14,6,101,-31.529520828955302,0,58,42,9,2,342,500,3343,18,4,1,3846,1701,167,65.55843540448801,3,129,57,34,3,0,582,91,493,63,219,14,28.0,153.0,66,7,49,73,0,2,0,0,17,-28,5,80,1,111,916,72,20,10,1,30,12,30,427,26,662,26,33,6,1,63.0,0.7878787878787878,0,5,10,5,5,1,0,1,1,1,2,1,32;35;37;29;28;44;63;54;38;41;23;52;30;37;25;33;32;25;42;35;31;54;50;41;42;50,33;56;45;25;68;53,48,1003,280,48,25,26,0,1,0.9615384615384616,0,1,1,0,68,70,0,75.0,3486,31,3,10,8,17,32,406,1,2920
2024,NO,REG,17,340,551,3730,21,12,37,-242,6,3,4430,1836,167,-45.18490765938399,-3.2256895701474795,1,145,78,47,8,444,1954,15,2,0,111,1.1473400271549448,0,48,34,7,1,340,517,3730,21,6,2,4430,1836,167,28.82801423879904,1,145,78,47,8,1,671,54,452,77,400,12,39.0,240.0,84,14,169,93,0,2,1,9,7,-9,3,4,0,110,1003,74,12,4,2,16,7,24,301,37,1000,27,31,3,1,57.0,0.8709677419354839,0,4,10,7,6,0,0,0,1,1,1,0,57;44;52;39;26;34;38;43;42;29;35;40;43;29;33;51;38;26;54;54;41;51;34;35;39;39;49,44;36;53,60,1095,133,60,31,33,1,1,0.9393939393939394,0,0,0,0,,75,0,64.0,3303,41,8,9,3,27,28,213,0,3030
2024,NYG,REG,17,366,591,3521,15,13,48,-293,6,4,4019,1737,170,-96.1486286296638,-1.2220450041526492,1,135,63,34,4,424,1783,13,6,5,104,-28.960763415283846,0,46,30,12,3,366,554,3521,15,3,0,4019,1737,170,29.03244176394624,1,135,63,34,4,2,565,91,525,96,370,16,45.0,289.0,94,5,52,60,0,2,0,60,9,-2,10,3,0,112,928,70,17,5,3,22,10,30,228,36,1019,23,28,4,1,53.0,0.8214285714285714,0,5,7,8,3,0,0,0,0,4,0,0,23;50;52;41;38;22;42;38;31;24;38;29;39;44;48;31;42;46;47;43;30;25;53,48;47;45;43,35,876,183,35,22,23,1,0,0.9565217391304348,0,0,0,0,,77,0,67.0,3436,36,9,5,3,34,26,274,1,3102
2024,NYJ,REG,17,385,607,4016,31,11,40,-302,5,2,4119,2187,201,21.34228398821373,-2.0165671390467064,3,169,76,52,7,363,1561,8,7,2,83,-23.948942152627176,2,45,29,6,1,385,589,4016,31,3,3,4119,2190,201,91.23960057133476,3,169,76,52,7,1,624,83,413,89,383,14,42.0,308.0,84,7,18,56,0,4,0,0,8,-11,10,30,0,137,1134,66,14,6,5,20,8,33,266,29,878,20,28,7,1,58.0,0.7142857142857143,0,8,6,5,1,0,0,0,1,5,1,0,33;28;23;35;40;32;34;22;29;25;45;58;35;28;30;40;42;43;21;20,45;50;32;43;44;48;49,35,663,311,35,28,31,2,1,0.9032258064516128,0,1,1,0,50,63,0,75.0,2972,19,6,6,7,15,29,256,0,2576
2024,PHI,REG,17,303,448,3517,24,6,45,-323,6,3,3483,1570,168,56.87063815759182,6.0496972187569265,0,131,74,49,12,621,3048,29,6,3,164,55.885729001612034,3,76,56,25,7,303,418,3517,24,2,0,3483,1570,168,167.8947694562229,0,131,74,49,12,0,579,55,399,81,346,22,41.0,305.0,87,13,166,90,1,2,0,0,9,-20,13,16,0,103,793,62,12,7,1,19,9,28,257,33,875,28,36,7,1,50.0,0.7777777777777778,0,9,10,8,1,0,0,0,1,1,4,1,38;21;29;28;49;44;39;49;47;43;39;38;21;31;21;31;26;35;34;41;24;40;50;40;31;26;24;32,60;57;44;51;52;56;39,57,971,359,57,47,48,1,0,0.9791666666666666,0,0,0,0,,54,1,70.0,2633,20,6,9,7,8,24,179,0,2314
2024,PIT,REG,17,321,499,3607,21,6,49,-343,5,3,3946,1648,158,4.436190221322721,3.7062068607496177,0,135,73,55,8,533,2166,14,8,4,122,-48.22774490221067,0,64,38,11,0,321,460,3607,21,4,2,3946,1648,158,107.24634783700546,0,135,73,55,8,1,598,70,428,84,388,22,40.0,275.0,105,17,209,78,0,2,0,0,11,-34,16,31,1,102,823,63,15,7,0,22,11,28,289,25,575,41,44,2,1,57.0,0.9318181818181818,0,9,12,7,13,0,0,0,0,0,1,1,57;51;44;56;40;25;22;53;38;30;50;41;52;49;37;36;46;29;21;31;25;27;27;32;52;32;57;27;50;48;28;50;34;30;30;54;37;49;51;36;54,62;58,42,1638,120,42,35,35,0,0,1.0,0,0,0,0,,68,0,71.0,3161,28,7,8,5,17,31,219,0,2842
2024,SEA,REG,17,413,593,4379,21,16,54,-359,3,0,4114,2188,211,8.423787470504081,4.79673486340444,0,181,90,51,4,383,1627,17,5,0,88,-20.498744777141415,0,47,31,12,1,413,569,4379,21,4,3,4114,2188,211,99.23158898683997,0,181,90,51,4,1,613,84,472,74,383,14,44.0,325.0,112,13,268,74,2,2,1,0,13,-88,5,142,2,120,987,67,10,11,0,21,8,25,186,38,1065,26,30,3,1,59.0,0.8666666666666667,0,4,6,7,9,0,0,0,0,0,1,2,50;28;44;38;31;56;43;48;20;38;59;38;52;57;50;54;43;20;36;35;48;45;43;27;50;56,53;62;60,47,1109,175,47,37,40,1,2,0.925,1,1,0,0,31,76,0,62.0,3688,31,7,7,9,22,31,284,0,3224
2024,SF,REG,17,349,533,4424,23,16,36,-190,8,4,4528,1861,204,68.36516889322172,1.6546857693971482,0,181,87,66,11,457,2163,17,7,3,120,-1.2659478543305205,0,57,39,13,1,349,513,4424,23,4,1,4528,1861,204,136.75113891043668,0,182,87,66,11,1,585,74,420,67,246,13,36.0,190.0,80,11,167,72,1,2,0,61,12,-13,6,0,0,111,843,65,19,7,3,26,11,32,294,31,884,33,43,10,0,55.0,0.7674418604651163,0,12,6,9,6,0,0,0,0,5,5,0,46;51;31;53;23;42;31;26;22;26;41;28;20;26;25;41;35;55;24;50;44;41;28;33;44;33;48;33;23;53;47;21;51,55;49;50;44;45;55;41;51;58;47,,1195,495,0,38,40,2,0,0.95,1,1,0,0,44,46,1,58.0,2076,19,2,10,1,14,19,261,0,1795
2024,TB,REG,17,408,571,4505,41,16,40,-248,4,1,3968,2447,224,115.68643922132298,3.6205841635302582,1,185,92,58,5,483,2536,16,12,4,137,20.720838278553376,0,74,51,15,4,408,563,4505,41,5,2,3968,2447,224,180.34709143119733,1,184,91,58,5,1,614,72,388,81,398,16,46.0,317.0,114,7,28,61,0,1,1,23,17,-18,11,59,1,108,839,47,17,8,2,25,7,21,159,31,816,30,32,2,0,56.0,0.9375,0,11,7,4,8,0,0,0,0,0,2,0,56;34;29;30;55;21;52;53;32;53;26;23;52;47;30;26;23;27;26;51;30;22;37;42;43;45;23;34;52;25,55;55,,1099,110,0,54,56,1,1,0.9642857142857144,1,1,0,0,30,50,0,67.0,2183,14,3,10,2,14,21,272,1,1871
2024,TEN,REG,17,336,530,3621,22,21,52,-304,7,3,4275,1585,164,-66.83648932357204,-0.2257083706131583,2,135,73,43,9,450,1855,11,11,7,112,-50.26617974443962,1,53,33,8,1,336,507,3621,22,1,1,4275,1585,164,31.216910304655368,2,135,74,43,9,0,598,101,443,92,339,10,32.0,202.0,67,11,86,53,0,3,2,0,15,-25,6,30,0,132,1030,75,18,10,0,28,13,34,253,40,1081,25,27,2,0,56.0,0.925925925925926,0,6,5,8,6,0,0,0,0,1,1,0,40;41;53;52;47;51;29;44;25;21;25;27;30;43;51;56;51;41;44;46;39;39;28;35;38,49;53,,996,102,0,28,28,0,0,1.0,0,0,0,0,,73,2,75.0,3691,22,3,7,7,9,47,655,1,2896
2024,WAS,REG,17,365,525,3932,29,9,50,-267,2,0,3992,1887,192,79.2911423893543,4.5651286456083495,2,154,67,45,10,526,2619,25,7,3,154,67.61982720882695,2,67,52,19,4,365,504,3932,29,4,2,3992,1887,192,157.30266975273852,2,154,67,45,10,0,606,67,481,86,405,16,43.0,271.0,88,7,153,59,1,5,0,34,11,-11,10,7,0,111,960,66,14,6,2,20,7,25,260,37,1082,34,42,7,1,55.0,0.8095238095238095,0,11,8,13,2,0,0,0,0,2,5,0,27;45;26;27;29;33;30;42;45;38;27;30;42;55;49;23;49;31;29;27;30;28;47;31;20;48;41;45;41;51;23;41;31;47,47;56;51;51;46;52;54,52,1228,357,52,45,47,2,0,0.9574468085106383,1,1,0,0,30,50,0,74.0,2343,22,5,7,2,12,24,148,0,2155
2025,ARI,REG,17,427,649,4354,29,11,59,-399,4,4,4660,2111,216,4.7595797736981815,1.033828623677382,1,183,90,49,5,366,1583,9,5,3,91,-21.504854023401514,0,35,22,8,3,427,617,4354,29,1,1,4660,2111,216,136.9355351435437,1,183,90,49,5,0,593,23,579,70,294,13,30.0,205.0,71,10,51,81,0,1,1,0,3,-6,9,13,2,115,842,62,9,4,1,13,10,19,217,79,1979,25,33,7,1,57.0,0.7575757575757576,0,5,7,7,6,0,0,0,1,2,3,1,42;50;29;47;34;28;33;57;40;44;32;40;39;48;34;26;29;52;38;50;51;25;34;45;56,57;58;33;43;63;50;44,46,1003,348,46,36,36,0,0,1.0,0,0,0,0,,59,1,65.0,2927,21,4,6,3,17,29,312,0,2555
2025,ATL,REG,17,332,545,3703,19,8,26,-180,5,2,4170,1871,185,4.209096397094654,-3.2166077653107616,1,156,75,47,8,477,2138,17,6,4,113,-19.203365768931064,1,54,37,9,2,332,519,3703,19,4,2,4170,1871,185,65.36143829808668,1,156,75,47,8,0,642,17,471,95,429,12,57.0,366.0,97,16,173,87,1,2,0,3,8,-5,7,34,0,108,819,61,14,5,1,19,10,24,168,67,1531,32,39,4,3,56.0,0.8205128205128205,0,3,11,10,8,0,0,0,0,2,2,0,41;36;38;29;33;33;54;38;26;33;38;45;38;43;52;45;56;41;54;52;35;43;27;43;49;40;56;51;40;51;38;38,44;49;55;50,37;50;37,1336,198,124,31,33,1,1,0.9393939393939394,1,1,0,0,43,64,0,69.0,2889,34,8,6,3,17,30,231,0,2598
2025,BAL,REG,17,278,422,3278,23,11,45,-293,5,3,3422,1361,141,4.510214603981404,2.992383696376838,1,122,65,43,7,507,2662,23,7,4,146,42.21306531138224,0,71,56,25,6,278,407,3278,23,6,4,3422,1361,141,76.0054389442312,1,122,65,43,7,0,649,21,499,66,250,14,30.0,189.0,101,11,242,73,1,1,0,5,7,-4,9,85,1,99,746,62,16,6,4,22,12,16,198,74,1911,30,34,4,0,52.0,0.8823529411764706,0,10,11,8,1,0,0,0,0,1,3,0,52;49;43;32;41;43;32;27;37;42;28;32;44;28;30;22;25;24;44;31;35;27;36;28;36;27;36;22;34;40,55;56;56;44,,1027,211,0,44,46,2,0,0.9565217391304348,0,1,1,0,44,53,0,74.0,2657,24,7,11,6,6,23,159,0,2378
2025,BUF,REG,17,344,495,3981,29,10,40,-298,1,1,3614,2098,196,97.06081157919404,3.819331445873157,2,154,89,61,10,547,2714,30,12,5,146,41.28521861578723,0,68,51,16,6,344,479,3981,29,4,2,3614,2098,196,161.62165664356985,2,155,89,61,9,1,576,18,440,84,359,13,36.0,226.0,92,13,140,62,1,2,0,0,7,-18,7,29,1,101,848,66,14,5,3,19,9,30,194,66,1842,19,21,2,0,52.0,0.9047619047619048,0,4,7,7,1,0,0,0,1,0,1,0,25;43;32;28;52;33;48;35;31;45;45;43;39;44;38;27;37;26;41,39;52,,712,91,0,48,53,4,1,0.9056603773584906,1,1,0,0,32,49,0,62.0,2189,21,5,7,3,18,16,118,0,2011
2025,CAR,REG,17,329,515,3304,24,12,35,-256,4,3,3450,1629,170,-27.63458678505455,1.4186954436202843,1,126,63,43,4,461,1977,9,6,5,109,-19.355536005205092,0,45,28,9,2,329,480,3304,24,3,1,3450,1630,170,72.52613257134817,1,126,63,43,4,0,589,18,556,65,280,9,30.0,190.0,58,15,220,64,2,2,0,0,8,-23,6,22,0,95,762,62,12,8,1,20,11,24,176,54,1304,24,29,4,1,57.0,0.8275862068965517,0,6,8,8,2,0,0,0,1,0,3,0,48;27;57;35;41;35;49;31;55;33;30;29;48;49;29;34;28;25;33;40;27;41;48;35,55;32;57;54,48,907,198,48,27,30,3,0,0.9,3,3,0,0,33;49;28,56,0,68.0,2642,27,6,7,3,16,24,313,1,2269
2025,CHI,REG,17,334,574,3991,28,7,24,-165,1,1,4944,1874,190,47.89793604026958,-3.426057128305722,1,175,88,60,7,505,2451,19,9,2,142,32.96097338097368,2,67,48,11,0,334,532,3991,28,0,0,4944,1874,190,124.25548239264124,1,174,86,60,7,0,615,27,497,66,282,12,35.0,204.0,84,23,348,75,2,0,0,0,11,-49,10,-5,0,120,970,52,7,8,0,15,4,21,231,68,1792,33,39,4,2,54.0,0.8461538461538461,0,5,11,13,4,0,0,0,1,1,2,0,42;30;46;43;52;51;47;48;41;38;27;39;24;33;32;39;47;24;36;22;38;54;33;48;47;30;33;41;41;46;51;43;29,50;58;45;35,48;47,1295,188,95,42,42,0,0,1.0,2,2,0,0,38;48,60,0,69.0,2870,21,10,8,7,9,26,306,0,2424
2025,CIN,REG,17,412,640,4244,36,17,36,-239,2,1,4707,1954,213,13.347914985647932,1.21882745113812,2,173,78,47,5,381,1591,11,4,2,102,7.009361444607248,0,37,27,8,0,412,608,4244,36,6,4,4707,1954,213,67.33135669777508,2,173,78,47,5,1,603,18,582,56,239,11,34.0,195.0,79,13,125,76,1,0,0,0,5,0,7,11,0,88,633,68,12,0,0,12,7,23,220,81,2058,25,28,3,0,63.0,0.8928571428571429,0,4,6,10,4,1,0,0,0,0,2,1,35;31;45;26;50;45;49;23;45;36;26;41;33;43;48;54;63;31;42;24;33;52;41;45;57,67;56;54,,1018,177,0,41,44,2,1,0.9318181818181818,1,1,0,0,36,65,0,70.0,3285,28,4,10,11,12,28,277,0,2788
2025,CLE,REG,17,323,558,3152,16,18,51,-345,4,3,3785,1732,134,-164.18732132383388,-5.6806103565455395,0,123,63,35,7,421,1649,10,1,1,100,-22.132469403225144,1,41,31,6,1,323,522,3152,16,3,2,3785,1732,134,-52.077358904856865,0,123,63,35,7,0,562,41,577,117,486,15,53.0,377.0,113,11,292,65,3,5,0,0,7,-1,7,47,1,108,840,63,7,7,0,14,7,32,232,67,1587,24,27,3,0,55.0,0.8888888888888888,0,4,10,5,5,0,0,0,1,1,1,0,45;38;35;55;33;31;31;53;32;30;45;29;30;24;46;53;38;50;24;41;50;33;27;49,36;56;47,,922,139,0,25,26,1,0,0.9615384615384616,2,2,0,0,55;49,91,2,67.0,4165,23,14,8,11,17,41,522,2,3423
2025,DAL,REG,17,419,624,4735,31,12,31,-208,2,1,5069,2101,229,113.9334655651819,2.1433439099611915,3,191,93,56,12,465,2136,18,9,5,120,-9.32354839500308,0,46,34,13,3,419,607,4735,31,8,3,5069,2099,229,161.14302527426966,3,191,93,56,12,1,615,18,552,85,365,11,34.0,231.0,108,6,120,42,1,1,1,0,10,-6,6,0,0,133,1136,81,14,6,1,20,9,12,82,82,2097,36,42,6,0,64.0,0.8571428571428571,0,10,5,10,8,3,0,0,0,0,5,1,41;53;51;44;64;46;53;33;22;35;23;28;47;61;29;24;26;50;42;49;36;26;57;42;55;63;29;37;26;41;41;33;42;52;51;22,68;51;51;59;58;57,,1474,344,0,47,48,1,0,0.9791666666666666,2,2,0,0,46;42,41,0,65.0,1994,14,1,1,0,13,26,246,0,1748
2025,DEN,REG,17,388,613,3931,25,11,23,-124,2,1,4488,2093,196,58.83243057615339,-1.325546735770082,4,154,73,47,7,456,2018,18,4,2,111,-9.305635628482706,0,51,36,11,3,388,584,3931,25,1,1,4488,2093,196,111.48689634796874,4,154,73,47,7,1,599,15,533,82,418,9,68.0,424.0,164,10,168,94,1,3,0,0,3,0,4,0,0,124,1149,76,6,4,1,10,6,34,481,59,1491,28,32,3,1,57.0,0.875,0,10,11,3,4,0,0,0,0,2,1,0,39;33;42;26;55;36;57;27;39;42;34;32;29;24;38;54;35;33;33;23;54;21;27;30;24;26;41;23,42;59;44,51,977,145,51,39,39,0,0,1.0,3,3,0,0,39;34;35,75,0,76.0,3573,30,11,3,9,23,29,308,0,3085
2025,DET,REG,17,394,582,4567,35,8,39,-264,3,3,3732,2422,224,103.36001665264264,1.5443891882896423,0,185,101,66,8,442,2041,21,7,4,105,-24.568552161037623,1,44,32,14,7,394,550,4567,35,1,0,3732,2422,224,201.03470354321308,0,185,100,65,8,1,626,10,468,67,360,15,48.0,328.0,102,13,132,93,0,0,1,0,3,-32,6,5,0,104,718,65,7,4,1,11,7,35,291,66,1756,27,34,5,2,59.0,0.7941176470588235,0,6,8,9,4,0,0,0,0,1,3,1,30;27;34;45;48;58;28;58;41;22;28;48;54;37;59;31;38;47;46;24;48;36;48;34;30;25;42,55;67;54;43;53,45;52,1066,272,97,54,56,1,1,0.9642857142857144,1,1,0,0,42,56,0,70.0,2611,28,2,4,2,26,22,173,0,2398
2025,GB,REG,17,328,489,3845,26,7,29,-228,3,2,4283,1665,180,118.79636839653992,5.9501635315625565,2,142,90,58,9,492,2037,18,9,4,124,-15.250886578749302,0,57,38,6,1,328,460,3845,26,3,0,4283,1665,180,184.501743269468,2,142,90,58,9,0,608,22,568,72,277,8,36.0,216.0,105,7,0,59,0,1,0,37,10,-10,7,29,0,105,818,72,11,8,3,19,6,26,146,60,1509,28,34,5,1,61.0,0.8235294117647058,0,10,10,4,3,1,0,0,0,3,1,1,34;38;22;56;39;53;34;43;39;31;61;28;25;49;27;32;30;40;45;53;26;35;37;26;22;28;24;24,48;57;44;43;64,43,1001,256,43,39,42,2,1,0.9285714285714286,0,0,0,0,,49,0,72.0,2533,18,5,3,8,12,21,222,0,2151
2025,HOU,REG,17,364,582,3956,24,9,31,-249,0,0,4765,1634,184,30.940926408704808,-1.55843234946025,1,148,78,48,11,475,1852,9,4,0,99,-44.93582433584685,0,43,29,8,1,364,553,3956,24,3,2,4765,1634,184,99.74850912576684,1,148,78,48,11,0,579,21,477,91,482,14,47.0,366.0,95,19,126,90,1,0,0,1,4,-15,10,64,4,118,989,59,5,3,1,8,3,34,360,54,1407,48,52,3,1,57.0,0.9230769230769232,0,9,12,18,9,0,0,0,0,0,3,0,51;45;53;35;53;27;47;43;50;57;34;36;46;33;34;37;30;23;41;38;40;41;23;41;43;35;24;43;26;23;43;35;28;30;55;22;33;55;50;49;41;44;51;48;29;43;44;43,52;54;51,52,1895,157,52,30,30,0,0,1.0,1,1,0,0,35,72,0,73.0,3424,30,10,10,5,14,33,326,1,2998
2025,IND,REG,17,360,547,4085,25,14,29,-212,8,4,4380,1802,199,47.66947836835752,0.5643467689460179,1,161,88,44,9,442,2007,27,5,1,122,33.99101845990116,1,48,35,10,4,360,530,4085,25,2,1,4380,1802,199,105.67093737042345,1,161,88,44,9,0,682,18,498,85,355,10,39.0,247.0,98,14,107,79,1,1,0,0,10,-7,7,11,0,104,870,60,13,7,2,20,9,22,201,67,1927,34,36,2,0,60.0,0.9444444444444444,0,8,12,7,6,1,0,0,0,0,2,0,24;35;28;48;29;33;36;28;45;24;36;52;38;45;36;43;52;53;34;44;32;23;42;28;36;42;54;60;39;51;33;50;39;22,51;53,,1314,104,0,42,45,3,0,0.9333333333333332,1,1,0,0,45,44,0,59.0,2146,22,4,3,3,15,19,120,0,1966
2025,JAX,REG,17,344,563,4026,29,12,41,-247,3,2,4880,1646,196,41.309487587430226,-1.7126267227655791,0,167,88,57,6,489,1956,22,4,3,124,-8.265188974471178,1,48,28,9,3,344,547,4026,29,3,1,4880,1646,196,110.3755996984092,0,167,88,57,6,2,567,21,497,77,298,11,32.0,226.0,95,22,312,106,2,2,1,0,6,0,9,2,0,128,1080,64,9,5,2,14,6,26,356,58,1591,30,34,4,0,68.0,0.8823529411764706,0,5,9,8,6,2,0,0,0,2,2,0,35;47;36;28;42;25;39;26;44;52;68;33;48;32;53;33;52;52;45;35;48;33;22;47;26;34;42;53;67;52,47;47;50;50,,1249,194,0,50,51,1,0,0.9803921568627452,1,1,0,0,52,60,0,66.0,2878,22,13,5,6,9,27,178,0,2580
2025,KC,REG,17,363,584,3947,23,12,47,-308,5,1,4533,2110,189,24.883655681429087,-0.888184510944971,2,160,76,52,9,430,1812,15,5,2,122,8.470350136755696,0,44,23,3,0,363,549,3947,23,3,0,4533,2110,189,109.25092200330968,2,160,76,52,9,0,608,18,510,74,234,8,33.0,155.0,103,10,64,60,0,2,0,0,13,11,4,1,0,119,951,70,12,5,1,17,3,32,259,66,1727,33,38,5,0,59.0,0.868421052631579,1,9,9,9,5,0,0,0,0,2,3,0,35;59;27;56;54;48;28;38;23;31;33;38;46;19;31;31;28;48;22;25;27;36;27;47;54;41;27;53;47;36;40;47;41,58;40;56;43;51,,1243,248,0,31,35,3,1,0.8857142857142857,1,1,0,0,27,56,0,69.0,2664,25,5,8,3,16,24,291,0,2313
2025,LA,REG,17,388,598,4707,46,8,23,-150,2,2,5428,1850,236,150.45430748211436,1.5916259021594608,0,184,99,72,8,465,2152,17,5,3,126,-4.0547263087043355,0,53,38,12,2,388,581,4707,46,2,2,5428,1850,236,198.64957366533793,0,184,99,72,8,1,622,27,477,66,341,12,47.0,304.0,117,16,240,82,1,0,0,76,4,-30,9,33,0,75,573,67,6,5,0,11,7,28,259,59,1479,22,28,4,2,52.0,0.7857142857142857,0,6,6,8,2,0,0,1,1,1,1,0,21;21;51;28;33;46;42;37;48;36;40;52;26;37;44;23;28;41;35;34;42;40,53;26;39;48,36;44,805,166,80,62,65,1,2,0.953846153846154,0,0,0,0,,50,0,68.0,2315,20,10,5,4,10,21,336,1,1899
2025,LAC,REG,17,367,569,3953,26,14,60,-345,4,2,4546,1762,185,-23.35207905811383,0.5311362171436057,0,151,71,45,8,466,2067,10,5,1,117,-6.312613866059048,1,51,36,14,3,367,544,3953,26,6,2,4546,1762,185,84.81846393936826,0,151,71,45,8,0,596,18,432,90,347,10,45.0,256.0,91,19,127,84,0,1,1,0,8,-5,4,11,0,104,787,58,13,4,2,17,7,21,136,66,1633,38,41,3,0,59.0,0.926829268292683,0,7,14,12,5,0,0,0,1,1,1,0,39;36;38;20;32;24;43;43;55;35;31;29;35;33;43;43;34;45;27;52;32;59;42;41;46;56;45;34;31;46;54;49;23;49;37;27;27;30,49;55;32,,1465,136,0,34,35,1,0,0.9714285714285714,2,2,0,0,43;33,60,0,60.0,2871,23,5,7,4,23,21,305,1,2486
2025,LV,REG,17,340,515,3315,20,19,64,-464,3,1,3208,1806,161,-107.57279016847852,-1.0189383799730525,1,128,59,37,3,369,1317,5,3,2,67,-96.84002493454122,0,31,20,5,2,340,494,3315,20,2,0,3208,1806,161,18.74553884094692,1,128,59,37,3,0,658,24,512,103,363,10,36.0,212.0,82,8,63,52,0,1,1,0,6,-4,8,3,0,108,901,67,7,5,2,12,4,29,173,68,1845,22,27,4,1,60.0,0.8148148148148148,0,5,6,6,4,1,0,0,0,2,2,0,51;40;54;40;37;37;29;24;37;50;29;24;35;45;38;41;46;42;32;23;55;60,58;57;48;48,54,869,211,54,21,22,1,0,0.9545454545454546,1,2,0,1,54;60,72,2,64.0,3409,24,18,4,4,13,33,400,2,2929
2025,MIA,REG,17,322,479,3322,23,18,38,-254,2,1,3362,1807,174,4.929832002705847,1.6554062113617405,1,139,72,43,6,432,2044,14,11,2,104,-12.38100421488462,0,55,43,16,4,322,462,3322,23,3,2,3362,1807,174,66.50963335442844,1,138,72,43,6,1,629,26,526,74,302,11,39.0,242.0,79,9,102,53,0,0,0,10,12,-20,11,19,0,101,811,75,10,9,1,19,6,21,279,65,1716,27,29,2,0,54.0,0.9310344827586208,0,5,8,11,3,0,0,0,1,0,1,0,40;44;47;36;43;47;27;33;26;34;36;49;43;46;46;39;29;39;25;48;33;43;53;54;29;31;52,57;35,,1072,92,0,34,35,1,0,0.9714285714285714,1,1,0,0,29,63,0,64.0,3005,21,5,11,3,19,25,259,1,2686
2025,MIN,REG,17,298,484,3208,18,21,60,-374,6,3,3757,1531,157,-101.06956126373714,-2.945649601582788,2,131,65,39,5,410,1841,15,8,2,102,-12.985479250163696,0,53,38,7,1,298,468,3208,18,2,1,3757,1531,157,26.331830222460397,2,131,65,39,5,0,619,23,583,107,463,18,49.0,327.0,98,8,154,55,1,2,0,41,12,-35,13,74,1,111,886,61,14,9,2,23,9,32,303,67,1741,33,35,2,0,62.0,0.9428571428571428,0,6,9,7,10,1,0,0,0,0,2,0,31;59;33;51;35;62;41;28;59;34;28;35;29;54;50;20;49;43;31;52;59;45;29;53;43;31;30;52;56;42;43;25;37,51;53,,1369,104,0,31,31,0,0,1.0,0,0,0,0,,65,0,77.0,3184,25,7,6,3,22,27,231,0,2893
2025,NE,REG,17,361,502,4459,31,8,48,-201,7,3,4612,1794,206,162.6069075691568,10.68096811036846,1,181,101,69,6,494,2191,22,6,4,128,-14.454265862475497,2,54,41,16,5,361,482,4459,31,2,1,4612,1794,206,246.59391933745815,1,181,101,69,6,3,581,27,485,87,324,10,34.0,203.0,88,10,156,67,1,2,1,0,11,-34,9,22,1,99,854,54,15,5,1,20,8,21,363,57,1451,27,32,4,1,59.0,0.84375,2,6,8,7,4,0,0,0,0,4,0,0,35;44;22;53;30;19;52;24;36;36;32;42;32;44;26;41;45;19;52;22;30;28;23;36;45;41;59,40;45;45;41,38,968,171,38,53,55,2,0,0.9636363636363636,1,1,0,0,52,51,0,73.0,2416,21,6,4,4,15,22,265,1,2071
2025,NO,REG,17,397,591,4027,19,12,49,-299,5,2,4787,1696,183,-24.03273987790199,1.5860825724399552,0,164,65,33,6,435,1603,9,6,4,101,-50.20769786957997,1,34,23,5,0,397,565,4027,19,5,5,4787,1696,183,55.27310990133781,0,164,65,33,6,0,624,22,502,90,363,11,44.0,287.0,84,10,99,79,1,1,0,0,6,-2,10,141,2,118,920,65,14,4,0,18,12,24,219,66,1665,30,42,12,0,57.0,0.7142857142857143,0,8,10,5,7,0,0,0,2,5,4,1,36;28;27;23;54;35;28;53;29;28;34;48;38;54;48;39;20;33;56;30;42;47;35;49;36;50;39;56;57;29,37;40;52;52;46;53;38;47;48;61;43;56,,1181,573,0,28,28,0,0,1.0,0,0,0,0,,56,2,61.0,2511,18,6,10,4,11,25,268,1,2163
2025,NYG,REG,17,323,526,3703,21,10,48,-229,5,2,4473,1767,160,6.615660495767447,-0.8442988393320952,2,141,76,52,9,511,2195,22,5,2,141,14.640233598655977,1,59,38,10,0,323,503,3703,21,3,2,4473,1767,160,82.42191073067954,2,141,76,52,9,1,627,24,476,90,377,9,38.0,258.0,96,9,226,77,0,0,0,0,5,-4,6,47,1,128,1075,67,11,3,2,14,7,26,223,70,1942,23,26,3,0,55.0,0.8846153846153846,1,8,10,3,1,0,0,0,0,1,2,0,21;55;38;33;33;25;22;31;47;34;22;32;19;21;44;27;39;32;23;45;35;23;30,45;52;51,,731,148,0,36,41,4,1,0.8780487804878049,0,0,0,0,,59,0,69.0,2627,17,6,4,4,18,27,368,2,2179
2025,NYJ,REG,17,298,494,2784,15,13,60,-399,5,3,3404,1334,136,-100.8781004056025,-4.104911801168474,4,110,41,27,3,456,2096,11,6,5,115,-30.92052308557818,2,53,41,13,3,298,472,2784,15,1,0,3404,1334,136,7.0117503823860154,4,111,41,26,3,4,610,20,554,77,294,9,26.0,175.0,58,0,0,66,0,0,1,50,7,-1,4,25,0,110,909,75,12,5,0,17,10,34,456,74,2210,28,29,1,0,58.0,0.9655172413793104,0,5,9,7,7,0,0,0,0,0,1,0,35;51;51;38;42;58;50;25;48;52;41;38;34;47;46;25;24;26;37;42;32;56;31;41;51;29;36;39,55,,1125,55,0,22,22,0,0,1.0,1,1,0,0,56,71,0,72.0,3317,32,1,18,6,25,21,133,0,3064
2025,PHI,REG,17,318,497,3498,26,7,35,-195,3,1,4483,1365,166,31.852505132020077,3.037886912452763,0,130,73,42,9,478,1988,17,4,2,114,-10.76669173018914,1,55,39,9,3,318,464,3498,26,2,2,4483,1365,166,97.18829960791598,0,130,73,42,9,2,640,20,482,71,304,12,42.0,250.0,105,12,127,90,1,3,0,96,6,-18,9,5,0,117,1073,59,11,5,2,16,8,22,239,59,1411,20,27,7,0,58.0,0.7407407407407407,0,3,6,7,4,0,0,0,0,3,4,0,58;58;51;39;31;42;40;39;27;34;49;44;41;30;54;44;27;47;28;39,42;58;56;52;48;43;52,,822,351,0,41,42,1,0,0.9761904761904762,0,0,0,0,,72,0,70.0,3591,20,12,7,8,12,33,350,0,3081
2025,PIT,REG,17,365,550,3632,26,9,31,-192,4,2,3280,2373,160,29.334570500773772,0.589642157043077,1,136,66,41,7,407,1756,16,3,0,109,3.6057696840679863,0,44,30,11,3,365,522,3632,26,6,3,3280,2373,160,91.51002695320383,1,136,66,41,7,0,667,17,535,89,365,17,48.0,291.0,112,15,182,90,1,1,1,0,8,-10,12,28,2,101,803,73,15,2,3,17,6,28,247,63,1524,27,32,4,1,60.0,0.84375,0,6,2,10,8,1,0,0,1,1,2,0,56;60;48;48;45;33;44;50;48;41;56;50;48;56;25;46;59;25;30;23;28;59;23;44;40;57;25,54;45;37;54,30,1167,190,30,42,43,0,1,0.9767441860465116,0,0,0,0,,62,0,67.0,2823,26,3,9,3,22,25,175,0,2588
2025,SEA,REG,17,325,481,4063,25,15,27,-186,7,5,3758,1794,179,68.31457785128048,4.954816476329342,2,165,86,57,12,507,2096,19,7,3,125,-36.85187089031154,1,55,37,18,1,325,455,4063,25,8,3,3758,1794,179,133.56161100997193,2,165,86,57,12,4,638,26,522,88,374,9,47.0,322.0,122,18,252,96,1,2,0,8,10,-4,7,64,2,100,793,69,18,8,3,26,13,29,448,46,1287,41,48,6,1,57.0,0.8541666666666666,0,5,14,13,9,0,0,1,1,2,1,1,48;37;54;56;46;37;44;31;52;24;53;26;47;41;46;32;34;57;30;22;29;47;30;36;33;56;54;40;22;48;37;47;52;46;32;30;56;48;30;45;31,36;53;44;61;47;26,53,1666,267,53,48,48,0,0,1.0,1,2,1,0,52;61,52,0,60.0,2548,20,6,7,3,17,19,295,1,2193
2025,SF,REG,17,398,574,4318,33,16,27,-161,6,4,4296,1806,237,107.04416278589989,5.434170614589345,2,189,81,51,4,481,1817,15,2,0,119,-18.482486216283306,0,46,29,4,1,398,550,4318,33,3,2,4296,1806,237,161.2316002837077,2,189,81,51,4,0,600,17,543,65,267,13,20.0,159.0,58,6,168,56,1,2,0,0,7,3,10,0,0,83,651,70,11,2,0,13,6,25,291,51,1385,33,36,2,1,59.0,0.9166666666666666,0,7,9,11,6,0,0,1,0,0,0,1,32;44;46;38;51;35;26;23;37;20;59;41;52;54;42;29;55;43;54;33;48;47;47;47;29;25;31;33;37;40;25;38;48,27;64,36,1309,91,36,40,44,2,2,0.9090909090909092,2,2,0,0,35;41,44,0,55.0,1919,22,1,4,1,16,22,281,1,1618
2025,TB,REG,17,351,558,3755,26,11,38,-255,10,3,4504,1975,174,-11.82097612239298,-2.4830464514698867,2,148,78,55,7,472,1947,13,3,1,115,0.8377106911577213,0,48,34,9,1,351,541,3755,26,1,1,4504,1975,174,63.358604733214136,2,148,78,55,7,0,614,17,409,83,420,12,37.0,283.0,90,13,120,69,2,2,1,0,12,-11,10,0,0,95,737,65,12,6,1,18,5,26,291,61,1484,32,38,3,3,65.0,0.8421052631578947,0,6,9,6,10,1,0,0,1,2,0,0,48;54;33;28;55;36;42;65;58;30;36;39;45;53;55;52;54;36;23;24;25;57;41;37;49;52;23;50;33;29;36;48,44;38;49,43;55;38,1346,131,136,32,33,1,0,0.9696969696969696,2,2,0,0,36;39,63,2,62.0,2815,29,4,10,4,21,24,205,0,2530
2025,TEN,REG,17,340,570,3241,15,8,56,-417,9,7,4014,1627,156,-133.12214194383415,-3.5054351493631732,0,128,59,41,3,378,1589,9,4,2,85,-25.112890079635353,0,40,20,10,2,340,530,3241,15,1,1,4014,1627,156,12.225522910704129,0,128,59,41,3,2,615,30,456,83,365,7,42.0,302.0,98,6,76,63,1,1,1,7,6,-2,7,30,1,130,1011,58,13,4,0,17,11,24,399,65,1669,29,36,6,1,58.0,0.8055555555555556,0,6,6,8,9,0,0,0,0,2,3,1,50;33;42;35;55;37;57;35;57;42;44;51;29;46;49;50;49;37;56;47;22;28;41;25;27;50;38;28;58,64;41;43;58;50;52,62,1218,308,62,27,28,1,0,0.9642857142857144,1,1,0,0,29,78,0,65.0,3653,22,6,6,7,21,38,366,0,3147
2025,WAS,REG,17,287,469,3329,19,12,37,-200,5,2,3998,1429,159,-6.4079823997607095,0.680194146655224,2,137,68,40,8,484,2290,20,11,7,123,4.717243700289851,1,60,42,11,5,287,432,3329,19,2,0,3998,1429,159,85.15320826838457,2,137,68,40,8,2,627,18,548,69,282,11,42.0,249.0,94,8,113,70,0,3,1,0,11,-17,2,0,0,117,913,69,16,8,2,24,11,26,315,71,1918,23,30,7,0,56.0,0.7666666666666667,0,5,5,7,6,0,0,1,1,0,5,0,51;46;56;43;52;41;42;29;36;53;44;26;30;38;32;46;39;42;20;29;23;51;56,58;52;37;50;51;56;24,,925,328,0,33,34,1,0,0.9705882352941176,0,0,0,0,,56,0,71.0,2651,29,0,9,4,18,25,114,0,2457
